Workbook

Sheet Dashboard
B2: R5B E2A 12FP COLD T5 · RELEASED TO DATE | L2: VIEW REPEATER ▸ | M2: All | N2: =IF(M2="All","Required = release qty","Required = default qty for rep "&M2) -> Required = release qty
B3: ="Contract "&'Kitting Plan'!B21&" · "&'Kitting Plan'!B22&" · "&'Kitting Plan'!B23&" · "&'Kitting Plan'!B24&" · Repeaters "&'Kitting Plan'!B26 -> Contract R5B · E2A 12FP Cold T5 · 92ERP12548A++ · 12FP · Repeaters 1-13 · 13 to release | M3: Pick All or 1–13
B6: ASSEMBLIES | D6: REQUIRED QTY | E6: WO COVERAGE | H6: WORK ORDERS | J6: SHORT / OVER | L6: REPEATER SETS
B7: =COUNTA(C21:C34) -> 14 | D7: =SUM(G21:G34) -> 663 | E7: =IF(SUM(G21:G34)=0,0,SUM(P21:P34)/SUM(G21:G34)) -> 1 | H7: =COUNTIF('Work Orders'!$A$6:$A$1005,"?*") -> 691 | J7: =COUNTIF(J21:J34,"SHORT*")+COUNTIF(J21:J34,"OVER") -> 6 | L7: =MIN(Q21:Q34) -> 13
B8: ="6 sequences · "&(COUNTIF(J21:J34,"COVERED")+COUNTIF(J21:J34,"OVER"))&" fully covered" -> 6 sequences · 14 fully covered | D8: =IF($M$2="All","units · release across 13 repeaters","units · default qty, repeater "&$M$2) -> units · release across 13 repeaters | E8: =TEXT(SUM(P21:P34),"#,##0")&" of "&TEXT(SUM(G21:G34),"#,##0")&" units on WOs" -> 663 of 663 units on WOs | H8: =COUNTIFS('Work Orders'!$A$6:$A$1005,"?*",'Work Orders'!$I$6:$I$1005,"Delivered")&" delivered · "&(COUNTIF('Work Orders'!$A$6:$A$1005,"?*")-COUNTIFS('Work Orders'!$A$6:$A$1005,"?*",'Work Orders'!$I$6:$I$1005,"Delivered"))&" open" -> 414 delivered · 277 open | J8: =COUNTIF(J21:J34,"SHORT*")&" short · "&COUNTIF(J21:J34,"OVER")&" over" -> 0 short · 6 over | L8: ="full sets released (of 13) · "&MIN(R21:R34)&" fully delivered" -> full sets released (of 13) · 5 fully delivered
B10: COVERAGE BY SEQUENCE | I10: WORK-ORDER PIPELINE
B11: Sequence | C11: Codes | D11: Coverage | E11: Required | F11: WO Qty | G11: % | I11: Status | J11: WOs | K11: Qty | L11: Share of WOs
B12: LASER ASSY | C12: =COUNTIF($B$21:$B$34,B12) -> 2 | D12: =G12 -> 1 | E12: =SUMIFS($G$21:$G$34,$B$21:$B$34,B12) -> 39 | F12: =SUMIFS($P$21:$P$34,$B$21:$B$34,B12) -> 39 | G12: =IF(E12=0,0,F12/E12) -> 1 | I12: Planned | J12: =COUNTIFS('Work Orders'!$A$6:$A$1005,"?*",'Work Orders'!$I$6:$I$1005,"Planned")+COUNTIFS('Work Orders'!$A$6:$A$1005,"?*",'Work Orders'!$I$6:$I$1005,"") -> 0 | K12: =SUMIFS('Work Orders'!$H$6:$H$1005,'Work Orders'!$A$6:$A$1005,"?*",'Work Orders'!$I$6:$I$1005,"Planned")+SUMIFS('Work Orders'!$H$6:$H$1005,'Work Orders'!$A$6:$A$1005,"?*",'Work Orders'!$I$6:$I$1005,"") -> 0 | L12: =IF($H$7=0,0,J12/$H$7) -> 0
B13: PSB ASSY | C13: =COUNTIF($B$21:$B$34,B13) -> 1 | D13: =G13 -> 1 | E13: =SUMIFS($G$21:$G$34,$B$21:$B$34,B13) -> 39 | F13: =SUMIFS($P$21:$P$34,$B$21:$B$34,B13) -> 39 | G13: =IF(E13=0,0,F13/E13) -> 1 | I13: Released | J13: =COUNTIFS('Work Orders'!$A$6:$A$1005,"?*",'Work Orders'!$I$6:$I$1005,"Released") -> 93 | K13: =SUMIFS('Work Orders'!$H$6:$H$1005,'Work Orders'!$A$6:$A$1005,"?*",'Work Orders'!$I$6:$I$1005,"Released") -> 93 | L13: =IF($H$7=0,0,J13/$H$7) -> 0.13458755
B14: OPF ASSY | C14: =COUNTIF($B$21:$B$34,B14) -> 2 | D14: =G14 -> 1 | E14: =SUMIFS($G$21:$G$34,$B$21:$B$34,B14) -> 39 | F14: =SUMIFS($P$21:$P$34,$B$21:$B$34,B14) -> 39 | G14: =IF(E14=0,0,F14/E14) -> 1 | I14: In Progress | J14: =COUNTIFS('Work Orders'!$A$6:$A$1005,"?*",'Work Orders'!$I$6:$I$1005,"In Progress") -> 184 | K14: =SUMIFS('Work Orders'!$H$6:$H$1005,'Work Orders'!$A$6:$A$1005,"?*",'Work Orders'!$I$6:$I$1005,"In Progress") -> 184 | L14: =IF($H$7=0,0,J14/$H$7) -> 0.26628075
B15: POB ASSY | C15: =COUNTIF($B$21:$B$34,B15) -> 1 | D15: =G15 -> 1 | E15: =SUMIFS($G$21:$G$34,$B$21:$B$34,B15) -> 39 | F15: =SUMIFS($P$21:$P$34,$B$21:$B$34,B15) -> 39 | G15: =IF(E15=0,0,F15/E15) -> 1 | I15: Delivered | J15: =COUNTIFS('Work Orders'!$A$6:$A$1005,"?*",'Work Orders'!$I$6:$I$1005,"Delivered") -> 414 | K15: =SUMIFS('Work Orders'!$H$6:$H$1005,'Work Orders'!$A$6:$A$1005,"?*",'Work Orders'!$I$6:$I$1005,"Delivered") -> 414 | L15: =IF($H$7=0,0,J15/$H$7) -> 0.59913169
B16: ERBIUM ASSY | C16: =COUNTIF($B$21:$B$34,B16) -> 5 | D16: =G16 -> 1 | E16: =SUMIFS($G$21:$G$34,$B$21:$B$34,B16) -> 468 | F16: =SUMIFS($P$21:$P$34,$B$21:$B$34,B16) -> 468 | G16: =IF(E16=0,0,F16/E16) -> 1 | I16: Total | J16: =SUM(J12:J15) -> 691 | K16: =SUM(K12:K15) -> 691
B17: BOAT ASSY | C17: =COUNTIF($B$21:$B$34,B17) -> 3 | D17: =G17 -> 1 | E17: =SUMIFS($G$21:$G$34,$B$21:$B$34,B17) -> 39 | F17: =SUMIFS($P$21:$P$34,$B$21:$B$34,B17) -> 39 | G17: =IF(E17=0,0,F17/E17) -> 1 | I17: =IF(COUNTIF('Kitting Plan'!I5:I18,"CHECK*")=0,"✓ Every release qty = default qty × repeaters","⚠ "&COUNTIF('Kitting Plan'!I5:I18,"CHECK*")&" code(s): release qty ≠ default × repeaters — see Kitting Plan") -> ✓ Every release qty = default qty × repeaters
B19: ASSEMBLY LEDGER | D19: Coverage = WO qty ÷ required qty for the selected view. Repeater views count each 'All' WO split evenly across the repeaters being released.
B20: Sequence | C20: Assy Code | D20: Description | E20: Release | F20: Default / Rep | G20: Required | H20: WO Qty | I20: Coverage | J20: Status | K20: WOs | L20: Delivered | M20: Open WOs | N20: Latest WO
B21: ='Kitting Plan'!B5 -> LASER ASSY | C21: ='Kitting Plan'!C5 -> 92YLS00548BAA | D21: ='Kitting Plan'!D5 -> R5B LASER ASSEMBLY 4P BOAT 1 - E2A | E21: ='Kitting Plan'!E5 -> 13 | F21: ='Kitting Plan'!H5 -> 1 | G21: =IF($M$2="All",E21,F21) -> 13 | H21: =IF($M$2="All",SUMIFS('Work Orders'!$H$6:$H$1005,'Work Orders'!$B$6:$B$1005,C21),SUMIFS('Work Orders'!$H$6:$H$1005,'Work Orders'!$B$6:$B$1005,C21,'Work Orders'!$E$6:$E$1005,$M$2)+(SUMIFS('Work Orders'!$H$6:$H$1005,'Work Orders'!$B$6:$B$1005,C21,'Work Orders'!$E$6:$E$1005,"All")+SUMIFS('Work Orders'!$H$6:$H$1005,'Work Orders'!$B$6:$B$1005,C21,'Work Orders'!$E$6:$E$1005,""))/'Kitting Plan'!G5) -> 14 | I21: =IF(G21=0,0,H21/G21) -> 1.0769231 | J21: =IF(H21=0,"NO WO",IF(H21>G21+0.0001,"OVER",IF(H21>=G21-0.0001,"COVERED","SHORT "&ROUND(G21-H21,1)))) -> OVER | K21: =COUNTIFS('Work Orders'!$B$6:$B$1005,C21,'Work Orders'!$A$6:$A$1005,"?*") -> 14 | L21: =SUMIFS('Work Orders'!$H$6:$H$1005,'Work Orders'!$B$6:$B$1005,C21,'Work Orders'!$I$6:$I$1005,"Delivered") -> 9 | M21: =K21-COUNTIFS('Work Orders'!$B$6:$B$1005,C21,'Work Orders'!$A$6:$A$1005,"?*",'Work Orders'!$I$6:$I$1005,"Delivered") -> 5 | N21: =IF(K21=0,"–",_xlfn.MAXIFS('Work Orders'!$A$6:$A$1005,'Work Orders'!$B$6:$B$1005,C21)) -> 100880245 | P21: =MIN(H21,G21) -> 13 | Q21: =IF(F21=0,0,INT(H21/F21)) -> 14 | R21: =IF(F21=0,0,INT(L21/F21)) -> 9
B22: ='Kitting Plan'!B6 -> LASER ASSY | C22: ='Kitting Plan'!C6 -> 92YLS00548BBA | D22: ='Kitting Plan'!D6 -> R5B LASER ASSEMBLY 4P BOAT 2/3 - E2A | E22: ='Kitting Plan'!E6 -> 26 | F22: ='Kitting Plan'!H6 -> 2 | G22: =IF($M$2="All",E22,F22) -> 26 | H22: =IF($M$2="All",SUMIFS('Work Orders'!$H$6:$H$1005,'Work Orders'!$B$6:$B$1005,C22),SUMIFS('Work Orders'!$H$6:$H$1005,'Work Orders'!$B$6:$B$1005,C22,'Work Orders'!$E$6:$E$1005,$M$2)+(SUMIFS('Work Orders'!$H$6:$H$1005,'Work Orders'!$B$6:$B$1005,C22,'Work Orders'!$E$6:$E$1005,"All")+SUMIFS('Work Orders'!$H$6:$H$1005,'Work Orders'!$B$6:$B$1005,C22,'Work Orders'!$E$6:$E$1005,""))/'Kitting Plan'!G6) -> 26 | I22: =IF(G22=0,0,H22/G22) -> 1 | J22: =IF(H22=0,"NO WO",IF(H22>G22+0.0001,"OVER",IF(H22>=G22-0.0001,"COVERED","SHORT "&ROUND(G22-H22,1)))) -> COVERED | K22: =COUNTIFS('Work Orders'!$B$6:$B$1005,C22,'Work Orders'!$A$6:$A$1005,"?*") -> 26 | L22: =SUMIFS('Work Orders'!$H$6:$H$1005,'Work Orders'!$B$6:$B$1005,C22,'Work Orders'!$I$6:$I$1005,"Delivered") -> 17 | M22: =K22-COUNTIFS('Work Orders'!$B$6:$B$1005,C22,'Work Orders'!$A$6:$A$1005,"?*",'Work Orders'!$I$6:$I$1005,"Delivered") -> 9 | N22: =IF(K22=0,"–",_xlfn.MAXIFS('Work Orders'!$A$6:$A$1005,'Work Orders'!$B$6:$B$1005,C22)) -> 100880247 | P22: =MIN(H22,G22) -> 26 | Q22: =IF(F22=0,0,INT(H22/F22)) -> 13 | R22: =IF(F22=0,0,INT(L22/F22)) -> 8
B23: ='Kitting Plan'!B7 -> PSB ASSY | C23: ='Kitting Plan'!C7 -> 91YAF03404AAA | D23: ='Kitting Plan'!D7 -> R5B PSB SUB ASSEMBLY 4P-4FP | E23: ='Kitting Plan'!E7 -> 39 | F23: ='Kitting Plan'!H7 -> 3 | G23: =IF($M$2="All",E23,F23) -> 39 | H23: =IF($M$2="All",SUMIFS('Work Orders'!$H$6:$H$1005,'Work Orders'!$B$6:$B$1005,C23),SUMIFS('Work Orders'!$H$6:$H$1005,'Work Orders'!$B$6:$B$1005,C23,'Work Orders'!$E$6:$E$1005,$M$2)+(SUMIFS('Work Orders'!$H$6:$H$1005,'Work Orders'!$B$6:$B$1005,C23,'Work Orders'!$E$6:$E$1005,"All")+SUMIFS('Work Orders'!$H$6:$H$1005,'Work Orders'!$B$6:$B$1005,C23,'Work Orders'!$E$6:$E$1005,""))/'Kitting Plan'!G7) -> 51 | I23: =IF(G23=0,0,H23/G23) -> 1.3076923 | J23: =IF(H23=0,"NO WO",IF(H23>G23+0.0001,"OVER",IF(H23>=G23-0.0001,"COVERED","SHORT "&ROUND(G23-H23,1)))) -> OVER | K23: =COUNTIFS('Work Orders'!$B$6:$B$1005,C23,'Work Orders'!$A$6:$A$1005,"?*") -> 51 | L23: =SUMIFS('Work Orders'!$H$6:$H$1005,'Work Orders'!$B$6:$B$1005,C23,'Work Orders'!$I$6:$I$1005,"Delivered") -> 38 | M23: =K23-COUNTIFS('Work Orders'!$B$6:$B$1005,C23,'Work Orders'!$A$6:$A$1005,"?*",'Work Orders'!$I$6:$I$1005,"Delivered") -> 13 | N23: =IF(K23=0,"–",_xlfn.MAXIFS('Work Orders'!$A$6:$A$1005,'Work Orders'!$B$6:$B$1005,C23)) -> 100880250 | P23: =MIN(H23,G23) -> 39 | Q23: =IF(F23=0,0,INT(H23/F23)) -> 17 | R23: =IF(F23=0,0,INT(L23/F23)) -> 12
B24: ='Kitting Plan'!B8 -> OPF ASSY | C24: ='Kitting Plan'!C8 -> 92YFD04548BAA | D24: ='Kitting Plan'!D8 -> R5B OPF ASSEMBLY (4P-4FP) BOAT 1 - E2A | E24: ='Kitting Plan'!E8 -> 13 | F24: ='Kitting Plan'!H8 -> 1 | G24: =IF($M$2="All",E24,F24) -> 13 | H24: =IF($M$2="All",SUMIFS('Work Orders'!$H$6:$H$1005,'Work Orders'!$B$6:$B$1005,C24),SUMIFS('Work Orders'!$H$6:$H$1005,'Work Orders'!$B$6:$B$1005,C24,'Work Orders'!$E$6:$E$1005,$M$2)+(SUMIFS('Work Orders'!$H$6:$H$1005,'Work Orders'!$B$6:$B$1005,C24,'Work Orders'!$E$6:$E$1005,"All")+SUMIFS('Work Orders'!$H$6:$H$1005,'Work Orders'!$B$6:$B$1005,C24,'Work Orders'!$E$6:$E$1005,""))/'Kitting Plan'!G8) -> 14 | I24: =IF(G24=0,0,H24/G24) -> 1.0769231 | J24: =IF(H24=0,"NO WO",IF(H24>G24+0.0001,"OVER",IF(H24>=G24-0.0001,"COVERED","SHORT "&ROUND(G24-H24,1)))) -> OVER | K24: =COUNTIFS('Work Orders'!$B$6:$B$1005,C24,'Work Orders'!$A$6:$A$1005,"?*") -> 14 | L24: =SUMIFS('Work Orders'!$H$6:$H$1005,'Work Orders'!$B$6:$B$1005,C24,'Work Orders'!$I$6:$I$1005,"Delivered") -> 8 | M24: =K24-COUNTIFS('Work Orders'!$B$6:$B$1005,C24,'Work Orders'!$A$6:$A$1005,"?*",'Work Orders'!$I$6:$I$1005,"Delivered") -> 6 | N24: =IF(K24=0,"–",_xlfn.MAXIFS('Work Orders'!$A$6:$A$1005,'Work Orders'!$B$6:$B$1005,C24)) -> 100880251 | P24: =MIN(H24,G24) -> 13 | Q24: =IF(F24=0,0,INT(H24/F24)) -> 14 | R24: =IF(F24=0,0,INT(L24/F24)) -> 8
B25: ='Kitting Plan'!B9 -> OPF ASSY | C25: ='Kitting Plan'!C9 -> 92YFD04548BBA | D25: ='Kitting Plan'!D9 -> R5B OPF ASSEMBLY (4P-4FP) BOAT 2/3 - E2A | E25: ='Kitting Plan'!E9 -> 26 | F25: ='Kitting Plan'!H9 -> 2 | G25: =IF($M$2="All",E25,F25) -> 26 | H25: =IF($M$2="All",SUMIFS('Work Orders'!$H$6:$H$1005,'Work Orders'!$B$6:$B$1005,C25),SUMIFS('Work Orders'!$H$6:$H$1005,'Work Orders'!$B$6:$B$1005,C25,'Work Orders'!$E$6:$E$1005,$M$2)+(SUMIFS('Work Orders'!$H$6:$H$1005,'Work Orders'!$B$6:$B$1005,C25,'Work Orders'!$E$6:$E$1005,"All")+SUMIFS('Work Orders'!$H$6:$H$1005,'Work Orders'!$B$6:$B$1005,C25,'Work Orders'!$E$6:$E$1005,""))/'Kitting Plan'!G9) -> 26 | I25: =IF(G25=0,0,H25/G25) -> 1 | J25: =IF(H25=0,"NO WO",IF(H25>G25+0.0001,"OVER",IF(H25>=G25-0.0001,"COVERED","SHORT "&ROUND(G25-H25,1)))) -> COVERED | K25: =COUNTIFS('Work Orders'!$B$6:$B$1005,C25,'Work Orders'!$A$6:$A$1005,"?*") -> 26 | L25: =SUMIFS('Work Orders'!$H$6:$H$1005,'Work Orders'!$B$6:$B$1005,C25,'Work Orders'!$I$6:$I$1005,"Delivered") -> 15 | M25: =K25-COUNTIFS('Work Orders'!$B$6:$B$1005,C25,'Work Orders'!$A$6:$A$1005,"?*",'Work Orders'!$I$6:$I$1005,"Delivered") -> 11 | N25: =IF(K25=0,"–",_xlfn.MAXIFS('Work Orders'!$A$6:$A$1005,'Work Orders'!$B$6:$B$1005,C25)) -> 100880253 | P25: =MIN(H25,G25) -> 26 | Q25: =IF(F25=0,0,INT(H25/F25)) -> 13 | R25: =IF(F25=0,0,INT(L25/F25)) -> 7
B26: ='Kitting Plan'!B10 -> POB ASSY | C26: ='Kitting Plan'!C10 -> 92YWS04548AAA | D26: ='Kitting Plan'!D10 -> R5B 4FP POB LUMENTUM SUB ASSEMBLY - E2A | E26: ='Kitting Plan'!E10 -> 39 | F26: ='Kitting Plan'!H10 -> 3 | G26: =IF($M$2="All",E26,F26) -> 39 | H26: =IF($M$2="All",SUMIFS('Work Orders'!$H$6:$H$1005,'Work Orders'!$B$6:$B$1005,C26),SUMIFS('Work Orders'!$H$6:$H$1005,'Work Orders'!$B$6:$B$1005,C26,'Work Orders'!$E$6:$E$1005,$M$2)+(SUMIFS('Work Orders'!$H$6:$H$1005,'Work Orders'!$B$6:$B$1005,C26,'Work Orders'!$E$6:$E$1005,"All")+SUMIFS('Work Orders'!$H$6:$H$1005,'Work Orders'!$B$6:$B$1005,C26,'Work Orders'!$E$6:$E$1005,""))/'Kitting Plan'!G10) -> 39 | I26: =IF(G26=0,0,H26/G26) -> 1 | J26: =IF(H26=0,"NO WO",IF(H26>G26+0.0001,"OVER",IF(H26>=G26-0.0001,"COVERED","SHORT "&ROUND(G26-H26,1)))) -> COVERED | K26: =COUNTIFS('Work Orders'!$B$6:$B$1005,C26,'Work Orders'!$A$6:$A$1005,"?*") -> 39 | L26: =SUMIFS('Work Orders'!$H$6:$H$1005,'Work Orders'!$B$6:$B$1005,C26,'Work Orders'!$I$6:$I$1005,"Delivered") -> 27 | M26: =K26-COUNTIFS('Work Orders'!$B$6:$B$1005,C26,'Work Orders'!$A$6:$A$1005,"?*",'Work Orders'!$I$6:$I$1005,"Delivered") -> 12 | N26: =IF(K26=0,"–",_xlfn.MAXIFS('Work Orders'!$A$6:$A$1005,'Work Orders'!$B$6:$B$1005,C26)) -> 100880256 | P26: =MIN(H26,G26) -> 39 | Q26: =IF(F26=0,0,INT(H26/F26)) -> 13 | R26: =IF(F26=0,0,INT(L26/F26)) -> 9
B27: ='Kitting Plan'!B11 -> ERBIUM ASSY | C27: ='Kitting Plan'!C11 -> 92RRA00548AAA | D27: ='Kitting Plan'!D11 -> R5B ERBIUM SPOOL ASSEMBLY - E2A | E27: ='Kitting Plan'!E11 -> 312 | F27: ='Kitting Plan'!H11 -> 24 | G27: =IF($M$2="All",E27,F27) -> 312 | H27: =IF($M$2="All",SUMIFS('Work Orders'!$H$6:$H$1005,'Work Orders'!$B$6:$B$1005,C27),SUMIFS('Work Orders'!$H$6:$H$1005,'Work Orders'!$B$6:$B$1005,C27,'Work Orders'!$E$6:$E$1005,$M$2)+(SUMIFS('Work Orders'!$H$6:$H$1005,'Work Orders'!$B$6:$B$1005,C27,'Work Orders'!$E$6:$E$1005,"All")+SUMIFS('Work Orders'!$H$6:$H$1005,'Work Orders'!$B$6:$B$1005,C27,'Work Orders'!$E$6:$E$1005,""))/'Kitting Plan'!G11) -> 322 | I27: =IF(G27=0,0,H27/G27) -> 1.0320513 | J27: =IF(H27=0,"NO WO",IF(H27>G27+0.0001,"OVER",IF(H27>=G27-0.0001,"COVERED","SHORT "&ROUND(G27-H27,1)))) -> OVER | K27: =COUNTIFS('Work Orders'!$B$6:$B$1005,C27,'Work Orders'!$A$6:$A$1005,"?*") -> 322 | L27: =SUMIFS('Work Orders'!$H$6:$H$1005,'Work Orders'!$B$6:$B$1005,C27,'Work Orders'!$I$6:$I$1005,"Delivered") -> 202 | M27: =K27-COUNTIFS('Work Orders'!$B$6:$B$1005,C27,'Work Orders'!$A$6:$A$1005,"?*",'Work Orders'!$I$6:$I$1005,"Delivered") -> 120 | N27: =IF(K27=0,"–",_xlfn.MAXIFS('Work Orders'!$A$6:$A$1005,'Work Orders'!$B$6:$B$1005,C27)) -> 100880280 | P27: =MIN(H27,G27) -> 312 | Q27: =IF(F27=0,0,INT(H27/F27)) -> 13 | R27: =IF(F27=0,0,INT(L27/F27)) -> 8
B28: ='Kitting Plan'!B12 -> ERBIUM ASSY | C28: ='Kitting Plan'!C12 -> 92YRA01548AAA | D28: ='Kitting Plan'!D12 -> R5B ERBIUM ASSEMBLY POSITION 1 | E28: ='Kitting Plan'!E12 -> 39 | F28: ='Kitting Plan'!H12 -> 3 | G28: =IF($M$2="All",E28,F28) -> 39 | H28: =IF($M$2="All",SUMIFS('Work Orders'!$H$6:$H$1005,'Work Orders'!$B$6:$B$1005,C28),SUMIFS('Work Orders'!$H$6:$H$1005,'Work Orders'!$B$6:$B$1005,C28,'Work Orders'!$E$6:$E$1005,$M$2)+(SUMIFS('Work Orders'!$H$6:$H$1005,'Work Orders'!$B$6:$B$1005,C28,'Work Orders'!$E$6:$E$1005,"All")+SUMIFS('Work Orders'!$H$6:$H$1005,'Work Orders'!$B$6:$B$1005,C28,'Work Orders'!$E$6:$E$1005,""))/'Kitting Plan'!G12) -> 40 | I28: =IF(G28=0,0,H28/G28) -> 1.025641 | J28: =IF(H28=0,"NO WO",IF(H28>G28+0.0001,"OVER",IF(H28>=G28-0.0001,"COVERED","SHORT "&ROUND(G28-H28,1)))) -> OVER | K28: =COUNTIFS('Work Orders'!$B$6:$B$1005,C28,'Work Orders'!$A$6:$A$1005,"?*") -> 40 | L28: =SUMIFS('Work Orders'!$H$6:$H$1005,'Work Orders'!$B$6:$B$1005,C28,'Work Orders'!$I$6:$I$1005,"Delivered") -> 22 | M28: =K28-COUNTIFS('Work Orders'!$B$6:$B$1005,C28,'Work Orders'!$A$6:$A$1005,"?*",'Work Orders'!$I$6:$I$1005,"Delivered") -> 18 | N28: =IF(K28=0,"–",_xlfn.MAXIFS('Work Orders'!$A$6:$A$1005,'Work Orders'!$B$6:$B$1005,C28)) -> 100880307 | P28: =MIN(H28,G28) -> 39 | Q28: =IF(F28=0,0,INT(H28/F28)) -> 13 | R28: =IF(F28=0,0,INT(L28/F28)) -> 7
B29: ='Kitting Plan'!B13 -> ERBIUM ASSY | C29: ='Kitting Plan'!C13 -> 92YRA02548AAA | D29: ='Kitting Plan'!D13 -> R5B ERBIUM ASSEMBLY POSITION 2 | E29: ='Kitting Plan'!E13 -> 39 | F29: ='Kitting Plan'!H13 -> 3 | G29: =IF($M$2="All",E29,F29) -> 39 | H29: =IF($M$2="All",SUMIFS('Work Orders'!$H$6:$H$1005,'Work Orders'!$B$6:$B$1005,C29),SUMIFS('Work Orders'!$H$6:$H$1005,'Work Orders'!$B$6:$B$1005,C29,'Work Orders'!$E$6:$E$1005,$M$2)+(SUMIFS('Work Orders'!$H$6:$H$1005,'Work Orders'!$B$6:$B$1005,C29,'Work Orders'!$E$6:$E$1005,"All")+SUMIFS('Work Orders'!$H$6:$H$1005,'Work Orders'!$B$6:$B$1005,C29,'Work Orders'!$E$6:$E$1005,""))/'Kitting Plan'!G13) -> 39 | I29: =IF(G29=0,0,H29/G29) -> 1 | J29: =IF(H29=0,"NO WO",IF(H29>G29+0.0001,"OVER",IF(H29>=G29-0.0001,"COVERED","SHORT "&ROUND(G29-H29,1)))) -> COVERED | K29: =COUNTIFS('Work Orders'!$B$6:$B$1005,C29,'Work Orders'!$A$6:$A$1005,"?*") -> 39 | L29: =SUMIFS('Work Orders'!$H$6:$H$1005,'Work Orders'!$B$6:$B$1005,C29,'Work Orders'!$I$6:$I$1005,"Delivered") -> 20 | M29: =K29-COUNTIFS('Work Orders'!$B$6:$B$1005,C29,'Work Orders'!$A$6:$A$1005,"?*",'Work Orders'!$I$6:$I$1005,"Delivered") -> 19 | N29: =IF(K29=0,"–",_xlfn.MAXIFS('Work Orders'!$A$6:$A$1005,'Work Orders'!$B$6:$B$1005,C29)) -> 100880286 | P29: =MIN(H29,G29) -> 39 | Q29: =IF(F29=0,0,INT(H29/F29)) -> 13 | R29: =IF(F29=0,0,INT(L29/F29)) -> 6
B30: ='Kitting Plan'!B14 -> ERBIUM ASSY | C30: ='Kitting Plan'!C14 -> 92YRA03548AAA | D30: ='Kitting Plan'!D14 -> R5B ERBIUM ASSEMBLY POSITION 3 | E30: ='Kitting Plan'!E14 -> 39 | F30: ='Kitting Plan'!H14 -> 3 | G30: =IF($M$2="All",E30,F30) -> 39 | H30: =IF($M$2="All",SUMIFS('Work Orders'!$H$6:$H$1005,'Work Orders'!$B$6:$B$1005,C30),SUMIFS('Work Orders'!$H$6:$H$1005,'Work Orders'!$B$6:$B$1005,C30,'Work Orders'!$E$6:$E$1005,$M$2)+(SUMIFS('Work Orders'!$H$6:$H$1005,'Work Orders'!$B$6:$B$1005,C30,'Work Orders'!$E$6:$E$1005,"All")+SUMIFS('Work Orders'!$H$6:$H$1005,'Work Orders'!$B$6:$B$1005,C30,'Work Orders'!$E$6:$E$1005,""))/'Kitting Plan'!G14) -> 42 | I30: =IF(G30=0,0,H30/G30) -> 1.0769231 | J30: =IF(H30=0,"NO WO",IF(H30>G30+0.0001,"OVER",IF(H30>=G30-0.0001,"COVERED","SHORT "&ROUND(G30-H30,1)))) -> OVER | K30: =COUNTIFS('Work Orders'!$B$6:$B$1005,C30,'Work Orders'!$A$6:$A$1005,"?*") -> 42 | L30: =SUMIFS('Work Orders'!$H$6:$H$1005,'Work Orders'!$B$6:$B$1005,C30,'Work Orders'!$I$6:$I$1005,"Delivered") -> 20 | M30: =K30-COUNTIFS('Work Orders'!$B$6:$B$1005,C30,'Work Orders'!$A$6:$A$1005,"?*",'Work Orders'!$I$6:$I$1005,"Delivered") -> 22 | N30: =IF(K30=0,"–",_xlfn.MAXIFS('Work Orders'!$A$6:$A$1005,'Work Orders'!$B$6:$B$1005,C30)) -> 100880289 | P30: =MIN(H30,G30) -> 39 | Q30: =IF(F30=0,0,INT(H30/F30)) -> 14 | R30: =IF(F30=0,0,INT(L30/F30)) -> 6
B31: ='Kitting Plan'!B15 -> ERBIUM ASSY | C31: ='Kitting Plan'!C15 -> 92YRA04548AAA | D31: ='Kitting Plan'!D15 -> R5B ERBIUM ASSEMBLY POSITION 4 | E31: ='Kitting Plan'!E15 -> 39 | F31: ='Kitting Plan'!H15 -> 3 | G31: =IF($M$2="All",E31,F31) -> 39 | H31: =IF($M$2="All",SUMIFS('Work Orders'!$H$6:$H$1005,'Work Orders'!$B$6:$B$1005,C31),SUMIFS('Work Orders'!$H$6:$H$1005,'Work Orders'!$B$6:$B$1005,C31,'Work Orders'!$E$6:$E$1005,$M$2)+(SUMIFS('Work Orders'!$H$6:$H$1005,'Work Orders'!$B$6:$B$1005,C31,'Work Orders'!$E$6:$E$1005,"All")+SUMIFS('Work Orders'!$H$6:$H$1005,'Work Orders'!$B$6:$B$1005,C31,'Work Orders'!$E$6:$E$1005,""))/'Kitting Plan'!G15) -> 39 | I31: =IF(G31=0,0,H31/G31) -> 1 | J31: =IF(H31=0,"NO WO",IF(H31>G31+0.0001,"OVER",IF(H31>=G31-0.0001,"COVERED","SHORT "&ROUND(G31-H31,1)))) -> COVERED | K31: =COUNTIFS('Work Orders'!$B$6:$B$1005,C31,'Work Orders'!$A$6:$A$1005,"?*") -> 39 | L31: =SUMIFS('Work Orders'!$H$6:$H$1005,'Work Orders'!$B$6:$B$1005,C31,'Work Orders'!$I$6:$I$1005,"Delivered") -> 20 | M31: =K31-COUNTIFS('Work Orders'!$B$6:$B$1005,C31,'Work Orders'!$A$6:$A$1005,"?*",'Work Orders'!$I$6:$I$1005,"Delivered") -> 19 | N31: =IF(K31=0,"–",_xlfn.MAXIFS('Work Orders'!$A$6:$A$1005,'Work Orders'!$B$6:$B$1005,C31)) -> 100880292 | P31: =MIN(H31,G31) -> 39 | Q31: =IF(F31=0,0,INT(H31/F31)) -> 13 | R31: =IF(F31=0,0,INT(L31/F31)) -> 6
B32: ='Kitting Plan'!B16 -> BOAT ASSY | C32: ='Kitting Plan'!C16 -> 92UAP04548BAA | D32: ='Kitting Plan'!D16 -> R5B BOAT 1 ASSY (4P-4FP) | E32: ='Kitting Plan'!E16 -> 13 | F32: ='Kitting Plan'!H16 -> 1 | G32: =IF($M$2="All",E32,F32) -> 13 | H32: =IF($M$2="All",SUMIFS('Work Orders'!$H$6:$H$1005,'Work Orders'!$B$6:$B$1005,C32),SUMIFS('Work Orders'!$H$6:$H$1005,'Work Orders'!$B$6:$B$1005,C32,'Work Orders'!$E$6:$E$1005,$M$2)+(SUMIFS('Work Orders'!$H$6:$H$1005,'Work Orders'!$B$6:$B$1005,C32,'Work Orders'!$E$6:$E$1005,"All")+SUMIFS('Work Orders'!$H$6:$H$1005,'Work Orders'!$B$6:$B$1005,C32,'Work Orders'!$E$6:$E$1005,""))/'Kitting Plan'!G16) -> 13 | I32: =IF(G32=0,0,H32/G32) -> 1 | J32: =IF(H32=0,"NO WO",IF(H32>G32+0.0001,"OVER",IF(H32>=G32-0.0001,"COVERED","SHORT "&ROUND(G32-H32,1)))) -> COVERED | K32: =COUNTIFS('Work Orders'!$B$6:$B$1005,C32,'Work Orders'!$A$6:$A$1005,"?*") -> 13 | L32: =SUMIFS('Work Orders'!$H$6:$H$1005,'Work Orders'!$B$6:$B$1005,C32,'Work Orders'!$I$6:$I$1005,"Delivered") -> 5 | M32: =K32-COUNTIFS('Work Orders'!$B$6:$B$1005,C32,'Work Orders'!$A$6:$A$1005,"?*",'Work Orders'!$I$6:$I$1005,"Delivered") -> 8 | N32: =IF(K32=0,"–",_xlfn.MAXIFS('Work Orders'!$A$6:$A$1005,'Work Orders'!$B$6:$B$1005,C32)) -> 100880293 | P32: =MIN(H32,G32) -> 13 | Q32: =IF(F32=0,0,INT(H32/F32)) -> 13 | R32: =IF(F32=0,0,INT(L32/F32)) -> 5
... B34: ='Kitting Plan'!B18 -> BOAT ASSY | C34: ='Kitting Plan'!C18 -> 92UAP04548BCA | D34: ='Kitting Plan'!D18 -> R5B BOAT 3 ASSY (4P-4FP) | E34: ='Kitting Plan'!E18 -> 13 | F34: ='Kitting Plan'!H18 -> 1 | G34: =IF($M$2="All",E34,F34) -> 13 | H34: =IF($M$2="All",SUMIFS('Work Orders'!$H$6:$H$1005,'Work Orders'!$B$6:$B$1005,C34),SUMIFS('Work Orders'!$H$6:$H$1005,'Work Orders'!$B$6:$B$1005,C34,'Work Orders'!$E$6:$E$1005,$M$2)+(SUMIFS('Work Orders'!$H$6:$H$1005,'Work Orders'!$B$6:$B$1005,C34,'Work Orders'!$E$6:$E$1005,"All")+SUMIFS('Work Orders'!$H$6:$H$1005,'Work Orders'!$B$6:$B$1005,C34,'Work Orders'!$E$6:$E$1005,""))/'Kitting Plan'!G18) -> 13 | I34: =IF(G34=0,0,H34/G34) -> 1 | J34: =IF(H34=0,"NO WO",IF(H34>G34+0.0001,"OVER",IF(H34>=G34-0.0001,"COVERED","SHORT "&ROUND(G34-H34,1)))) -> COVERED | K34: =COUNTIFS('Work Orders'!$B$6:$B$1005,C34,'Work Orders'!$A$6:$A$1005,"?*") -> 13 | L34: =SUMIFS('Work Orders'!$H$6:$H$1005,'Work Orders'!$B$6:$B$1005,C34,'Work Orders'!$I$6:$I$1005,"Delivered") -> 6 | M34: =K34-COUNTIFS('Work Orders'!$B$6:$B$1005,C34,'Work Orders'!$A$6:$A$1005,"?*",'Work Orders'!$I$6:$I$1005,"Delivered") -> 7 | N34: =IF(K34=0,"–",_xlfn.MAXIFS('Work Orders'!$A$6:$A$1005,'Work Orders'!$B$6:$B$1005,C34)) -> 100880295 | P34: =MIN(H34,G34) -> 13 | Q34: =IF(F34=0,0,INT(H34/F34)) -> 13 | R34: =IF(F34=0,0,INT(L34/F34)) -> 6

Sheet Kitting Plan
A1: KITTING PLAN — MASTER DATA
A2: Source: kitting plan table supplied by the user (R5B · E2A 12FP Cold T5 · 92ERP12548A++ · 12FP · COOIS 03-Oct-26). Blue cells are inputs; edit them when the plan changes.
A4: Contract | B4: Sequence | C4: Assy Code | D4: Assy Description | E4: Release | F4: Repeater No. | G4: No. of Rep to Rel | H4: Default Qty | I4: Check
A5: R5B | B5: LASER ASSY | C5: 92YLS00548BAA | D5: R5B LASER ASSEMBLY 4P BOAT 1 - E2A | E5: 13 | F5: 1-13 | G5: 13 | H5: 1 | I5: =IF(E5=H5*G5,"OK","CHECK: release ≠ default × reps ("&H5*G5&")") -> OK
A6: R5B | B6: LASER ASSY | C6: 92YLS00548BBA | D6: R5B LASER ASSEMBLY 4P BOAT 2/3 - E2A | E6: 26 | F6: 1-13 | G6: 13 | H6: 2 | I6: =IF(E6=H6*G6,"OK","CHECK: release ≠ default × reps ("&H6*G6&")") -> OK
A7: R5B | B7: PSB ASSY | C7: 91YAF03404AAA | D7: R5B PSB SUB ASSEMBLY 4P-4FP | E7: 39 | F7: 1-13 | G7: 13 | H7: 3 | I7: =IF(E7=H7*G7,"OK","CHECK: release ≠ default × reps ("&H7*G7&")") -> OK
A8: R5B | B8: OPF ASSY | C8: 92YFD04548BAA | D8: R5B OPF ASSEMBLY (4P-4FP) BOAT 1 - E2A | E8: 13 | F8: 1-13 | G8: 13 | H8: 1 | I8: =IF(E8=H8*G8,"OK","CHECK: release ≠ default × reps ("&H8*G8&")") -> OK
A9: R5B | B9: OPF ASSY | C9: 92YFD04548BBA | D9: R5B OPF ASSEMBLY (4P-4FP) BOAT 2/3 - E2A | E9: 26 | F9: 1-13 | G9: 13 | H9: 2 | I9: =IF(E9=H9*G9,"OK","CHECK: release ≠ default × reps ("&H9*G9&")") -> OK
A10: R5B | B10: POB ASSY | C10: 92YWS04548AAA | D10: R5B 4FP POB LUMENTUM SUB ASSEMBLY - E2A | E10: 39 | F10: 1-13 | G10: 13 | H10: 3 | I10: =IF(E10=H10*G10,"OK","CHECK: release ≠ default × reps ("&H10*G10&")") -> OK
A11: R5B | B11: ERBIUM ASSY | C11: 92RRA00548AAA | D11: R5B ERBIUM SPOOL ASSEMBLY - E2A | E11: 312 | F11: 1-13 | G11: 13 | H11: 24 | I11: =IF(E11=H11*G11,"OK","CHECK: release ≠ default × reps ("&H11*G11&")") -> OK
A12: R5B | B12: ERBIUM ASSY | C12: 92YRA01548AAA | D12: R5B ERBIUM ASSEMBLY POSITION 1 | E12: 39 | F12: 1-13 | G12: 13 | H12: 3 | I12: =IF(E12=H12*G12,"OK","CHECK: release ≠ default × reps ("&H12*G12&")") -> OK
A13: R5B | B13: ERBIUM ASSY | C13: 92YRA02548AAA | D13: R5B ERBIUM ASSEMBLY POSITION 2 | E13: 39 | F13: 1-13 | G13: 13 | H13: 3 | I13: =IF(E13=H13*G13,"OK","CHECK: release ≠ default × reps ("&H13*G13&")") -> OK
A14: R5B | B14: ERBIUM ASSY | C14: 92YRA03548AAA | D14: R5B ERBIUM ASSEMBLY POSITION 3 | E14: 39 | F14: 1-13 | G14: 13 | H14: 3 | I14: =IF(E14=H14*G14,"OK","CHECK: release ≠ default × reps ("&H14*G14&")") -> OK
A15: R5B | B15: ERBIUM ASSY | C15: 92YRA04548AAA | D15: R5B ERBIUM ASSEMBLY POSITION 4 | E15: 39 | F15: 1-13 | G15: 13 | H15: 3 | I15: =IF(E15=H15*G15,"OK","CHECK: release ≠ default × reps ("&H15*G15&")") -> OK
A16: R5B | B16: BOAT ASSY | C16: 92UAP04548BAA | D16: R5B BOAT 1 ASSY (4P-4FP) | E16: 13 | F16: 1-13 | G16: 13 | H16: 1 | I16: =IF(E16=H16*G16,"OK","CHECK: release ≠ default × reps ("&H16*G16&")") -> OK
... A18: R5B | B18: BOAT ASSY | C18: 92UAP04548BCA | D18: R5B BOAT 3 ASSY (4P-4FP) | E18: 13 | F18: 1-13 | G18: 13 | H18: 1 | I18: =IF(E18=H18*G18,"OK","CHECK: release ≠ default × reps ("&H18*G18&")") -> OK
A20: Contract details shown on the Dashboard
A21: Contract | B21: R5B
A22: Program | B22: E2A 12FP Cold T5
A23: ERP item | B23: 92ERP12548A++
A24: Config | B24: 12FP
A25: Kitting week | B25: COOIS 03-Oct-26
A26: Repeaters | B26: 1-13 · 13 to release

Sheet Work Orders
A1: WORK ORDERS
A2: Type the WO number and pick the assy code. Quantity fills in automatically from the kitting plan (release qty, or default qty when a single repeater is chosen).
A3: Blue columns = you type. Grey columns = automatic. Use 'Qty Override' only when the WO quantity differs from the plan.
E4: Blank = All | G4: Leave blank to use Listed Qty | I4: Blank = Planned
A5: WO No. | B5: Assy Code | C5: Description | D5: Sequence | E5: Repeater | F5: Listed Qty | G5: Qty Override | H5: WO Qty | I5: Status | J5: Release Date | K5: Remarks | L5: Flag
A6: 100859014 | B6: 91YAF03404AAA | C6: =IF(B6="","",IFERROR(INDEX('Kitting Plan'!$D$5:$D$18,MATCH(B6,'Kitting Plan'!$C$5:$C$18,0)),"Unknown code")) -> R5B PSB SUB ASSEMBLY 4P-4FP | D6: =IF(B6="","",IFERROR(INDEX('Kitting Plan'!$B$5:$B$18,MATCH(B6,'Kitting Plan'!$C$5:$C$18,0)),"")) -> PSB ASSY | F6: =IF(B6="","",IFERROR(INDEX('Kitting Plan'!$H$5:$H$18,MATCH(B6,'Kitting Plan'!$C$5:$C$18,0)),"")) -> 3 | G6: 1 | H6: =IF(B6="","",IF(G6="",F6,G6)) -> 1 | I6: Delivered | J6: 46132 | K6: SAP: REL PRT CNF DLV PRC GMPS MANC RESA* | L6: =IF(A6="","",IF(B6="","Missing code",IF(C6="Unknown code","Unknown code",IF(COUNTIF($A$6:$A$1005,A6)>1,"Duplicate WO",""))))
A7: 100859015 | B7: 91YAF03404AAA | C7: =IF(B7="","",IFERROR(INDEX('Kitting Plan'!$D$5:$D$18,MATCH(B7,'Kitting Plan'!$C$5:$C$18,0)),"Unknown code")) -> R5B PSB SUB ASSEMBLY 4P-4FP | D7: =IF(B7="","",IFERROR(INDEX('Kitting Plan'!$B$5:$B$18,MATCH(B7,'Kitting Plan'!$C$5:$C$18,0)),"")) -> PSB ASSY | F7: =IF(B7="","",IFERROR(INDEX('Kitting Plan'!$H$5:$H$18,MATCH(B7,'Kitting Plan'!$C$5:$C$18,0)),"")) -> 3 | G7: 1 | H7: =IF(B7="","",IF(G7="",F7,G7)) -> 1 | I7: Delivered | J7: 46132 | K7: SAP: REL PRT CNF DLV PRC GMPS MANC RESA* | L7: =IF(A7="","",IF(B7="","Missing code",IF(C7="Unknown code","Unknown code",IF(COUNTIF($A$6:$A$1005,A7)>1,"Duplicate WO",""))))
A8: 100859016 | B8: 91YAF03404AAA | C8: =IF(B8="","",IFERROR(INDEX('Kitting Plan'!$D$5:$D$18,MATCH(B8,'Kitting Plan'!$C$5:$C$18,0)),"Unknown code")) -> R5B PSB SUB ASSEMBLY 4P-4FP | D8: =IF(B8="","",IFERROR(INDEX('Kitting Plan'!$B$5:$B$18,MATCH(B8,'Kitting Plan'!$C$5:$C$18,0)),"")) -> PSB ASSY | F8: =IF(B8="","",IFERROR(INDEX('Kitting Plan'!$H$5:$H$18,MATCH(B8,'Kitting Plan'!$C$5:$C$18,0)),"")) -> 3 | G8: 1 | H8: =IF(B8="","",IF(G8="",F8,G8)) -> 1 | I8: Delivered | J8: 46132 | K8: SAP: REL PRT CNF DLV PRC GMPS MANC RESA* | L8: =IF(A8="","",IF(B8="","Missing code",IF(C8="Unknown code","Unknown code",IF(COUNTIF($A$6:$A$1005,A8)>1,"Duplicate WO",""))))
A9: 100862602 | B9: 91YAF03404AAA | C9: =IF(B9="","",IFERROR(INDEX('Kitting Plan'!$D$5:$D$18,MATCH(B9,'Kitting Plan'!$C$5:$C$18,0)),"Unknown code")) -> R5B PSB SUB ASSEMBLY 4P-4FP | D9: =IF(B9="","",IFERROR(INDEX('Kitting Plan'!$B$5:$B$18,MATCH(B9,'Kitting Plan'!$C$5:$C$18,0)),"")) -> PSB ASSY | F9: =IF(B9="","",IFERROR(INDEX('Kitting Plan'!$H$5:$H$18,MATCH(B9,'Kitting Plan'!$C$5:$C$18,0)),"")) -> 3 | G9: 1 | H9: =IF(B9="","",IF(G9="",F9,G9)) -> 1 | I9: Delivered | J9: 46160 | K9: SAP: REL PRT CNF DLV PRC GMPS MANC SETC* | L9: =IF(A9="","",IF(B9="","Missing code",IF(C9="Unknown code","Unknown code",IF(COUNTIF($A$6:$A$1005,A9)>1,"Duplicate WO",""))))
A10: 100862603 | B10: 91YAF03404AAA | C10: =IF(B10="","",IFERROR(INDEX('Kitting Plan'!$D$5:$D$18,MATCH(B10,'Kitting Plan'!$C$5:$C$18,0)),"Unknown code")) -> R5B PSB SUB ASSEMBLY 4P-4FP | D10: =IF(B10="","",IFERROR(INDEX('Kitting Plan'!$B$5:$B$18,MATCH(B10,'Kitting Plan'!$C$5:$C$18,0)),"")) -> PSB ASSY | F10: =IF(B10="","",IFERROR(INDEX('Kitting Plan'!$H$5:$H$18,MATCH(B10,'Kitting Plan'!$C$5:$C$18,0)),"")) -> 3 | G10: 1 | H10: =IF(B10="","",IF(G10="",F10,G10)) -> 1 | I10: Delivered | J10: 46160 | K10: SAP: REL PRT CNF DLV PRC GMPS MANC SETC* | L10: =IF(A10="","",IF(B10="","Missing code",IF(C10="Unknown code","Unknown code",IF(COUNTIF($A$6:$A$1005,A10)>1,"Duplicate WO",""))))
A11: 100862604 | B11: 91YAF03404AAA | C11: =IF(B11="","",IFERROR(INDEX('Kitting Plan'!$D$5:$D$18,MATCH(B11,'Kitting Plan'!$C$5:$C$18,0)),"Unknown code")) -> R5B PSB SUB ASSEMBLY 4P-4FP | D11: =IF(B11="","",IFERROR(INDEX('Kitting Plan'!$B$5:$B$18,MATCH(B11,'Kitting Plan'!$C$5:$C$18,0)),"")) -> PSB ASSY | F11: =IF(B11="","",IFERROR(INDEX('Kitting Plan'!$H$5:$H$18,MATCH(B11,'Kitting Plan'!$C$5:$C$18,0)),"")) -> 3 | G11: 1 | H11: =IF(B11="","",IF(G11="",F11,G11)) -> 1 | I11: Delivered | J11: 46160 | K11: SAP: REL PRT CNF DLV PRC GMPS MANC SETC* | L11: =IF(A11="","",IF(B11="","Missing code",IF(C11="Unknown code","Unknown code",IF(COUNTIF($A$6:$A$1005,A11)>1,"Duplicate WO",""))))
A12: 100864155 | B12: 91YAF03404AAA | C12: =IF(B12="","",IFERROR(INDEX('Kitting Plan'!$D$5:$D$18,MATCH(B12,'Kitting Plan'!$C$5:$C$18,0)),"Unknown code")) -> R5B PSB SUB ASSEMBLY 4P-4FP | D12: =IF(B12="","",IFERROR(INDEX('Kitting Plan'!$B$5:$B$18,MATCH(B12,'Kitting Plan'!$C$5:$C$18,0)),"")) -> PSB ASSY | F12: =IF(B12="","",IFERROR(INDEX('Kitting Plan'!$H$5:$H$18,MATCH(B12,'Kitting Plan'!$C$5:$C$18,0)),"")) -> 3 | G12: 1 | H12: =IF(B12="","",IF(G12="",F12,G12)) -> 1 | I12: Delivered | J12: 46170 | K12: SAP: REL PRT CNF DLV PRC GMPS MANC RESA* | L12: =IF(A12="","",IF(B12="","Missing code",IF(C12="Unknown code","Unknown code",IF(COUNTIF($A$6:$A$1005,A12)>1,"Duplicate WO",""))))
A13: 100864156 | B13: 91YAF03404AAA | C13: =IF(B13="","",IFERROR(INDEX('Kitting Plan'!$D$5:$D$18,MATCH(B13,'Kitting Plan'!$C$5:$C$18,0)),"Unknown code")) -> R5B PSB SUB ASSEMBLY 4P-4FP | D13: =IF(B13="","",IFERROR(INDEX('Kitting Plan'!$B$5:$B$18,MATCH(B13,'Kitting Plan'!$C$5:$C$18,0)),"")) -> PSB ASSY | F13: =IF(B13="","",IFERROR(INDEX('Kitting Plan'!$H$5:$H$18,MATCH(B13,'Kitting Plan'!$C$5:$C$18,0)),"")) -> 3 | G13: 1 | H13: =IF(B13="","",IF(G13="",F13,G13)) -> 1 | I13: Delivered | J13: 46170 | K13: SAP: REL PRT CNF DLV PRC GMPS MANC RESA* | L13: =IF(A13="","",IF(B13="","Missing code",IF(C13="Unknown code","Unknown code",IF(COUNTIF($A$6:$A$1005,A13)>1,"Duplicate WO",""))))
A14: 100864157 | B14: 91YAF03404AAA | C14: =IF(B14="","",IFERROR(INDEX('Kitting Plan'!$D$5:$D$18,MATCH(B14,'Kitting Plan'!$C$5:$C$18,0)),"Unknown code")) -> R5B PSB SUB ASSEMBLY 4P-4FP | D14: =IF(B14="","",IFERROR(INDEX('Kitting Plan'!$B$5:$B$18,MATCH(B14,'Kitting Plan'!$C$5:$C$18,0)),"")) -> PSB ASSY | F14: =IF(B14="","",IFERROR(INDEX('Kitting Plan'!$H$5:$H$18,MATCH(B14,'Kitting Plan'!$C$5:$C$18,0)),"")) -> 3 | G14: 1 | H14: =IF(B14="","",IF(G14="",F14,G14)) -> 1 | I14: Delivered | J14: 46170 | K14: SAP: REL PRT CNF DLV PRC GMPS MANC RESA* | L14: =IF(A14="","",IF(B14="","Missing code",IF(C14="Unknown code","Unknown code",IF(COUNTIF($A$6:$A$1005,A14)>1,"Duplicate WO",""))))
A15: 100864894 | B15: 91YAF03404AAA | C15: =IF(B15="","",IFERROR(INDEX('Kitting Plan'!$D$5:$D$18,MATCH(B15,'Kitting Plan'!$C$5:$C$18,0)),"Unknown code")) -> R5B PSB SUB ASSEMBLY 4P-4FP | D15: =IF(B15="","",IFERROR(INDEX('Kitting Plan'!$B$5:$B$18,MATCH(B15,'Kitting Plan'!$C$5:$C$18,0)),"")) -> PSB ASSY | F15: =IF(B15="","",IFERROR(INDEX('Kitting Plan'!$H$5:$H$18,MATCH(B15,'Kitting Plan'!$C$5:$C$18,0)),"")) -> 3 | G15: 1 | H15: =IF(B15="","",IF(G15="",F15,G15)) -> 1 | I15: Delivered | J15: 46174 | K15: SAP: REL PRT CNF DLV PRC GMPS MANC SETC* | L15: =IF(A15="","",IF(B15="","Missing code",IF(C15="Unknown code","Unknown code",IF(COUNTIF($A$6:$A$1005,A15)>1,"Duplicate WO",""))))
A16: 100866605 | B16: 91YAF03404AAA | C16: =IF(B16="","",IFERROR(INDEX('Kitting Plan'!$D$5:$D$18,MATCH(B16,'Kitting Plan'!$C$5:$C$18,0)),"Unknown code")) -> R5B PSB SUB ASSEMBLY 4P-4FP | D16: =IF(B16="","",IFERROR(INDEX('Kitting Plan'!$B$5:$B$18,MATCH(B16,'Kitting Plan'!$C$5:$C$18,0)),"")) -> PSB ASSY | F16: =IF(B16="","",IFERROR(INDEX('Kitting Plan'!$H$5:$H$18,MATCH(B16,'Kitting Plan'!$C$5:$C$18,0)),"")) -> 3 | G16: 1 | H16: =IF(B16="","",IF(G16="",F16,G16)) -> 1 | I16: Delivered | J16: 46188 | K16: SAP: REL PRT CNF DLV PRC GMPS MANC RESA* | L16: =IF(A16="","",IF(B16="","Missing code",IF(C16="Unknown code","Unknown code",IF(COUNTIF($A$6:$A$1005,A16)>1,"Duplicate WO",""))))
A17: 100866606 | B17: 91YAF03404AAA | C17: =IF(B17="","",IFERROR(INDEX('Kitting Plan'!$D$5:$D$18,MATCH(B17,'Kitting Plan'!$C$5:$C$18,0)),"Unknown code")) -> R5B PSB SUB ASSEMBLY 4P-4FP | D17: =IF(B17="","",IFERROR(INDEX('Kitting Plan'!$B$5:$B$18,MATCH(B17,'Kitting Plan'!$C$5:$C$18,0)),"")) -> PSB ASSY | F17: =IF(B17="","",IFERROR(INDEX('Kitting Plan'!$H$5:$H$18,MATCH(B17,'Kitting Plan'!$C$5:$C$18,0)),"")) -> 3 | G17: 1 | H17: =IF(B17="","",IF(G17="",F17,G17)) -> 1 | I17: Delivered | J17: 46188 | K17: SAP: REL PRT CNF DLV PRC GMPS MANC RESA* | L17: =IF(A17="","",IF(B17="","Missing code",IF(C17="Unknown code","Unknown code",IF(COUNTIF($A$6:$A$1005,A17)>1,"Duplicate WO",""))))
... A696: 100880256 | B696: 92YWS04548AAA | C696: =IF(B696="","",IFERROR(INDEX('Kitting Plan'!$D$5:$D$18,MATCH(B696,'Kitting Plan'!$C$5:$C$18,0)),"Unknown code")) -> R5B 4FP POB LUMENTUM SUB ASSEMBLY - E2A | D696: =IF(B696="","",IFERROR(INDEX('Kitting Plan'!$B$5:$B$18,MATCH(B696,'Kitting Plan'!$C$5:$C$18,0)),"")) -> POB ASSY | F696: =IF(B696="","",IFERROR(INDEX('Kitting Plan'!$H$5:$H$18,MATCH(B696,'Kitting Plan'!$C$5:$C$18,0)),"")) -> 3 | G696: 1 | H696: =IF(B696="","",IF(G696="",F696,G696)) -> 1 | I696: Released | J696: 46297 | K696: SAP: REL PRT PRC MANC SETC | L696: =IF(A696="","",IF(B696="","Missing code",IF(C696="Unknown code","Unknown code",IF(COUNTIF($A$6:$A$1005,A696)>1,"Duplicate WO",""))))
C697: =IF(B697="","",IFERROR(INDEX('Kitting Plan'!$D$5:$D$18,MATCH(B697,'Kitting Plan'!$C$5:$C$18,0)),"Unknown code")) | D697: =IF(B697="","",IFERROR(INDEX('Kitting Plan'!$B$5:$B$18,MATCH(B697,'Kitting Plan'!$C$5:$C$18,0)),"")) | F697: =IF(B697="","",IFERROR(INDEX('Kitting Plan'!$H$5:$H$18,MATCH(B697,'Kitting Plan'!$C$5:$C$18,0)),"")) | H697: =IF(B697="","",IF(G697="",F697,G697)) | L697: =IF(A697="","",IF(B697="","Missing code",IF(C697="Unknown code","Unknown code",IF(COUNTIF($A$6:$A$1005,A697)>1,"Duplicate WO",""))))
C698: =IF(B698="","",IFERROR(INDEX('Kitting Plan'!$D$5:$D$18,MATCH(B698,'Kitting Plan'!$C$5:$C$18,0)),"Unknown code")) | D698: =IF(B698="","",IFERROR(INDEX('Kitting Plan'!$B$5:$B$18,MATCH(B698,'Kitting Plan'!$C$5:$C$18,0)),"")) | F698: =IF(B698="","",IFERROR(INDEX('Kitting Plan'!$H$5:$H$18,MATCH(B698,'Kitting Plan'!$C$5:$C$18,0)),"")) | H698: =IF(B698="","",IF(G698="",F698,G698)) | L698: =IF(A698="","",IF(B698="","Missing code",IF(C698="Unknown code","Unknown code",IF(COUNTIF($A$6:$A$1005,A698)>1,"Duplicate WO",""))))
C699: =IF(B699="","",IFERROR(INDEX('Kitting Plan'!$D$5:$D$18,MATCH(B699,'Kitting Plan'!$C$5:$C$18,0)),"Unknown code")) | D699: =IF(B699="","",IFERROR(INDEX('Kitting Plan'!$B$5:$B$18,MATCH(B699,'Kitting Plan'!$C$5:$C$18,0)),"")) | F699: =IF(B699="","",IFERROR(INDEX('Kitting Plan'!$H$5:$H$18,MATCH(B699,'Kitting Plan'!$C$5:$C$18,0)),"")) | H699: =IF(B699="","",IF(G699="",F699,G699)) | L699: =IF(A699="","",IF(B699="","Missing code",IF(C699="Unknown code","Unknown code",IF(COUNTIF($A$6:$A$1005,A699)>1,"Duplicate WO",""))))
C700: =IF(B700="","",IFERROR(INDEX('Kitting Plan'!$D$5:$D$18,MATCH(B700,'Kitting Plan'!$C$5:$C$18,0)),"Unknown code")) | D700: =IF(B700="","",IFERROR(INDEX('Kitting Plan'!$B$5:$B$18,MATCH(B700,'Kitting Plan'!$C$5:$C$18,0)),"")) | F700: =IF(B700="","",IFERROR(INDEX('Kitting Plan'!$H$5:$H$18,MATCH(B700,'Kitting Plan'!$C$5:$C$18,0)),"")) | H700: =IF(B700="","",IF(G700="",F700,G700)) | L700: =IF(A700="","",IF(B700="","Missing code",IF(C700="Unknown code","Unknown code",IF(COUNTIF($A$6:$A$1005,A700)>1,"Duplicate WO",""))))
C701: =IF(B701="","",IFERROR(INDEX('Kitting Plan'!$D$5:$D$18,MATCH(B701,'Kitting Plan'!$C$5:$C$18,0)),"Unknown code")) | D701: =IF(B701="","",IFERROR(INDEX('Kitting Plan'!$B$5:$B$18,MATCH(B701,'Kitting Plan'!$C$5:$C$18,0)),"")) | F701: =IF(B701="","",IFERROR(INDEX('Kitting Plan'!$H$5:$H$18,MATCH(B701,'Kitting Plan'!$C$5:$C$18,0)),"")) | H701: =IF(B701="","",IF(G701="",F701,G701)) | L701: =IF(A701="","",IF(B701="","Missing code",IF(C701="Unknown code","Unknown code",IF(COUNTIF($A$6:$A$1005,A701)>1,"Duplicate WO",""))))
C702: =IF(B702="","",IFERROR(INDEX('Kitting Plan'!$D$5:$D$18,MATCH(B702,'Kitting Plan'!$C$5:$C$18,0)),"Unknown code")) | D702: =IF(B702="","",IFERROR(INDEX('Kitting Plan'!$B$5:$B$18,MATCH(B702,'Kitting Plan'!$C$5:$C$18,0)),"")) | F702: =IF(B702="","",IFERROR(INDEX('Kitting Plan'!$H$5:$H$18,MATCH(B702,'Kitting Plan'!$C$5:$C$18,0)),"")) | H702: =IF(B702="","",IF(G702="",F702,G702)) | L702: =IF(A702="","",IF(B702="","Missing code",IF(C702="Unknown code","Unknown code",IF(COUNTIF($A$6:$A$1005,A702)>1,"Duplicate WO",""))))
C703: =IF(B703="","",IFERROR(INDEX('Kitting Plan'!$D$5:$D$18,MATCH(B703,'Kitting Plan'!$C$5:$C$18,0)),"Unknown code")) | D703: =IF(B703="","",IFERROR(INDEX('Kitting Plan'!$B$5:$B$18,MATCH(B703,'Kitting Plan'!$C$5:$C$18,0)),"")) | F703: =IF(B703="","",IFERROR(INDEX('Kitting Plan'!$H$5:$H$18,MATCH(B703,'Kitting Plan'!$C$5:$C$18,0)),"")) | H703: =IF(B703="","",IF(G703="",F703,G703)) | L703: =IF(A703="","",IF(B703="","Missing code",IF(C703="Unknown code","Unknown code",IF(COUNTIF($A$6:$A$1005,A703)>1,"Duplicate WO",""))))
C704: =IF(B704="","",IFERROR(INDEX('Kitting Plan'!$D$5:$D$18,MATCH(B704,'Kitting Plan'!$C$5:$C$18,0)),"Unknown code")) | D704: =IF(B704="","",IFERROR(INDEX('Kitting Plan'!$B$5:$B$18,MATCH(B704,'Kitting Plan'!$C$5:$C$18,0)),"")) | F704: =IF(B704="","",IFERROR(INDEX('Kitting Plan'!$H$5:$H$18,MATCH(B704,'Kitting Plan'!$C$5:$C$18,0)),"")) | H704: =IF(B704="","",IF(G704="",F704,G704)) | L704: =IF(A704="","",IF(B704="","Missing code",IF(C704="Unknown code","Unknown code",IF(COUNTIF($A$6:$A$1005,A704)>1,"Duplicate WO",""))))
C705: =IF(B705="","",IFERROR(INDEX('Kitting Plan'!$D$5:$D$18,MATCH(B705,'Kitting Plan'!$C$5:$C$18,0)),"Unknown code")) | D705: =IF(B705="","",IFERROR(INDEX('Kitting Plan'!$B$5:$B$18,MATCH(B705,'Kitting Plan'!$C$5:$C$18,0)),"")) | F705: =IF(B705="","",IFERROR(INDEX('Kitting Plan'!$H$5:$H$18,MATCH(B705,'Kitting Plan'!$C$5:$C$18,0)),"")) | H705: =IF(B705="","",IF(G705="",F705,G705)) | L705: =IF(A705="","",IF(B705="","Missing code",IF(C705="Unknown code","Unknown code",IF(COUNTIF($A$6:$A$1005,A705)>1,"Duplicate WO",""))))
C706: =IF(B706="","",IFERROR(INDEX('Kitting Plan'!$D$5:$D$18,MATCH(B706,'Kitting Plan'!$C$5:$C$18,0)),"Unknown code")) | D706: =IF(B706="","",IFERROR(INDEX('Kitting Plan'!$B$5:$B$18,MATCH(B706,'Kitting Plan'!$C$5:$C$18,0)),"")) | F706: =IF(B706="","",IFERROR(INDEX('Kitting Plan'!$H$5:$H$18,MATCH(B706,'Kitting Plan'!$C$5:$C$18,0)),"")) | H706: =IF(B706="","",IF(G706="",F706,G706)) | L706: =IF(A706="","",IF(B706="","Missing code",IF(C706="Unknown code","Unknown code",IF(COUNTIF($A$6:$A$1005,A706)>1,"Duplicate WO",""))))
C707: =IF(B707="","",IFERROR(INDEX('Kitting Plan'!$D$5:$D$18,MATCH(B707,'Kitting Plan'!$C$5:$C$18,0)),"Unknown code")) | D707: =IF(B707="","",IFERROR(INDEX('Kitting Plan'!$B$5:$B$18,MATCH(B707,'Kitting Plan'!$C$5:$C$18,0)),"")) | F707: =IF(B707="","",IFERROR(INDEX('Kitting Plan'!$H$5:$H$18,MATCH(B707,'Kitting Plan'!$C$5:$C$18,0)),"")) | H707: =IF(B707="","",IF(G707="",F707,G707)) | L707: =IF(A707="","",IF(B707="","Missing code",IF(C707="Unknown code","Unknown code",IF(COUNTIF($A$6:$A$1005,A707)>1,"Duplicate WO",""))))
C708: =IF(B708="","",IFERROR(INDEX('Kitting Plan'!$D$5:$D$18,MATCH(B708,'Kitting Plan'!$C$5:$C$18,0)),"Unknown code")) | D708: =IF(B708="","",IFERROR(INDEX('Kitting Plan'!$B$5:$B$18,MATCH(B708,'Kitting Plan'!$C$5:$C$18,0)),"")) | F708: =IF(B708="","",IFERROR(INDEX('Kitting Plan'!$H$5:$H$18,MATCH(B708,'Kitting Plan'!$C$5:$C$18,0)),"")) | H708: =IF(B708="","",IF(G708="",F708,G708)) | L708: =IF(A708="","",IF(B708="","Missing code",IF(C708="Unknown code","Unknown code",IF(COUNTIF($A$6:$A$1005,A708)>1,"Duplicate WO",""))))
... C1005: =IF(B1005="","",IFERROR(INDEX('Kitting Plan'!$D$5:$D$18,MATCH(B1005,'Kitting Plan'!$C$5:$C$18,0)),"Unknown code")) | D1005: =IF(B1005="","",IFERROR(INDEX('Kitting Plan'!$B$5:$B$18,MATCH(B1005,'Kitting Plan'!$C$5:$C$18,0)),"")) | F1005: =IF(B1005="","",IFERROR(INDEX('Kitting Plan'!$H$5:$H$18,MATCH(B1005,'Kitting Plan'!$C$5:$C$18,0)),"")) | H1005: =IF(B1005="","",IF(G1005="",F1005,G1005)) | L1005: =IF(A1005="","",IF(B1005="","Missing code",IF(C1005="Unknown code","Unknown code",IF(COUNTIF($A$6:$A$1005,A1005)>1,"Duplicate WO",""))))

Sheet Lists
A1: ='Kitting Plan'!C5 -> 92YLS00548BAA
A2: ='Kitting Plan'!C6 -> 92YLS00548BBA
A3: ='Kitting Plan'!C7 -> 91YAF03404AAA
A4: ='Kitting Plan'!C8 -> 92YFD04548BAA
A5: ='Kitting Plan'!C9 -> 92YFD04548BBA
A6: ='Kitting Plan'!C10 -> 92YWS04548AAA
A7: ='Kitting Plan'!C11 -> 92RRA00548AAA
A8: ='Kitting Plan'!C12 -> 92YRA01548AAA
A9: ='Kitting Plan'!C13 -> 92YRA02548AAA
A10: ='Kitting Plan'!C14 -> 92YRA03548AAA
A11: ='Kitting Plan'!C15 -> 92YRA04548AAA
A12: ='Kitting Plan'!C16 -> 92UAP04548BAA
... A14: ='Kitting Plan'!C18 -> 92UAP04548BCA

Sheet How To Use
B2: HOW TO USE THIS WORKBOOK
B5: Where the numbers come from
B6: Source | C6: SAP COOIS export (new_e2a) run on the 14 E2A assy codes, all orders released to date (20-Apr-26 to 03-Oct-26). 691 work orders, 1 EA each. Each SAP Order number is a WO on the 'Work Orders' tab.
B7: Required qty | C7: Release per repeater from the kitting plan × 13 repeaters (1–13). Example: erbium spool 24 × 13 = 312.
B8: Status mapping | C8: SAP system status → dashboard: DLV (delivered) = Delivered · CNF/PCNF (confirmed / partly confirmed) = In Progress · REL only = Released. The full SAP status is kept in the Remarks column.
B10: Reading the dashboard
B11: Status column | C11: COVERED = WOs released match the contract qty · OVER = more WOs than the 13-repeater qty (check for scrap/re-work replacements) · SHORT n = n units still to release · NO WO = nothing released.
B12: Repeater sets | C12: Full repeater sets released = the lowest number of complete repeaters across all 14 codes. 'Fully delivered' does the same using delivered WOs only.
B13: Open WOs | C13: WOs released but not yet delivered (Released + In Progress). These are the ones to chase.
B14: Trace a WO | C14: 'Latest WO' shows the newest order number per code. For the full list filter column B on 'Work Orders'.
B15: Switch repeater view | C15: Pick a repeater 1–13 in the pink cell to see the per-repeater requirement (default qty) against an even share of released WOs.
B17: Keeping it current
B18: Adding new WOs | C18: Add new COOIS orders at the bottom of 'Work Orders': WO No., Assy Code, Qty Override = order qty (1), Status. Or send the new export and it can be reloaded.
B19: Projecting on a screen | C19: Open the Dashboard tab and press Ctrl+F1 to hide the ribbon. It fits one landscape screen.
