Workbook

Sheet Dashboard
B2: R5B E2A 12FP COLD T5 KITTING CONTROL · WK 40 | L2: VIEW REPEATER ▸ | M2: All | N2: =IF(M2="All","Required = release qty","Required = default qty for rep "&M2) -> Required = release qty
B3: ="Contract "&'Kitting Plan'!B21&" · "&'Kitting Plan'!B22&" · "&'Kitting Plan'!B23&" · "&'Kitting Plan'!B24&" · Repeaters "&'Kitting Plan'!B26 -> Contract R5B · E2A 12FP Cold T5 · 92ERP12548A++ · 12FP · Repeaters 1-13 · 1 to release | M3: Pick All or 1–13
B6: ASSEMBLIES | D6: REQUIRED QTY | E6: WO COVERAGE | H6: WORK ORDERS | J6: SHORT / OVER | L6: DATA FLAGS
B7: =COUNTA(C21:C34) -> 14 | D7: =SUM(G21:G34) -> 51 | E7: =IF(SUM(G21:G34)=0,0,SUM(P21:P34)/SUM(G21:G34)) -> 0 | H7: =COUNTIF('Work Orders'!$A$6:$A$505,"?*") -> 0 | J7: =COUNTIF(J21:J34,"SHORT*")+COUNTIF(J21:J34,"OVER") -> 0 | L7: =COUNTIF(N21:N34,"CHECK*")+COUNTIF('Work Orders'!$L$6:$L$505,"?*") -> 0
B8: ="6 sequences · "&COUNTIF(J21:J34,"COVERED")&" fully covered" -> 6 sequences · 0 fully covered | D8: =IF($M$2="All","units · release across 1 repeater","units · default qty, repeater "&$M$2) -> units · release across 1 repeater | E8: =TEXT(SUM(P21:P34),"#,##0")&" of "&TEXT(SUM(G21:G34),"#,##0")&" units on WOs" -> 0 of 51 units on WOs | H8: =COUNTIFS('Work Orders'!$A$6:$A$505,"?*",'Work Orders'!$I$6:$I$505,"Closed")&" closed · "&COUNTIF(J21:J34,"NO WO")&" codes with no WO" -> 0 closed · 14 codes with no WO | J8: =COUNTIF(J21:J34,"SHORT*")&" short · "&COUNTIF(J21:J34,"OVER")&" over" -> 0 short · 0 over | L8: =COUNTIF(N21:N34,"CHECK*")&" plan qty checks · "&COUNTIF('Work Orders'!$L$6:$L$505,"?*")&" WO entry flags" -> 0 plan qty checks · 0 WO entry flags
B10: COVERAGE BY SEQUENCE | I10: WORK-ORDER PIPELINE
B11: Sequence | C11: Codes | D11: Coverage | E11: Required | F11: WO Qty | G11: % | I11: Status | J11: WOs | K11: Qty | L11: Share of WOs
B12: LASER ASSY | C12: =COUNTIF($B$21:$B$34,B12) -> 2 | D12: =G12 -> 0 | E12: =SUMIFS($G$21:$G$34,$B$21:$B$34,B12) -> 3 | F12: =SUMIFS($P$21:$P$34,$B$21:$B$34,B12) -> 0 | G12: =IF(E12=0,0,F12/E12) -> 0 | I12: Planned | J12: =COUNTIFS('Work Orders'!$A$6:$A$505,"?*",'Work Orders'!$I$6:$I$505,"Planned")+COUNTIFS('Work Orders'!$A$6:$A$505,"?*",'Work Orders'!$I$6:$I$505,"") -> 0 | K12: =SUMIFS('Work Orders'!$H$6:$H$505,'Work Orders'!$A$6:$A$505,"?*",'Work Orders'!$I$6:$I$505,"Planned")+SUMIFS('Work Orders'!$H$6:$H$505,'Work Orders'!$A$6:$A$505,"?*",'Work Orders'!$I$6:$I$505,"") -> 0 | L12: =IF($H$7=0,0,J12/$H$7) -> 0
B13: PSB ASSY | C13: =COUNTIF($B$21:$B$34,B13) -> 1 | D13: =G13 -> 0 | E13: =SUMIFS($G$21:$G$34,$B$21:$B$34,B13) -> 3 | F13: =SUMIFS($P$21:$P$34,$B$21:$B$34,B13) -> 0 | G13: =IF(E13=0,0,F13/E13) -> 0 | I13: Released | J13: =COUNTIFS('Work Orders'!$A$6:$A$505,"?*",'Work Orders'!$I$6:$I$505,"Released") -> 0 | K13: =SUMIFS('Work Orders'!$H$6:$H$505,'Work Orders'!$A$6:$A$505,"?*",'Work Orders'!$I$6:$I$505,"Released") -> 0 | L13: =IF($H$7=0,0,J13/$H$7) -> 0
B14: OPF ASSY | C14: =COUNTIF($B$21:$B$34,B14) -> 2 | D14: =G14 -> 0 | E14: =SUMIFS($G$21:$G$34,$B$21:$B$34,B14) -> 3 | F14: =SUMIFS($P$21:$P$34,$B$21:$B$34,B14) -> 0 | G14: =IF(E14=0,0,F14/E14) -> 0 | I14: Kitted | J14: =COUNTIFS('Work Orders'!$A$6:$A$505,"?*",'Work Orders'!$I$6:$I$505,"Kitted") -> 0 | K14: =SUMIFS('Work Orders'!$H$6:$H$505,'Work Orders'!$A$6:$A$505,"?*",'Work Orders'!$I$6:$I$505,"Kitted") -> 0 | L14: =IF($H$7=0,0,J14/$H$7) -> 0
B15: POB ASSY | C15: =COUNTIF($B$21:$B$34,B15) -> 1 | D15: =G15 -> 0 | E15: =SUMIFS($G$21:$G$34,$B$21:$B$34,B15) -> 3 | F15: =SUMIFS($P$21:$P$34,$B$21:$B$34,B15) -> 0 | G15: =IF(E15=0,0,F15/E15) -> 0 | I15: Closed | J15: =COUNTIFS('Work Orders'!$A$6:$A$505,"?*",'Work Orders'!$I$6:$I$505,"Closed") -> 0 | K15: =SUMIFS('Work Orders'!$H$6:$H$505,'Work Orders'!$A$6:$A$505,"?*",'Work Orders'!$I$6:$I$505,"Closed") -> 0 | L15: =IF($H$7=0,0,J15/$H$7) -> 0
B16: ERBIUM ASSY | C16: =COUNTIF($B$21:$B$34,B16) -> 5 | D16: =G16 -> 0 | E16: =SUMIFS($G$21:$G$34,$B$21:$B$34,B16) -> 36 | F16: =SUMIFS($P$21:$P$34,$B$21:$B$34,B16) -> 0 | G16: =IF(E16=0,0,F16/E16) -> 0 | I16: Total | J16: =SUM(J12:J15) -> 0 | K16: =SUM(K12:K15) -> 0
B17: BOAT ASSY | C17: =COUNTIF($B$21:$B$34,B17) -> 3 | D17: =G17 -> 0 | E17: =SUMIFS($G$21:$G$34,$B$21:$B$34,B17) -> 3 | F17: =SUMIFS($P$21:$P$34,$B$21:$B$34,B17) -> 0 | G17: =IF(E17=0,0,F17/E17) -> 0 | I17: =IF(COUNTIF(N21:N34,"CHECK*")=0,"✓ Every release qty = default qty × repeaters","⚠ "&COUNTIF(N21:N34,"CHECK*")&" code(s): release qty ≠ default × repeaters — see Plan Check column") -> ✓ Every release qty = default qty × repeaters
B19: ASSEMBLY LEDGER | D19: Coverage = WO qty ÷ required qty for the selected view. Repeater views count each 'All' WO split evenly across the repeaters being released.
B20: Sequence | C20: Assy Code | D20: Description | E20: Release | F20: Default / Rep | G20: Required | H20: WO Qty | I20: Coverage | J20: Status | K20: WOs | L20: Closed Qty | M20: Work Order Nos. | N20: Plan Check
B21: ='Kitting Plan'!B5 -> LASER ASSY | C21: ='Kitting Plan'!C5 -> 92YLS00548BAA | D21: ='Kitting Plan'!D5 -> R5B LASER ASSEMBLY 4P BOAT 1 - E2A | E21: ='Kitting Plan'!E5 -> 1 | F21: ='Kitting Plan'!H5 -> 1 | G21: =IF($M$2="All",E21,F21) -> 1 | H21: =IF($M$2="All",SUMIFS('Work Orders'!$H$6:$H$505,'Work Orders'!$B$6:$B$505,C21),SUMIFS('Work Orders'!$H$6:$H$505,'Work Orders'!$B$6:$B$505,C21,'Work Orders'!$E$6:$E$505,$M$2)+(SUMIFS('Work Orders'!$H$6:$H$505,'Work Orders'!$B$6:$B$505,C21,'Work Orders'!$E$6:$E$505,"All")+SUMIFS('Work Orders'!$H$6:$H$505,'Work Orders'!$B$6:$B$505,C21,'Work Orders'!$E$6:$E$505,""))/'Kitting Plan'!G5) -> 0 | I21: =IF(G21=0,0,H21/G21) -> 0 | J21: =IF(H21=0,"NO WO",IF(H21>G21+0.0001,"OVER",IF(H21>=G21-0.0001,"COVERED","SHORT "&ROUND(G21-H21,1)))) -> NO WO | K21: =COUNTIFS('Work Orders'!$B$6:$B$505,C21,'Work Orders'!$A$6:$A$505,"?*") -> 0 | L21: =SUMIFS('Work Orders'!$H$6:$H$505,'Work Orders'!$B$6:$B$505,C21,'Work Orders'!$I$6:$I$505,"Closed") -> 0 | M21: {=_xlfn.TEXTJOIN(", ",TRUE(),IF(('Work Orders'!$B$6:$B$505=C21)*('Work Orders'!$A$6:$A$505<>""),'Work Orders'!$A$6:$A$505,""))} | N21: ='Kitting Plan'!I5 -> OK | P21: =MIN(H21,G21) -> 0
B22: ='Kitting Plan'!B6 -> LASER ASSY | C22: ='Kitting Plan'!C6 -> 92YLS00548BBA | D22: ='Kitting Plan'!D6 -> R5B LASER ASSEMBLY 4P BOAT 2/3 - E2A | E22: ='Kitting Plan'!E6 -> 2 | F22: ='Kitting Plan'!H6 -> 2 | G22: =IF($M$2="All",E22,F22) -> 2 | H22: =IF($M$2="All",SUMIFS('Work Orders'!$H$6:$H$505,'Work Orders'!$B$6:$B$505,C22),SUMIFS('Work Orders'!$H$6:$H$505,'Work Orders'!$B$6:$B$505,C22,'Work Orders'!$E$6:$E$505,$M$2)+(SUMIFS('Work Orders'!$H$6:$H$505,'Work Orders'!$B$6:$B$505,C22,'Work Orders'!$E$6:$E$505,"All")+SUMIFS('Work Orders'!$H$6:$H$505,'Work Orders'!$B$6:$B$505,C22,'Work Orders'!$E$6:$E$505,""))/'Kitting Plan'!G6) -> 0 | I22: =IF(G22=0,0,H22/G22) -> 0 | J22: =IF(H22=0,"NO WO",IF(H22>G22+0.0001,"OVER",IF(H22>=G22-0.0001,"COVERED","SHORT "&ROUND(G22-H22,1)))) -> NO WO | K22: =COUNTIFS('Work Orders'!$B$6:$B$505,C22,'Work Orders'!$A$6:$A$505,"?*") -> 0 | L22: =SUMIFS('Work Orders'!$H$6:$H$505,'Work Orders'!$B$6:$B$505,C22,'Work Orders'!$I$6:$I$505,"Closed") -> 0 | M22: {=_xlfn.TEXTJOIN(", ",TRUE(),IF(('Work Orders'!$B$6:$B$505=C22)*('Work Orders'!$A$6:$A$505<>""),'Work Orders'!$A$6:$A$505,""))} | N22: ='Kitting Plan'!I6 -> OK | P22: =MIN(H22,G22) -> 0
B23: ='Kitting Plan'!B7 -> PSB ASSY | C23: ='Kitting Plan'!C7 -> 91YAF03404AAA | D23: ='Kitting Plan'!D7 -> R5B PSB SUB ASSEMBLY 4P-4FP | E23: ='Kitting Plan'!E7 -> 3 | F23: ='Kitting Plan'!H7 -> 3 | G23: =IF($M$2="All",E23,F23) -> 3 | H23: =IF($M$2="All",SUMIFS('Work Orders'!$H$6:$H$505,'Work Orders'!$B$6:$B$505,C23),SUMIFS('Work Orders'!$H$6:$H$505,'Work Orders'!$B$6:$B$505,C23,'Work Orders'!$E$6:$E$505,$M$2)+(SUMIFS('Work Orders'!$H$6:$H$505,'Work Orders'!$B$6:$B$505,C23,'Work Orders'!$E$6:$E$505,"All")+SUMIFS('Work Orders'!$H$6:$H$505,'Work Orders'!$B$6:$B$505,C23,'Work Orders'!$E$6:$E$505,""))/'Kitting Plan'!G7) -> 0 | I23: =IF(G23=0,0,H23/G23) -> 0 | J23: =IF(H23=0,"NO WO",IF(H23>G23+0.0001,"OVER",IF(H23>=G23-0.0001,"COVERED","SHORT "&ROUND(G23-H23,1)))) -> NO WO | K23: =COUNTIFS('Work Orders'!$B$6:$B$505,C23,'Work Orders'!$A$6:$A$505,"?*") -> 0 | L23: =SUMIFS('Work Orders'!$H$6:$H$505,'Work Orders'!$B$6:$B$505,C23,'Work Orders'!$I$6:$I$505,"Closed") -> 0 | M23: {=_xlfn.TEXTJOIN(", ",TRUE(),IF(('Work Orders'!$B$6:$B$505=C23)*('Work Orders'!$A$6:$A$505<>""),'Work Orders'!$A$6:$A$505,""))} | N23: ='Kitting Plan'!I7 -> OK | P23: =MIN(H23,G23) -> 0
B24: ='Kitting Plan'!B8 -> OPF ASSY | C24: ='Kitting Plan'!C8 -> 92YFD04548BAA | D24: ='Kitting Plan'!D8 -> R5B OPF ASSEMBLY (4P-4FP) BOAT 1 - E2A | E24: ='Kitting Plan'!E8 -> 1 | F24: ='Kitting Plan'!H8 -> 1 | G24: =IF($M$2="All",E24,F24) -> 1 | H24: =IF($M$2="All",SUMIFS('Work Orders'!$H$6:$H$505,'Work Orders'!$B$6:$B$505,C24),SUMIFS('Work Orders'!$H$6:$H$505,'Work Orders'!$B$6:$B$505,C24,'Work Orders'!$E$6:$E$505,$M$2)+(SUMIFS('Work Orders'!$H$6:$H$505,'Work Orders'!$B$6:$B$505,C24,'Work Orders'!$E$6:$E$505,"All")+SUMIFS('Work Orders'!$H$6:$H$505,'Work Orders'!$B$6:$B$505,C24,'Work Orders'!$E$6:$E$505,""))/'Kitting Plan'!G8) -> 0 | I24: =IF(G24=0,0,H24/G24) -> 0 | J24: =IF(H24=0,"NO WO",IF(H24>G24+0.0001,"OVER",IF(H24>=G24-0.0001,"COVERED","SHORT "&ROUND(G24-H24,1)))) -> NO WO | K24: =COUNTIFS('Work Orders'!$B$6:$B$505,C24,'Work Orders'!$A$6:$A$505,"?*") -> 0 | L24: =SUMIFS('Work Orders'!$H$6:$H$505,'Work Orders'!$B$6:$B$505,C24,'Work Orders'!$I$6:$I$505,"Closed") -> 0 | M24: {=_xlfn.TEXTJOIN(", ",TRUE(),IF(('Work Orders'!$B$6:$B$505=C24)*('Work Orders'!$A$6:$A$505<>""),'Work Orders'!$A$6:$A$505,""))} | N24: ='Kitting Plan'!I8 -> OK | P24: =MIN(H24,G24) -> 0
B25: ='Kitting Plan'!B9 -> OPF ASSY | C25: ='Kitting Plan'!C9 -> 92YFD04548BBA | D25: ='Kitting Plan'!D9 -> R5B OPF ASSEMBLY (4P-4FP) BOAT 2/3 - E2A | E25: ='Kitting Plan'!E9 -> 2 | F25: ='Kitting Plan'!H9 -> 2 | G25: =IF($M$2="All",E25,F25) -> 2 | H25: =IF($M$2="All",SUMIFS('Work Orders'!$H$6:$H$505,'Work Orders'!$B$6:$B$505,C25),SUMIFS('Work Orders'!$H$6:$H$505,'Work Orders'!$B$6:$B$505,C25,'Work Orders'!$E$6:$E$505,$M$2)+(SUMIFS('Work Orders'!$H$6:$H$505,'Work Orders'!$B$6:$B$505,C25,'Work Orders'!$E$6:$E$505,"All")+SUMIFS('Work Orders'!$H$6:$H$505,'Work Orders'!$B$6:$B$505,C25,'Work Orders'!$E$6:$E$505,""))/'Kitting Plan'!G9) -> 0 | I25: =IF(G25=0,0,H25/G25) -> 0 | J25: =IF(H25=0,"NO WO",IF(H25>G25+0.0001,"OVER",IF(H25>=G25-0.0001,"COVERED","SHORT "&ROUND(G25-H25,1)))) -> NO WO | K25: =COUNTIFS('Work Orders'!$B$6:$B$505,C25,'Work Orders'!$A$6:$A$505,"?*") -> 0 | L25: =SUMIFS('Work Orders'!$H$6:$H$505,'Work Orders'!$B$6:$B$505,C25,'Work Orders'!$I$6:$I$505,"Closed") -> 0 | M25: {=_xlfn.TEXTJOIN(", ",TRUE(),IF(('Work Orders'!$B$6:$B$505=C25)*('Work Orders'!$A$6:$A$505<>""),'Work Orders'!$A$6:$A$505,""))} | N25: ='Kitting Plan'!I9 -> OK | P25: =MIN(H25,G25) -> 0
B26: ='Kitting Plan'!B10 -> POB ASSY | C26: ='Kitting Plan'!C10 -> 92YWS04548AAA | D26: ='Kitting Plan'!D10 -> R5B 4FP POB LUMENTUM SUB ASSEMBLY - E2A | E26: ='Kitting Plan'!E10 -> 3 | F26: ='Kitting Plan'!H10 -> 3 | G26: =IF($M$2="All",E26,F26) -> 3 | H26: =IF($M$2="All",SUMIFS('Work Orders'!$H$6:$H$505,'Work Orders'!$B$6:$B$505,C26),SUMIFS('Work Orders'!$H$6:$H$505,'Work Orders'!$B$6:$B$505,C26,'Work Orders'!$E$6:$E$505,$M$2)+(SUMIFS('Work Orders'!$H$6:$H$505,'Work Orders'!$B$6:$B$505,C26,'Work Orders'!$E$6:$E$505,"All")+SUMIFS('Work Orders'!$H$6:$H$505,'Work Orders'!$B$6:$B$505,C26,'Work Orders'!$E$6:$E$505,""))/'Kitting Plan'!G10) -> 0 | I26: =IF(G26=0,0,H26/G26) -> 0 | J26: =IF(H26=0,"NO WO",IF(H26>G26+0.0001,"OVER",IF(H26>=G26-0.0001,"COVERED","SHORT "&ROUND(G26-H26,1)))) -> NO WO | K26: =COUNTIFS('Work Orders'!$B$6:$B$505,C26,'Work Orders'!$A$6:$A$505,"?*") -> 0 | L26: =SUMIFS('Work Orders'!$H$6:$H$505,'Work Orders'!$B$6:$B$505,C26,'Work Orders'!$I$6:$I$505,"Closed") -> 0 | M26: {=_xlfn.TEXTJOIN(", ",TRUE(),IF(('Work Orders'!$B$6:$B$505=C26)*('Work Orders'!$A$6:$A$505<>""),'Work Orders'!$A$6:$A$505,""))} | N26: ='Kitting Plan'!I10 -> OK | P26: =MIN(H26,G26) -> 0
B27: ='Kitting Plan'!B11 -> ERBIUM ASSY | C27: ='Kitting Plan'!C11 -> 92RRA00548AAA | D27: ='Kitting Plan'!D11 -> R5B ERBIUM SPOOL ASSEMBLY - E2A | E27: ='Kitting Plan'!E11 -> 24 | F27: ='Kitting Plan'!H11 -> 24 | G27: =IF($M$2="All",E27,F27) -> 24 | H27: =IF($M$2="All",SUMIFS('Work Orders'!$H$6:$H$505,'Work Orders'!$B$6:$B$505,C27),SUMIFS('Work Orders'!$H$6:$H$505,'Work Orders'!$B$6:$B$505,C27,'Work Orders'!$E$6:$E$505,$M$2)+(SUMIFS('Work Orders'!$H$6:$H$505,'Work Orders'!$B$6:$B$505,C27,'Work Orders'!$E$6:$E$505,"All")+SUMIFS('Work Orders'!$H$6:$H$505,'Work Orders'!$B$6:$B$505,C27,'Work Orders'!$E$6:$E$505,""))/'Kitting Plan'!G11) -> 0 | I27: =IF(G27=0,0,H27/G27) -> 0 | J27: =IF(H27=0,"NO WO",IF(H27>G27+0.0001,"OVER",IF(H27>=G27-0.0001,"COVERED","SHORT "&ROUND(G27-H27,1)))) -> NO WO | K27: =COUNTIFS('Work Orders'!$B$6:$B$505,C27,'Work Orders'!$A$6:$A$505,"?*") -> 0 | L27: =SUMIFS('Work Orders'!$H$6:$H$505,'Work Orders'!$B$6:$B$505,C27,'Work Orders'!$I$6:$I$505,"Closed") -> 0 | M27: {=_xlfn.TEXTJOIN(", ",TRUE(),IF(('Work Orders'!$B$6:$B$505=C27)*('Work Orders'!$A$6:$A$505<>""),'Work Orders'!$A$6:$A$505,""))} | N27: ='Kitting Plan'!I11 -> OK | P27: =MIN(H27,G27) -> 0
B28: ='Kitting Plan'!B12 -> ERBIUM ASSY | C28: ='Kitting Plan'!C12 -> 92YRA01548AAA | D28: ='Kitting Plan'!D12 -> R5B ERBIUM ASSEMBLY POSITION 1 | E28: ='Kitting Plan'!E12 -> 3 | F28: ='Kitting Plan'!H12 -> 3 | G28: =IF($M$2="All",E28,F28) -> 3 | H28: =IF($M$2="All",SUMIFS('Work Orders'!$H$6:$H$505,'Work Orders'!$B$6:$B$505,C28),SUMIFS('Work Orders'!$H$6:$H$505,'Work Orders'!$B$6:$B$505,C28,'Work Orders'!$E$6:$E$505,$M$2)+(SUMIFS('Work Orders'!$H$6:$H$505,'Work Orders'!$B$6:$B$505,C28,'Work Orders'!$E$6:$E$505,"All")+SUMIFS('Work Orders'!$H$6:$H$505,'Work Orders'!$B$6:$B$505,C28,'Work Orders'!$E$6:$E$505,""))/'Kitting Plan'!G12) -> 0 | I28: =IF(G28=0,0,H28/G28) -> 0 | J28: =IF(H28=0,"NO WO",IF(H28>G28+0.0001,"OVER",IF(H28>=G28-0.0001,"COVERED","SHORT "&ROUND(G28-H28,1)))) -> NO WO | K28: =COUNTIFS('Work Orders'!$B$6:$B$505,C28,'Work Orders'!$A$6:$A$505,"?*") -> 0 | L28: =SUMIFS('Work Orders'!$H$6:$H$505,'Work Orders'!$B$6:$B$505,C28,'Work Orders'!$I$6:$I$505,"Closed") -> 0 | M28: {=_xlfn.TEXTJOIN(", ",TRUE(),IF(('Work Orders'!$B$6:$B$505=C28)*('Work Orders'!$A$6:$A$505<>""),'Work Orders'!$A$6:$A$505,""))} | N28: ='Kitting Plan'!I12 -> OK | P28: =MIN(H28,G28) -> 0
B29: ='Kitting Plan'!B13 -> ERBIUM ASSY | C29: ='Kitting Plan'!C13 -> 92YRA02548AAA | D29: ='Kitting Plan'!D13 -> R5B ERBIUM ASSEMBLY POSITION 2 | E29: ='Kitting Plan'!E13 -> 3 | F29: ='Kitting Plan'!H13 -> 3 | G29: =IF($M$2="All",E29,F29) -> 3 | H29: =IF($M$2="All",SUMIFS('Work Orders'!$H$6:$H$505,'Work Orders'!$B$6:$B$505,C29),SUMIFS('Work Orders'!$H$6:$H$505,'Work Orders'!$B$6:$B$505,C29,'Work Orders'!$E$6:$E$505,$M$2)+(SUMIFS('Work Orders'!$H$6:$H$505,'Work Orders'!$B$6:$B$505,C29,'Work Orders'!$E$6:$E$505,"All")+SUMIFS('Work Orders'!$H$6:$H$505,'Work Orders'!$B$6:$B$505,C29,'Work Orders'!$E$6:$E$505,""))/'Kitting Plan'!G13) -> 0 | I29: =IF(G29=0,0,H29/G29) -> 0 | J29: =IF(H29=0,"NO WO",IF(H29>G29+0.0001,"OVER",IF(H29>=G29-0.0001,"COVERED","SHORT "&ROUND(G29-H29,1)))) -> NO WO | K29: =COUNTIFS('Work Orders'!$B$6:$B$505,C29,'Work Orders'!$A$6:$A$505,"?*") -> 0 | L29: =SUMIFS('Work Orders'!$H$6:$H$505,'Work Orders'!$B$6:$B$505,C29,'Work Orders'!$I$6:$I$505,"Closed") -> 0 | M29: {=_xlfn.TEXTJOIN(", ",TRUE(),IF(('Work Orders'!$B$6:$B$505=C29)*('Work Orders'!$A$6:$A$505<>""),'Work Orders'!$A$6:$A$505,""))} | N29: ='Kitting Plan'!I13 -> OK | P29: =MIN(H29,G29) -> 0
B30: ='Kitting Plan'!B14 -> ERBIUM ASSY | C30: ='Kitting Plan'!C14 -> 92YRA03548AAA | D30: ='Kitting Plan'!D14 -> R5B ERBIUM ASSEMBLY POSITION 3 | E30: ='Kitting Plan'!E14 -> 3 | F30: ='Kitting Plan'!H14 -> 3 | G30: =IF($M$2="All",E30,F30) -> 3 | H30: =IF($M$2="All",SUMIFS('Work Orders'!$H$6:$H$505,'Work Orders'!$B$6:$B$505,C30),SUMIFS('Work Orders'!$H$6:$H$505,'Work Orders'!$B$6:$B$505,C30,'Work Orders'!$E$6:$E$505,$M$2)+(SUMIFS('Work Orders'!$H$6:$H$505,'Work Orders'!$B$6:$B$505,C30,'Work Orders'!$E$6:$E$505,"All")+SUMIFS('Work Orders'!$H$6:$H$505,'Work Orders'!$B$6:$B$505,C30,'Work Orders'!$E$6:$E$505,""))/'Kitting Plan'!G14) -> 0 | I30: =IF(G30=0,0,H30/G30) -> 0 | J30: =IF(H30=0,"NO WO",IF(H30>G30+0.0001,"OVER",IF(H30>=G30-0.0001,"COVERED","SHORT "&ROUND(G30-H30,1)))) -> NO WO | K30: =COUNTIFS('Work Orders'!$B$6:$B$505,C30,'Work Orders'!$A$6:$A$505,"?*") -> 0 | L30: =SUMIFS('Work Orders'!$H$6:$H$505,'Work Orders'!$B$6:$B$505,C30,'Work Orders'!$I$6:$I$505,"Closed") -> 0 | M30: {=_xlfn.TEXTJOIN(", ",TRUE(),IF(('Work Orders'!$B$6:$B$505=C30)*('Work Orders'!$A$6:$A$505<>""),'Work Orders'!$A$6:$A$505,""))} | N30: ='Kitting Plan'!I14 -> OK | P30: =MIN(H30,G30) -> 0
B31: ='Kitting Plan'!B15 -> ERBIUM ASSY | C31: ='Kitting Plan'!C15 -> 92YRA04548AAA | D31: ='Kitting Plan'!D15 -> R5B ERBIUM ASSEMBLY POSITION 4 | E31: ='Kitting Plan'!E15 -> 3 | F31: ='Kitting Plan'!H15 -> 3 | G31: =IF($M$2="All",E31,F31) -> 3 | H31: =IF($M$2="All",SUMIFS('Work Orders'!$H$6:$H$505,'Work Orders'!$B$6:$B$505,C31),SUMIFS('Work Orders'!$H$6:$H$505,'Work Orders'!$B$6:$B$505,C31,'Work Orders'!$E$6:$E$505,$M$2)+(SUMIFS('Work Orders'!$H$6:$H$505,'Work Orders'!$B$6:$B$505,C31,'Work Orders'!$E$6:$E$505,"All")+SUMIFS('Work Orders'!$H$6:$H$505,'Work Orders'!$B$6:$B$505,C31,'Work Orders'!$E$6:$E$505,""))/'Kitting Plan'!G15) -> 0 | I31: =IF(G31=0,0,H31/G31) -> 0 | J31: =IF(H31=0,"NO WO",IF(H31>G31+0.0001,"OVER",IF(H31>=G31-0.0001,"COVERED","SHORT "&ROUND(G31-H31,1)))) -> NO WO | K31: =COUNTIFS('Work Orders'!$B$6:$B$505,C31,'Work Orders'!$A$6:$A$505,"?*") -> 0 | L31: =SUMIFS('Work Orders'!$H$6:$H$505,'Work Orders'!$B$6:$B$505,C31,'Work Orders'!$I$6:$I$505,"Closed") -> 0 | M31: {=_xlfn.TEXTJOIN(", ",TRUE(),IF(('Work Orders'!$B$6:$B$505=C31)*('Work Orders'!$A$6:$A$505<>""),'Work Orders'!$A$6:$A$505,""))} | N31: ='Kitting Plan'!I15 -> OK | P31: =MIN(H31,G31) -> 0
B32: ='Kitting Plan'!B16 -> BOAT ASSY | C32: ='Kitting Plan'!C16 -> 92UAP04548BAA | D32: ='Kitting Plan'!D16 -> R5B BOAT 1 ASSY (4P-4FP) | E32: ='Kitting Plan'!E16 -> 1 | F32: ='Kitting Plan'!H16 -> 1 | G32: =IF($M$2="All",E32,F32) -> 1 | H32: =IF($M$2="All",SUMIFS('Work Orders'!$H$6:$H$505,'Work Orders'!$B$6:$B$505,C32),SUMIFS('Work Orders'!$H$6:$H$505,'Work Orders'!$B$6:$B$505,C32,'Work Orders'!$E$6:$E$505,$M$2)+(SUMIFS('Work Orders'!$H$6:$H$505,'Work Orders'!$B$6:$B$505,C32,'Work Orders'!$E$6:$E$505,"All")+SUMIFS('Work Orders'!$H$6:$H$505,'Work Orders'!$B$6:$B$505,C32,'Work Orders'!$E$6:$E$505,""))/'Kitting Plan'!G16) -> 0 | I32: =IF(G32=0,0,H32/G32) -> 0 | J32: =IF(H32=0,"NO WO",IF(H32>G32+0.0001,"OVER",IF(H32>=G32-0.0001,"COVERED","SHORT "&ROUND(G32-H32,1)))) -> NO WO | K32: =COUNTIFS('Work Orders'!$B$6:$B$505,C32,'Work Orders'!$A$6:$A$505,"?*") -> 0 | L32: =SUMIFS('Work Orders'!$H$6:$H$505,'Work Orders'!$B$6:$B$505,C32,'Work Orders'!$I$6:$I$505,"Closed") -> 0 | M32: {=_xlfn.TEXTJOIN(", ",TRUE(),IF(('Work Orders'!$B$6:$B$505=C32)*('Work Orders'!$A$6:$A$505<>""),'Work Orders'!$A$6:$A$505,""))} | N32: ='Kitting Plan'!I16 -> OK | P32: =MIN(H32,G32) -> 0
... B34: ='Kitting Plan'!B18 -> BOAT ASSY | C34: ='Kitting Plan'!C18 -> 92UAP04548BCA | D34: ='Kitting Plan'!D18 -> R5B BOAT 3 ASSY (4P-4FP) | E34: ='Kitting Plan'!E18 -> 1 | F34: ='Kitting Plan'!H18 -> 1 | G34: =IF($M$2="All",E34,F34) -> 1 | H34: =IF($M$2="All",SUMIFS('Work Orders'!$H$6:$H$505,'Work Orders'!$B$6:$B$505,C34),SUMIFS('Work Orders'!$H$6:$H$505,'Work Orders'!$B$6:$B$505,C34,'Work Orders'!$E$6:$E$505,$M$2)+(SUMIFS('Work Orders'!$H$6:$H$505,'Work Orders'!$B$6:$B$505,C34,'Work Orders'!$E$6:$E$505,"All")+SUMIFS('Work Orders'!$H$6:$H$505,'Work Orders'!$B$6:$B$505,C34,'Work Orders'!$E$6:$E$505,""))/'Kitting Plan'!G18) -> 0 | I34: =IF(G34=0,0,H34/G34) -> 0 | J34: =IF(H34=0,"NO WO",IF(H34>G34+0.0001,"OVER",IF(H34>=G34-0.0001,"COVERED","SHORT "&ROUND(G34-H34,1)))) -> NO WO | K34: =COUNTIFS('Work Orders'!$B$6:$B$505,C34,'Work Orders'!$A$6:$A$505,"?*") -> 0 | L34: =SUMIFS('Work Orders'!$H$6:$H$505,'Work Orders'!$B$6:$B$505,C34,'Work Orders'!$I$6:$I$505,"Closed") -> 0 | M34: {=_xlfn.TEXTJOIN(", ",TRUE(),IF(('Work Orders'!$B$6:$B$505=C34)*('Work Orders'!$A$6:$A$505<>""),'Work Orders'!$A$6:$A$505,""))} | N34: ='Kitting Plan'!I18 -> OK | P34: =MIN(H34,G34) -> 0

Sheet Kitting Plan
A1: KITTING PLAN — MASTER DATA
A2: Source: kitting plan table supplied by the user (R5B · E2A 12FP Cold T5 · 92ERP12548A++ · 12FP · WK 40). Blue cells are inputs; edit them when the plan changes.
A4: Contract | B4: Sequence | C4: Assy Code | D4: Assy Description | E4: Release | F4: Repeater No. | G4: No. of Rep to Rel | H4: Default Qty | I4: Check
A5: R5B | B5: LASER ASSY | C5: 92YLS00548BAA | D5: R5B LASER ASSEMBLY 4P BOAT 1 - E2A | E5: 1 | F5: 1-13 | G5: 1 | H5: 1 | I5: =IF(E5=H5*G5,"OK","CHECK: release ≠ default × reps ("&H5*G5&")") -> OK
A6: R5B | B6: LASER ASSY | C6: 92YLS00548BBA | D6: R5B LASER ASSEMBLY 4P BOAT 2/3 - E2A | E6: 2 | F6: 1-13 | G6: 1 | H6: 2 | I6: =IF(E6=H6*G6,"OK","CHECK: release ≠ default × reps ("&H6*G6&")") -> OK
A7: R5B | B7: PSB ASSY | C7: 91YAF03404AAA | D7: R5B PSB SUB ASSEMBLY 4P-4FP | E7: 3 | F7: 1-13 | G7: 1 | H7: 3 | I7: =IF(E7=H7*G7,"OK","CHECK: release ≠ default × reps ("&H7*G7&")") -> OK
A8: R5B | B8: OPF ASSY | C8: 92YFD04548BAA | D8: R5B OPF ASSEMBLY (4P-4FP) BOAT 1 - E2A | E8: 1 | F8: 1-13 | G8: 1 | H8: 1 | I8: =IF(E8=H8*G8,"OK","CHECK: release ≠ default × reps ("&H8*G8&")") -> OK
A9: R5B | B9: OPF ASSY | C9: 92YFD04548BBA | D9: R5B OPF ASSEMBLY (4P-4FP) BOAT 2/3 - E2A | E9: 2 | F9: 1-13 | G9: 1 | H9: 2 | I9: =IF(E9=H9*G9,"OK","CHECK: release ≠ default × reps ("&H9*G9&")") -> OK
A10: R5B | B10: POB ASSY | C10: 92YWS04548AAA | D10: R5B 4FP POB LUMENTUM SUB ASSEMBLY - E2A | E10: 3 | F10: 1-13 | G10: 1 | H10: 3 | I10: =IF(E10=H10*G10,"OK","CHECK: release ≠ default × reps ("&H10*G10&")") -> OK
A11: R5B | B11: ERBIUM ASSY | C11: 92RRA00548AAA | D11: R5B ERBIUM SPOOL ASSEMBLY - E2A | E11: 24 | F11: 1-13 | G11: 1 | H11: 24 | I11: =IF(E11=H11*G11,"OK","CHECK: release ≠ default × reps ("&H11*G11&")") -> OK
A12: R5B | B12: ERBIUM ASSY | C12: 92YRA01548AAA | D12: R5B ERBIUM ASSEMBLY POSITION 1 | E12: 3 | F12: 1-13 | G12: 1 | H12: 3 | I12: =IF(E12=H12*G12,"OK","CHECK: release ≠ default × reps ("&H12*G12&")") -> OK
A13: R5B | B13: ERBIUM ASSY | C13: 92YRA02548AAA | D13: R5B ERBIUM ASSEMBLY POSITION 2 | E13: 3 | F13: 1-13 | G13: 1 | H13: 3 | I13: =IF(E13=H13*G13,"OK","CHECK: release ≠ default × reps ("&H13*G13&")") -> OK
A14: R5B | B14: ERBIUM ASSY | C14: 92YRA03548AAA | D14: R5B ERBIUM ASSEMBLY POSITION 3 | E14: 3 | F14: 1-13 | G14: 1 | H14: 3 | I14: =IF(E14=H14*G14,"OK","CHECK: release ≠ default × reps ("&H14*G14&")") -> OK
A15: R5B | B15: ERBIUM ASSY | C15: 92YRA04548AAA | D15: R5B ERBIUM ASSEMBLY POSITION 4 | E15: 3 | F15: 1-13 | G15: 1 | H15: 3 | I15: =IF(E15=H15*G15,"OK","CHECK: release ≠ default × reps ("&H15*G15&")") -> OK
A16: R5B | B16: BOAT ASSY | C16: 92UAP04548BAA | D16: R5B BOAT 1 ASSY (4P-4FP) | E16: 1 | F16: 1-13 | G16: 1 | H16: 1 | I16: =IF(E16=H16*G16,"OK","CHECK: release ≠ default × reps ("&H16*G16&")") -> OK
... A18: R5B | B18: BOAT ASSY | C18: 92UAP04548BCA | D18: R5B BOAT 3 ASSY (4P-4FP) | E18: 1 | F18: 1-13 | G18: 1 | H18: 1 | I18: =IF(E18=H18*G18,"OK","CHECK: release ≠ default × reps ("&H18*G18&")") -> OK
A20: Contract details shown on the Dashboard
A21: Contract | B21: R5B
A22: Program | B22: E2A 12FP Cold T5
A23: ERP item | B23: 92ERP12548A++
A24: Config | B24: 12FP
A25: Kitting week | B25: WK 40
A26: Repeaters | B26: 1-13 · 1 to release

Sheet Work Orders
A1: WORK ORDERS
A2: Type the WO number and pick the assy code. Quantity fills in automatically from the kitting plan (release qty, or default qty when a single repeater is chosen).
A3: Blue columns = you type. Grey columns = automatic. Use 'Qty Override' only when the WO quantity differs from the plan.
E4: Blank = All | G4: Leave blank to use Listed Qty | I4: Blank = Planned
A5: WO No. | B5: Assy Code | C5: Description | D5: Sequence | E5: Repeater | F5: Listed Qty | G5: Qty Override | H5: WO Qty | I5: Status | J5: Release Date | K5: Remarks | L5: Flag
C6: =IF(B6="","",IFERROR(INDEX('Kitting Plan'!$D$5:$D$18,MATCH(B6,'Kitting Plan'!$C$5:$C$18,0)),"Unknown code")) | D6: =IF(B6="","",IFERROR(INDEX('Kitting Plan'!$B$5:$B$18,MATCH(B6,'Kitting Plan'!$C$5:$C$18,0)),"")) | F6: =IF(B6="","",IFERROR(IF(OR(E6="",E6="All"),INDEX('Kitting Plan'!$E$5:$E$18,MATCH(B6,'Kitting Plan'!$C$5:$C$18,0)),INDEX('Kitting Plan'!$H$5:$H$18,MATCH(B6,'Kitting Plan'!$C$5:$C$18,0))),"")) | H6: =IF(B6="","",IF(G6="",F6,G6)) | L6: =IF(A6="","",IF(B6="","Missing code",IF(C6="Unknown code","Unknown code",IF(COUNTIF($A$6:$A$505,A6)>1,"Duplicate WO",""))))
C7: =IF(B7="","",IFERROR(INDEX('Kitting Plan'!$D$5:$D$18,MATCH(B7,'Kitting Plan'!$C$5:$C$18,0)),"Unknown code")) | D7: =IF(B7="","",IFERROR(INDEX('Kitting Plan'!$B$5:$B$18,MATCH(B7,'Kitting Plan'!$C$5:$C$18,0)),"")) | F7: =IF(B7="","",IFERROR(IF(OR(E7="",E7="All"),INDEX('Kitting Plan'!$E$5:$E$18,MATCH(B7,'Kitting Plan'!$C$5:$C$18,0)),INDEX('Kitting Plan'!$H$5:$H$18,MATCH(B7,'Kitting Plan'!$C$5:$C$18,0))),"")) | H7: =IF(B7="","",IF(G7="",F7,G7)) | L7: =IF(A7="","",IF(B7="","Missing code",IF(C7="Unknown code","Unknown code",IF(COUNTIF($A$6:$A$505,A7)>1,"Duplicate WO",""))))
C8: =IF(B8="","",IFERROR(INDEX('Kitting Plan'!$D$5:$D$18,MATCH(B8,'Kitting Plan'!$C$5:$C$18,0)),"Unknown code")) | D8: =IF(B8="","",IFERROR(INDEX('Kitting Plan'!$B$5:$B$18,MATCH(B8,'Kitting Plan'!$C$5:$C$18,0)),"")) | F8: =IF(B8="","",IFERROR(IF(OR(E8="",E8="All"),INDEX('Kitting Plan'!$E$5:$E$18,MATCH(B8,'Kitting Plan'!$C$5:$C$18,0)),INDEX('Kitting Plan'!$H$5:$H$18,MATCH(B8,'Kitting Plan'!$C$5:$C$18,0))),"")) | H8: =IF(B8="","",IF(G8="",F8,G8)) | L8: =IF(A8="","",IF(B8="","Missing code",IF(C8="Unknown code","Unknown code",IF(COUNTIF($A$6:$A$505,A8)>1,"Duplicate WO",""))))
C9: =IF(B9="","",IFERROR(INDEX('Kitting Plan'!$D$5:$D$18,MATCH(B9,'Kitting Plan'!$C$5:$C$18,0)),"Unknown code")) | D9: =IF(B9="","",IFERROR(INDEX('Kitting Plan'!$B$5:$B$18,MATCH(B9,'Kitting Plan'!$C$5:$C$18,0)),"")) | F9: =IF(B9="","",IFERROR(IF(OR(E9="",E9="All"),INDEX('Kitting Plan'!$E$5:$E$18,MATCH(B9,'Kitting Plan'!$C$5:$C$18,0)),INDEX('Kitting Plan'!$H$5:$H$18,MATCH(B9,'Kitting Plan'!$C$5:$C$18,0))),"")) | H9: =IF(B9="","",IF(G9="",F9,G9)) | L9: =IF(A9="","",IF(B9="","Missing code",IF(C9="Unknown code","Unknown code",IF(COUNTIF($A$6:$A$505,A9)>1,"Duplicate WO",""))))
C10: =IF(B10="","",IFERROR(INDEX('Kitting Plan'!$D$5:$D$18,MATCH(B10,'Kitting Plan'!$C$5:$C$18,0)),"Unknown code")) | D10: =IF(B10="","",IFERROR(INDEX('Kitting Plan'!$B$5:$B$18,MATCH(B10,'Kitting Plan'!$C$5:$C$18,0)),"")) | F10: =IF(B10="","",IFERROR(IF(OR(E10="",E10="All"),INDEX('Kitting Plan'!$E$5:$E$18,MATCH(B10,'Kitting Plan'!$C$5:$C$18,0)),INDEX('Kitting Plan'!$H$5:$H$18,MATCH(B10,'Kitting Plan'!$C$5:$C$18,0))),"")) | H10: =IF(B10="","",IF(G10="",F10,G10)) | L10: =IF(A10="","",IF(B10="","Missing code",IF(C10="Unknown code","Unknown code",IF(COUNTIF($A$6:$A$505,A10)>1,"Duplicate WO",""))))
C11: =IF(B11="","",IFERROR(INDEX('Kitting Plan'!$D$5:$D$18,MATCH(B11,'Kitting Plan'!$C$5:$C$18,0)),"Unknown code")) | D11: =IF(B11="","",IFERROR(INDEX('Kitting Plan'!$B$5:$B$18,MATCH(B11,'Kitting Plan'!$C$5:$C$18,0)),"")) | F11: =IF(B11="","",IFERROR(IF(OR(E11="",E11="All"),INDEX('Kitting Plan'!$E$5:$E$18,MATCH(B11,'Kitting Plan'!$C$5:$C$18,0)),INDEX('Kitting Plan'!$H$5:$H$18,MATCH(B11,'Kitting Plan'!$C$5:$C$18,0))),"")) | H11: =IF(B11="","",IF(G11="",F11,G11)) | L11: =IF(A11="","",IF(B11="","Missing code",IF(C11="Unknown code","Unknown code",IF(COUNTIF($A$6:$A$505,A11)>1,"Duplicate WO",""))))
C12: =IF(B12="","",IFERROR(INDEX('Kitting Plan'!$D$5:$D$18,MATCH(B12,'Kitting Plan'!$C$5:$C$18,0)),"Unknown code")) | D12: =IF(B12="","",IFERROR(INDEX('Kitting Plan'!$B$5:$B$18,MATCH(B12,'Kitting Plan'!$C$5:$C$18,0)),"")) | F12: =IF(B12="","",IFERROR(IF(OR(E12="",E12="All"),INDEX('Kitting Plan'!$E$5:$E$18,MATCH(B12,'Kitting Plan'!$C$5:$C$18,0)),INDEX('Kitting Plan'!$H$5:$H$18,MATCH(B12,'Kitting Plan'!$C$5:$C$18,0))),"")) | H12: =IF(B12="","",IF(G12="",F12,G12)) | L12: =IF(A12="","",IF(B12="","Missing code",IF(C12="Unknown code","Unknown code",IF(COUNTIF($A$6:$A$505,A12)>1,"Duplicate WO",""))))
C13: =IF(B13="","",IFERROR(INDEX('Kitting Plan'!$D$5:$D$18,MATCH(B13,'Kitting Plan'!$C$5:$C$18,0)),"Unknown code")) | D13: =IF(B13="","",IFERROR(INDEX('Kitting Plan'!$B$5:$B$18,MATCH(B13,'Kitting Plan'!$C$5:$C$18,0)),"")) | F13: =IF(B13="","",IFERROR(IF(OR(E13="",E13="All"),INDEX('Kitting Plan'!$E$5:$E$18,MATCH(B13,'Kitting Plan'!$C$5:$C$18,0)),INDEX('Kitting Plan'!$H$5:$H$18,MATCH(B13,'Kitting Plan'!$C$5:$C$18,0))),"")) | H13: =IF(B13="","",IF(G13="",F13,G13)) | L13: =IF(A13="","",IF(B13="","Missing code",IF(C13="Unknown code","Unknown code",IF(COUNTIF($A$6:$A$505,A13)>1,"Duplicate WO",""))))
C14: =IF(B14="","",IFERROR(INDEX('Kitting Plan'!$D$5:$D$18,MATCH(B14,'Kitting Plan'!$C$5:$C$18,0)),"Unknown code")) | D14: =IF(B14="","",IFERROR(INDEX('Kitting Plan'!$B$5:$B$18,MATCH(B14,'Kitting Plan'!$C$5:$C$18,0)),"")) | F14: =IF(B14="","",IFERROR(IF(OR(E14="",E14="All"),INDEX('Kitting Plan'!$E$5:$E$18,MATCH(B14,'Kitting Plan'!$C$5:$C$18,0)),INDEX('Kitting Plan'!$H$5:$H$18,MATCH(B14,'Kitting Plan'!$C$5:$C$18,0))),"")) | H14: =IF(B14="","",IF(G14="",F14,G14)) | L14: =IF(A14="","",IF(B14="","Missing code",IF(C14="Unknown code","Unknown code",IF(COUNTIF($A$6:$A$505,A14)>1,"Duplicate WO",""))))
C15: =IF(B15="","",IFERROR(INDEX('Kitting Plan'!$D$5:$D$18,MATCH(B15,'Kitting Plan'!$C$5:$C$18,0)),"Unknown code")) | D15: =IF(B15="","",IFERROR(INDEX('Kitting Plan'!$B$5:$B$18,MATCH(B15,'Kitting Plan'!$C$5:$C$18,0)),"")) | F15: =IF(B15="","",IFERROR(IF(OR(E15="",E15="All"),INDEX('Kitting Plan'!$E$5:$E$18,MATCH(B15,'Kitting Plan'!$C$5:$C$18,0)),INDEX('Kitting Plan'!$H$5:$H$18,MATCH(B15,'Kitting Plan'!$C$5:$C$18,0))),"")) | H15: =IF(B15="","",IF(G15="",F15,G15)) | L15: =IF(A15="","",IF(B15="","Missing code",IF(C15="Unknown code","Unknown code",IF(COUNTIF($A$6:$A$505,A15)>1,"Duplicate WO",""))))
C16: =IF(B16="","",IFERROR(INDEX('Kitting Plan'!$D$5:$D$18,MATCH(B16,'Kitting Plan'!$C$5:$C$18,0)),"Unknown code")) | D16: =IF(B16="","",IFERROR(INDEX('Kitting Plan'!$B$5:$B$18,MATCH(B16,'Kitting Plan'!$C$5:$C$18,0)),"")) | F16: =IF(B16="","",IFERROR(IF(OR(E16="",E16="All"),INDEX('Kitting Plan'!$E$5:$E$18,MATCH(B16,'Kitting Plan'!$C$5:$C$18,0)),INDEX('Kitting Plan'!$H$5:$H$18,MATCH(B16,'Kitting Plan'!$C$5:$C$18,0))),"")) | H16: =IF(B16="","",IF(G16="",F16,G16)) | L16: =IF(A16="","",IF(B16="","Missing code",IF(C16="Unknown code","Unknown code",IF(COUNTIF($A$6:$A$505,A16)>1,"Duplicate WO",""))))
C17: =IF(B17="","",IFERROR(INDEX('Kitting Plan'!$D$5:$D$18,MATCH(B17,'Kitting Plan'!$C$5:$C$18,0)),"Unknown code")) | D17: =IF(B17="","",IFERROR(INDEX('Kitting Plan'!$B$5:$B$18,MATCH(B17,'Kitting Plan'!$C$5:$C$18,0)),"")) | F17: =IF(B17="","",IFERROR(IF(OR(E17="",E17="All"),INDEX('Kitting Plan'!$E$5:$E$18,MATCH(B17,'Kitting Plan'!$C$5:$C$18,0)),INDEX('Kitting Plan'!$H$5:$H$18,MATCH(B17,'Kitting Plan'!$C$5:$C$18,0))),"")) | H17: =IF(B17="","",IF(G17="",F17,G17)) | L17: =IF(A17="","",IF(B17="","Missing code",IF(C17="Unknown code","Unknown code",IF(COUNTIF($A$6:$A$505,A17)>1,"Duplicate WO",""))))
... C505: =IF(B505="","",IFERROR(INDEX('Kitting Plan'!$D$5:$D$18,MATCH(B505,'Kitting Plan'!$C$5:$C$18,0)),"Unknown code")) | D505: =IF(B505="","",IFERROR(INDEX('Kitting Plan'!$B$5:$B$18,MATCH(B505,'Kitting Plan'!$C$5:$C$18,0)),"")) | F505: =IF(B505="","",IFERROR(IF(OR(E505="",E505="All"),INDEX('Kitting Plan'!$E$5:$E$18,MATCH(B505,'Kitting Plan'!$C$5:$C$18,0)),INDEX('Kitting Plan'!$H$5:$H$18,MATCH(B505,'Kitting Plan'!$C$5:$C$18,0))),"")) | H505: =IF(B505="","",IF(G505="",F505,G505)) | L505: =IF(A505="","",IF(B505="","Missing code",IF(C505="Unknown code","Unknown code",IF(COUNTIF($A$6:$A$505,A505)>1,"Duplicate WO",""))))

Sheet Lists
A1: ='Kitting Plan'!C5 -> 92YLS00548BAA
A2: ='Kitting Plan'!C6 -> 92YLS00548BBA
A3: ='Kitting Plan'!C7 -> 91YAF03404AAA
A4: ='Kitting Plan'!C8 -> 92YFD04548BAA
A5: ='Kitting Plan'!C9 -> 92YFD04548BBA
A6: ='Kitting Plan'!C10 -> 92YWS04548AAA
A7: ='Kitting Plan'!C11 -> 92RRA00548AAA
A8: ='Kitting Plan'!C12 -> 92YRA01548AAA
A9: ='Kitting Plan'!C13 -> 92YRA02548AAA
A10: ='Kitting Plan'!C14 -> 92YRA03548AAA
A11: ='Kitting Plan'!C15 -> 92YRA04548AAA
A12: ='Kitting Plan'!C16 -> 92UAP04548BAA
... A14: ='Kitting Plan'!C18 -> 92UAP04548BCA

Sheet How To Use
B2: HOW TO USE THIS WORKBOOK
B5: For the team
B6: 1. Add a work order | C6: Go to 'Work Orders'. Type the WO number in column A and pick the assy code in column B. Description, sequence and quantity fill in by themselves.
B7: 2. Quantity | C7: WO Qty = the listed qty from the kitting plan (e.g. 24 for 92RRA00548AAA, 2 for 92YLS00548BBA). Pick the repeater (1–13) the WO belongs to, or leave it blank for the repeater being released. Type in 'Qty Override' only if the WO is for a different quantity.
B8: 3. Update status | C8: Change 'Status' as the WO moves: Planned → Released → Kitted → Closed. Blank counts as Planned.
B9: Example entry | C9: WO No. = WO-4012871 · Assy Code = 92YLS00548BAA · Repeater = 5 · Qty Override = (blank) · Status = Released
B10: Flags | C10: Column L on 'Work Orders' warns about duplicate WO numbers, missing codes or codes not in the plan.
B12: For management
B13: Dashboard | C13: Shows the whole plan on one screen: totals at the top, coverage by sequence, the WO pipeline, and every assembly with its WOs.
B14: Read the Status column | C14: NO WO = nothing raised yet · SHORT n = WOs cover less than required (n units missing) · COVERED = WO qty matches · OVER = more WO qty than required.
B15: Trace a WO | C15: The 'Work Order Nos.' column lists every WO on each assy code. To go the other way, filter column A on 'Work Orders'.
B16: Switch repeater view | C16: Pick All or a repeater number 1–13 in the pink cell at the top right of the Dashboard. 'All' checks every WO against the release qty; a number shows only that repeater's WOs (plus WOs left blank/All).
B17: Projecting on a screen | C17: Open the Dashboard tab and press Ctrl+F1 to hide the ribbon. The dashboard fits one landscape screen; adjust zoom to your projector if needed. Excel recalculates as soon as anyone adds a WO.
B18: Live sharing | C18: Save the file on SharePoint / OneDrive / Teams so several people can edit while the dashboard is on screen.
B19: Changing the plan | C19: Edit the blue cells on 'Kitting Plan' (codes, release qty, default qty). The Dashboard and WO lookups follow automatically.
