Workbook

Sheet Dashboard
M1: =SUMPRODUCT(MAX((('Release Log'!$B$6:$B$1505<>"")+('Release Log'!$D$6:$D$1505<>"")>0)*ROW('Release Log'!$B$6:$B$1505))) -> 0
B2: R5B E2A 12FP COLD T5 · REPEATER COUNTER | I2: REPEATERS REQUESTED ▸ | J2: 2
B3: ="Contract "&Contract!B3&" · "&Contract!B4&" · "&Contract!B5&" · "&Contract!B6&" · Contract: "&Contract!B7&" repeaters · "&COUNT('Release Log'!$D$6:$D$1505)&" releases logged" -> Contract R5B · E2A 12FP Cold T5 · 92ERP12548A++ · 12FP · Contract: 13 repeaters · 0 releases logged | J3: type the target here
B5: REPEATERS KITTED | D5: REQUEST STATUS | E5: UNITS TO RELEASE | H5: CONTRACT PROGRESS
B6: =MIN(G12:G25) -> 0 | D6: =IF(MIN(G12:G25)>=$J$2,"READY",MAX(0,$J$2-MIN(G12:G25))&" TO GO") -> 2 TO GO | E6: =SUM(I12:I25) -> 102 | H6: =IF(Contract!$B$7=0,0,MIN(G12:G25)/Contract!$B$7) -> 0
B7: ="of "&Contract!$B$7&" in contract · counts when all 14 codes are released" -> of 13 in contract · counts when all 14 codes are released | D7: ="target "&$J$2&" repeaters · "&COUNTIF(J12:J25,"READY")&" of 14 codes ready" -> target 2 repeaters · 0 of 14 codes ready | E7: ="to reach the requested repeaters" -> to reach the requested repeaters | H7: =MIN(G12:G25)&" of "&Contract!$B$7&" repeaters kitted" -> 0 of 13 repeaters kitted
L10: REPEATER COUNTER
B11: Sequence | C11: Assy Code | D11: Description | E11: Qty / Rep | F11: Released | G11: Repeaters | H11: Needed for Request | I11: To Release Now | J11: Status | L11: Repeater
B12: =Contract!A10 -> LASER ASSY | C12: =Contract!B10 -> 92YLS00548BAA | D12: =Contract!C10 -> R5B LASER ASSEMBLY 4P BOAT 1 - E2A | E12: =Contract!D10 -> 1 | F12: =Contract!E10+SUMIFS('Release Log'!$D$6:$D$1505,'Release Log'!$B$6:$B$1505,C12) -> 0 | G12: =IF(E12=0,0,INT(F12/E12)) -> 0 | H12: =$J$2*E12 -> 2 | I12: =MAX(0,H12-F12) -> 2 | J12: =IF(I12=0,"READY","RELEASE "&I12) -> RELEASE 2 | L12: ="Rep 1 · "&IF(MIN($G$12:$G$25)>=1,"KITTED",IF(COUNTIF($G$12:$G$25,">="&1)>0,COUNTIF($G$12:$G$25,">="&1)&"/14 codes","—")) -> Rep 1 · —
B13: =Contract!A11 -> LASER ASSY | C13: =Contract!B11 -> 92YLS00548BBA | D13: =Contract!C11 -> R5B LASER ASSEMBLY 4P BOAT 2/3 - E2A | E13: =Contract!D11 -> 2 | F13: =Contract!E11+SUMIFS('Release Log'!$D$6:$D$1505,'Release Log'!$B$6:$B$1505,C13) -> 0 | G13: =IF(E13=0,0,INT(F13/E13)) -> 0 | H13: =$J$2*E13 -> 4 | I13: =MAX(0,H13-F13) -> 4 | J13: =IF(I13=0,"READY","RELEASE "&I13) -> RELEASE 4 | L13: ="Rep 2 · "&IF(MIN($G$12:$G$25)>=2,"KITTED",IF(COUNTIF($G$12:$G$25,">="&2)>0,COUNTIF($G$12:$G$25,">="&2)&"/14 codes","—")) -> Rep 2 · —
B14: =Contract!A12 -> PSB ASSY | C14: =Contract!B12 -> 91YAF03404AAA | D14: =Contract!C12 -> R5B PSB SUB ASSEMBLY 4P-4FP | E14: =Contract!D12 -> 3 | F14: =Contract!E12+SUMIFS('Release Log'!$D$6:$D$1505,'Release Log'!$B$6:$B$1505,C14) -> 0 | G14: =IF(E14=0,0,INT(F14/E14)) -> 0 | H14: =$J$2*E14 -> 6 | I14: =MAX(0,H14-F14) -> 6 | J14: =IF(I14=0,"READY","RELEASE "&I14) -> RELEASE 6 | L14: ="Rep 3 · "&IF(MIN($G$12:$G$25)>=3,"KITTED",IF(COUNTIF($G$12:$G$25,">="&3)>0,COUNTIF($G$12:$G$25,">="&3)&"/14 codes","—")) -> Rep 3 · —
B15: =Contract!A13 -> OPF ASSY | C15: =Contract!B13 -> 92YFD04548BAA | D15: =Contract!C13 -> R5B OPF ASSEMBLY (4P-4FP) BOAT 1 - E2A | E15: =Contract!D13 -> 1 | F15: =Contract!E13+SUMIFS('Release Log'!$D$6:$D$1505,'Release Log'!$B$6:$B$1505,C15) -> 0 | G15: =IF(E15=0,0,INT(F15/E15)) -> 0 | H15: =$J$2*E15 -> 2 | I15: =MAX(0,H15-F15) -> 2 | J15: =IF(I15=0,"READY","RELEASE "&I15) -> RELEASE 2 | L15: ="Rep 4 · "&IF(MIN($G$12:$G$25)>=4,"KITTED",IF(COUNTIF($G$12:$G$25,">="&4)>0,COUNTIF($G$12:$G$25,">="&4)&"/14 codes","—")) -> Rep 4 · —
B16: =Contract!A14 -> OPF ASSY | C16: =Contract!B14 -> 92YFD04548BBA | D16: =Contract!C14 -> R5B OPF ASSEMBLY (4P-4FP) BOAT 2/3 - E2A | E16: =Contract!D14 -> 2 | F16: =Contract!E14+SUMIFS('Release Log'!$D$6:$D$1505,'Release Log'!$B$6:$B$1505,C16) -> 0 | G16: =IF(E16=0,0,INT(F16/E16)) -> 0 | H16: =$J$2*E16 -> 4 | I16: =MAX(0,H16-F16) -> 4 | J16: =IF(I16=0,"READY","RELEASE "&I16) -> RELEASE 4 | L16: ="Rep 5 · "&IF(MIN($G$12:$G$25)>=5,"KITTED",IF(COUNTIF($G$12:$G$25,">="&5)>0,COUNTIF($G$12:$G$25,">="&5)&"/14 codes","—")) -> Rep 5 · —
B17: =Contract!A15 -> POB ASSY | C17: =Contract!B15 -> 92YWS04548AAA | D17: =Contract!C15 -> R5B 4FP POB LUMENTUM SUB ASSEMBLY - E2A | E17: =Contract!D15 -> 3 | F17: =Contract!E15+SUMIFS('Release Log'!$D$6:$D$1505,'Release Log'!$B$6:$B$1505,C17) -> 0 | G17: =IF(E17=0,0,INT(F17/E17)) -> 0 | H17: =$J$2*E17 -> 6 | I17: =MAX(0,H17-F17) -> 6 | J17: =IF(I17=0,"READY","RELEASE "&I17) -> RELEASE 6 | L17: ="Rep 6 · "&IF(MIN($G$12:$G$25)>=6,"KITTED",IF(COUNTIF($G$12:$G$25,">="&6)>0,COUNTIF($G$12:$G$25,">="&6)&"/14 codes","—")) -> Rep 6 · —
B18: =Contract!A16 -> ERBIUM ASSY | C18: =Contract!B16 -> 92RRA00548AAA | D18: =Contract!C16 -> R5B ERBIUM SPOOL ASSEMBLY - E2A | E18: =Contract!D16 -> 24 | F18: =Contract!E16+SUMIFS('Release Log'!$D$6:$D$1505,'Release Log'!$B$6:$B$1505,C18) -> 0 | G18: =IF(E18=0,0,INT(F18/E18)) -> 0 | H18: =$J$2*E18 -> 48 | I18: =MAX(0,H18-F18) -> 48 | J18: =IF(I18=0,"READY","RELEASE "&I18) -> RELEASE 48 | L18: ="Rep 7 · "&IF(MIN($G$12:$G$25)>=7,"KITTED",IF(COUNTIF($G$12:$G$25,">="&7)>0,COUNTIF($G$12:$G$25,">="&7)&"/14 codes","—")) -> Rep 7 · —
B19: =Contract!A17 -> ERBIUM ASSY | C19: =Contract!B17 -> 92YRA01548AAA | D19: =Contract!C17 -> R5B ERBIUM ASSEMBLY POSITION 1 | E19: =Contract!D17 -> 3 | F19: =Contract!E17+SUMIFS('Release Log'!$D$6:$D$1505,'Release Log'!$B$6:$B$1505,C19) -> 0 | G19: =IF(E19=0,0,INT(F19/E19)) -> 0 | H19: =$J$2*E19 -> 6 | I19: =MAX(0,H19-F19) -> 6 | J19: =IF(I19=0,"READY","RELEASE "&I19) -> RELEASE 6 | L19: ="Rep 8 · "&IF(MIN($G$12:$G$25)>=8,"KITTED",IF(COUNTIF($G$12:$G$25,">="&8)>0,COUNTIF($G$12:$G$25,">="&8)&"/14 codes","—")) -> Rep 8 · —
B20: =Contract!A18 -> ERBIUM ASSY | C20: =Contract!B18 -> 92YRA02548AAA | D20: =Contract!C18 -> R5B ERBIUM ASSEMBLY POSITION 2 | E20: =Contract!D18 -> 3 | F20: =Contract!E18+SUMIFS('Release Log'!$D$6:$D$1505,'Release Log'!$B$6:$B$1505,C20) -> 0 | G20: =IF(E20=0,0,INT(F20/E20)) -> 0 | H20: =$J$2*E20 -> 6 | I20: =MAX(0,H20-F20) -> 6 | J20: =IF(I20=0,"READY","RELEASE "&I20) -> RELEASE 6 | L20: ="Rep 9 · "&IF(MIN($G$12:$G$25)>=9,"KITTED",IF(COUNTIF($G$12:$G$25,">="&9)>0,COUNTIF($G$12:$G$25,">="&9)&"/14 codes","—")) -> Rep 9 · —
B21: =Contract!A19 -> ERBIUM ASSY | C21: =Contract!B19 -> 92YRA03548AAA | D21: =Contract!C19 -> R5B ERBIUM ASSEMBLY POSITION 3 | E21: =Contract!D19 -> 3 | F21: =Contract!E19+SUMIFS('Release Log'!$D$6:$D$1505,'Release Log'!$B$6:$B$1505,C21) -> 0 | G21: =IF(E21=0,0,INT(F21/E21)) -> 0 | H21: =$J$2*E21 -> 6 | I21: =MAX(0,H21-F21) -> 6 | J21: =IF(I21=0,"READY","RELEASE "&I21) -> RELEASE 6 | L21: ="Rep 10 · "&IF(MIN($G$12:$G$25)>=10,"KITTED",IF(COUNTIF($G$12:$G$25,">="&10)>0,COUNTIF($G$12:$G$25,">="&10)&"/14 codes","—")) -> Rep 10 · —
B22: =Contract!A20 -> ERBIUM ASSY | C22: =Contract!B20 -> 92YRA04548AAA | D22: =Contract!C20 -> R5B ERBIUM ASSEMBLY POSITION 4 | E22: =Contract!D20 -> 3 | F22: =Contract!E20+SUMIFS('Release Log'!$D$6:$D$1505,'Release Log'!$B$6:$B$1505,C22) -> 0 | G22: =IF(E22=0,0,INT(F22/E22)) -> 0 | H22: =$J$2*E22 -> 6 | I22: =MAX(0,H22-F22) -> 6 | J22: =IF(I22=0,"READY","RELEASE "&I22) -> RELEASE 6 | L22: ="Rep 11 · "&IF(MIN($G$12:$G$25)>=11,"KITTED",IF(COUNTIF($G$12:$G$25,">="&11)>0,COUNTIF($G$12:$G$25,">="&11)&"/14 codes","—")) -> Rep 11 · —
B23: =Contract!A21 -> BOAT ASSY | C23: =Contract!B21 -> 92UAP04548BAA | D23: =Contract!C21 -> R5B BOAT 1 ASSY (4P-4FP) | E23: =Contract!D21 -> 1 | F23: =Contract!E21+SUMIFS('Release Log'!$D$6:$D$1505,'Release Log'!$B$6:$B$1505,C23) -> 0 | G23: =IF(E23=0,0,INT(F23/E23)) -> 0 | H23: =$J$2*E23 -> 2 | I23: =MAX(0,H23-F23) -> 2 | J23: =IF(I23=0,"READY","RELEASE "&I23) -> RELEASE 2 | L23: ="Rep 12 · "&IF(MIN($G$12:$G$25)>=12,"KITTED",IF(COUNTIF($G$12:$G$25,">="&12)>0,COUNTIF($G$12:$G$25,">="&12)&"/14 codes","—")) -> Rep 12 · —
B24: =Contract!A22 -> BOAT ASSY | C24: =Contract!B22 -> 92UAP04548BBA | D24: =Contract!C22 -> R5B BOAT 2 ASSY (4P-4FP) | E24: =Contract!D22 -> 1 | F24: =Contract!E22+SUMIFS('Release Log'!$D$6:$D$1505,'Release Log'!$B$6:$B$1505,C24) -> 0 | G24: =IF(E24=0,0,INT(F24/E24)) -> 0 | H24: =$J$2*E24 -> 2 | I24: =MAX(0,H24-F24) -> 2 | J24: =IF(I24=0,"READY","RELEASE "&I24) -> RELEASE 2 | L24: ="Rep 13 · "&IF(MIN($G$12:$G$25)>=13,"KITTED",IF(COUNTIF($G$12:$G$25,">="&13)>0,COUNTIF($G$12:$G$25,">="&13)&"/14 codes","—")) -> Rep 13 · —
B25: =Contract!A23 -> BOAT ASSY | C25: =Contract!B23 -> 92UAP04548BCA | D25: =Contract!C23 -> R5B BOAT 3 ASSY (4P-4FP) | E25: =Contract!D23 -> 1 | F25: =Contract!E23+SUMIFS('Release Log'!$D$6:$D$1505,'Release Log'!$B$6:$B$1505,C25) -> 0 | G25: =IF(E25=0,0,INT(F25/E25)) -> 0 | H25: =$J$2*E25 -> 2 | I25: =MAX(0,H25-F25) -> 2 | J25: =IF(I25=0,"READY","RELEASE "&I25) -> RELEASE 2
C26: TOTAL | D26: Repeaters column total = lowest code (highlighted) — that code limits the count | F26: =SUM(F12:F25) -> 0 | G26: =MIN(G12:G25) -> 0 | H26: =SUM(H12:H25) -> 102 | I26: =SUM(I12:I25) -> 102
B28: LATEST RELEASES
B29: Date | C29: Assy Code | D29: Description | E29: Qty | F29: Released By | G29: Logged | H29: Note
B30: =IF($M$1-0<6,"",IF(INDEX('Release Log'!$A:$A,$M$1-0)="","",INDEX('Release Log'!$A:$A,$M$1-0))) | C30: =IF($M$1-0<6,"",IF(INDEX('Release Log'!$B:$B,$M$1-0)="","",INDEX('Release Log'!$B:$B,$M$1-0))) | D30: =IF($M$1-0<6,"",IF(INDEX('Release Log'!$C:$C,$M$1-0)="","",INDEX('Release Log'!$C:$C,$M$1-0))) | E30: =IF($M$1-0<6,"",IF(INDEX('Release Log'!$D:$D,$M$1-0)="","",INDEX('Release Log'!$D:$D,$M$1-0))) | F30: =IF($M$1-0<6,"",IF(INDEX('Release Log'!$E:$E,$M$1-0)="","",INDEX('Release Log'!$E:$E,$M$1-0))) | G30: =IF(B30="","","#"&($M$1-0-5)) | H30: =IF($M$1-0<6,"",IF(INDEX('Release Log'!$F:$F,$M$1-0)="","",INDEX('Release Log'!$F:$F,$M$1-0)))
B31: =IF($M$1-1<6,"",IF(INDEX('Release Log'!$A:$A,$M$1-1)="","",INDEX('Release Log'!$A:$A,$M$1-1))) | C31: =IF($M$1-1<6,"",IF(INDEX('Release Log'!$B:$B,$M$1-1)="","",INDEX('Release Log'!$B:$B,$M$1-1))) | D31: =IF($M$1-1<6,"",IF(INDEX('Release Log'!$C:$C,$M$1-1)="","",INDEX('Release Log'!$C:$C,$M$1-1))) | E31: =IF($M$1-1<6,"",IF(INDEX('Release Log'!$D:$D,$M$1-1)="","",INDEX('Release Log'!$D:$D,$M$1-1))) | F31: =IF($M$1-1<6,"",IF(INDEX('Release Log'!$E:$E,$M$1-1)="","",INDEX('Release Log'!$E:$E,$M$1-1))) | G31: =IF(B31="","","#"&($M$1-1-5)) | H31: =IF($M$1-1<6,"",IF(INDEX('Release Log'!$F:$F,$M$1-1)="","",INDEX('Release Log'!$F:$F,$M$1-1)))
B32: =IF($M$1-2<6,"",IF(INDEX('Release Log'!$A:$A,$M$1-2)="","",INDEX('Release Log'!$A:$A,$M$1-2))) | C32: =IF($M$1-2<6,"",IF(INDEX('Release Log'!$B:$B,$M$1-2)="","",INDEX('Release Log'!$B:$B,$M$1-2))) | D32: =IF($M$1-2<6,"",IF(INDEX('Release Log'!$C:$C,$M$1-2)="","",INDEX('Release Log'!$C:$C,$M$1-2))) | E32: =IF($M$1-2<6,"",IF(INDEX('Release Log'!$D:$D,$M$1-2)="","",INDEX('Release Log'!$D:$D,$M$1-2))) | F32: =IF($M$1-2<6,"",IF(INDEX('Release Log'!$E:$E,$M$1-2)="","",INDEX('Release Log'!$E:$E,$M$1-2))) | G32: =IF(B32="","","#"&($M$1-2-5)) | H32: =IF($M$1-2<6,"",IF(INDEX('Release Log'!$F:$F,$M$1-2)="","",INDEX('Release Log'!$F:$F,$M$1-2)))
B33: =IF($M$1-3<6,"",IF(INDEX('Release Log'!$A:$A,$M$1-3)="","",INDEX('Release Log'!$A:$A,$M$1-3))) | C33: =IF($M$1-3<6,"",IF(INDEX('Release Log'!$B:$B,$M$1-3)="","",INDEX('Release Log'!$B:$B,$M$1-3))) | D33: =IF($M$1-3<6,"",IF(INDEX('Release Log'!$C:$C,$M$1-3)="","",INDEX('Release Log'!$C:$C,$M$1-3))) | E33: =IF($M$1-3<6,"",IF(INDEX('Release Log'!$D:$D,$M$1-3)="","",INDEX('Release Log'!$D:$D,$M$1-3))) | F33: =IF($M$1-3<6,"",IF(INDEX('Release Log'!$E:$E,$M$1-3)="","",INDEX('Release Log'!$E:$E,$M$1-3))) | G33: =IF(B33="","","#"&($M$1-3-5)) | H33: =IF($M$1-3<6,"",IF(INDEX('Release Log'!$F:$F,$M$1-3)="","",INDEX('Release Log'!$F:$F,$M$1-3)))
B34: =IF($M$1-4<6,"",IF(INDEX('Release Log'!$A:$A,$M$1-4)="","",INDEX('Release Log'!$A:$A,$M$1-4))) | C34: =IF($M$1-4<6,"",IF(INDEX('Release Log'!$B:$B,$M$1-4)="","",INDEX('Release Log'!$B:$B,$M$1-4))) | D34: =IF($M$1-4<6,"",IF(INDEX('Release Log'!$C:$C,$M$1-4)="","",INDEX('Release Log'!$C:$C,$M$1-4))) | E34: =IF($M$1-4<6,"",IF(INDEX('Release Log'!$D:$D,$M$1-4)="","",INDEX('Release Log'!$D:$D,$M$1-4))) | F34: =IF($M$1-4<6,"",IF(INDEX('Release Log'!$E:$E,$M$1-4)="","",INDEX('Release Log'!$E:$E,$M$1-4))) | G34: =IF(B34="","","#"&($M$1-4-5)) | H34: =IF($M$1-4<6,"",IF(INDEX('Release Log'!$F:$F,$M$1-4)="","",INDEX('Release Log'!$F:$F,$M$1-4)))
B35: =IF($M$1-5<6,"",IF(INDEX('Release Log'!$A:$A,$M$1-5)="","",INDEX('Release Log'!$A:$A,$M$1-5))) | C35: =IF($M$1-5<6,"",IF(INDEX('Release Log'!$B:$B,$M$1-5)="","",INDEX('Release Log'!$B:$B,$M$1-5))) | D35: =IF($M$1-5<6,"",IF(INDEX('Release Log'!$C:$C,$M$1-5)="","",INDEX('Release Log'!$C:$C,$M$1-5))) | E35: =IF($M$1-5<6,"",IF(INDEX('Release Log'!$D:$D,$M$1-5)="","",INDEX('Release Log'!$D:$D,$M$1-5))) | F35: =IF($M$1-5<6,"",IF(INDEX('Release Log'!$E:$E,$M$1-5)="","",INDEX('Release Log'!$E:$E,$M$1-5))) | G35: =IF(B35="","","#"&($M$1-5-5)) | H35: =IF($M$1-5<6,"",IF(INDEX('Release Log'!$F:$F,$M$1-5)="","",INDEX('Release Log'!$F:$F,$M$1-5)))
B36: =IF($M$1-6<6,"",IF(INDEX('Release Log'!$A:$A,$M$1-6)="","",INDEX('Release Log'!$A:$A,$M$1-6))) | C36: =IF($M$1-6<6,"",IF(INDEX('Release Log'!$B:$B,$M$1-6)="","",INDEX('Release Log'!$B:$B,$M$1-6))) | D36: =IF($M$1-6<6,"",IF(INDEX('Release Log'!$C:$C,$M$1-6)="","",INDEX('Release Log'!$C:$C,$M$1-6))) | E36: =IF($M$1-6<6,"",IF(INDEX('Release Log'!$D:$D,$M$1-6)="","",INDEX('Release Log'!$D:$D,$M$1-6))) | F36: =IF($M$1-6<6,"",IF(INDEX('Release Log'!$E:$E,$M$1-6)="","",INDEX('Release Log'!$E:$E,$M$1-6))) | G36: =IF(B36="","","#"&($M$1-6-5)) | H36: =IF($M$1-6<6,"",IF(INDEX('Release Log'!$F:$F,$M$1-6)="","",INDEX('Release Log'!$F:$F,$M$1-6)))
B37: =IF($M$1-7<6,"",IF(INDEX('Release Log'!$A:$A,$M$1-7)="","",INDEX('Release Log'!$A:$A,$M$1-7))) | C37: =IF($M$1-7<6,"",IF(INDEX('Release Log'!$B:$B,$M$1-7)="","",INDEX('Release Log'!$B:$B,$M$1-7))) | D37: =IF($M$1-7<6,"",IF(INDEX('Release Log'!$C:$C,$M$1-7)="","",INDEX('Release Log'!$C:$C,$M$1-7))) | E37: =IF($M$1-7<6,"",IF(INDEX('Release Log'!$D:$D,$M$1-7)="","",INDEX('Release Log'!$D:$D,$M$1-7))) | F37: =IF($M$1-7<6,"",IF(INDEX('Release Log'!$E:$E,$M$1-7)="","",INDEX('Release Log'!$E:$E,$M$1-7))) | G37: =IF(B37="","","#"&($M$1-7-5)) | H37: =IF($M$1-7<6,"",IF(INDEX('Release Log'!$F:$F,$M$1-7)="","",INDEX('Release Log'!$F:$F,$M$1-7)))

Sheet Contract
A1: CONTRACT — WHAT ONE REPEATER NEEDS
A2: Blue cells are inputs. Change these only when the contract or kitting plan changes.
A3: Contract | B3: R5B
A4: Program | B4: E2A 12FP Cold T5
A5: ERP item | B5: 92ERP12548A++
A6: Config | B6: 12FP
A7: Contract repeaters | B7: 13
E8: Already released before this log started (leave 0 to start fresh)
A9: Sequence | B9: Assy Code | C9: Assy Description | D9: Qty per Repeater | E9: Opening Balance | F9: Contract Qty
A10: LASER ASSY | B10: 92YLS00548BAA | C10: R5B LASER ASSEMBLY 4P BOAT 1 - E2A | D10: 1 | E10: 0 | F10: =D10*$B$7 -> 13
A11: LASER ASSY | B11: 92YLS00548BBA | C11: R5B LASER ASSEMBLY 4P BOAT 2/3 - E2A | D11: 2 | E11: 0 | F11: =D11*$B$7 -> 26
A12: PSB ASSY | B12: 91YAF03404AAA | C12: R5B PSB SUB ASSEMBLY 4P-4FP | D12: 3 | E12: 0 | F12: =D12*$B$7 -> 39
A13: OPF ASSY | B13: 92YFD04548BAA | C13: R5B OPF ASSEMBLY (4P-4FP) BOAT 1 - E2A | D13: 1 | E13: 0 | F13: =D13*$B$7 -> 13
A14: OPF ASSY | B14: 92YFD04548BBA | C14: R5B OPF ASSEMBLY (4P-4FP) BOAT 2/3 - E2A | D14: 2 | E14: 0 | F14: =D14*$B$7 -> 26
A15: POB ASSY | B15: 92YWS04548AAA | C15: R5B 4FP POB LUMENTUM SUB ASSEMBLY - E2A | D15: 3 | E15: 0 | F15: =D15*$B$7 -> 39
A16: ERBIUM ASSY | B16: 92RRA00548AAA | C16: R5B ERBIUM SPOOL ASSEMBLY - E2A | D16: 24 | E16: 0 | F16: =D16*$B$7 -> 312
A17: ERBIUM ASSY | B17: 92YRA01548AAA | C17: R5B ERBIUM ASSEMBLY POSITION 1 | D17: 3 | E17: 0 | F17: =D17*$B$7 -> 39
A18: ERBIUM ASSY | B18: 92YRA02548AAA | C18: R5B ERBIUM ASSEMBLY POSITION 2 | D18: 3 | E18: 0 | F18: =D18*$B$7 -> 39
A19: ERBIUM ASSY | B19: 92YRA03548AAA | C19: R5B ERBIUM ASSEMBLY POSITION 3 | D19: 3 | E19: 0 | F19: =D19*$B$7 -> 39
A20: ERBIUM ASSY | B20: 92YRA04548AAA | C20: R5B ERBIUM ASSEMBLY POSITION 4 | D20: 3 | E20: 0 | F20: =D20*$B$7 -> 39
A21: BOAT ASSY | B21: 92UAP04548BAA | C21: R5B BOAT 1 ASSY (4P-4FP) | D21: 1 | E21: 0 | F21: =D21*$B$7 -> 13
... A23: BOAT ASSY | B23: 92UAP04548BCA | C23: R5B BOAT 3 ASSY (4P-4FP) | D23: 1 | E23: 0 | F23: =D23*$B$7 -> 13

Sheet Release Log
A1: RELEASE LOG
A2: One line per release to production. Type the date, pick the assy code, enter the qty released. The Dashboard counts repeaters from this.
A3: Example: 03-Oct-26 · 92RRA00548AAA · 24 · N.Bakare · for Rep 14
A5: Date | B5: Assy Code | C5: Description | D5: Qty Released | E5: Released By | F5: Note (WO / repeater) | G5: Check
C6: =IF(B6="","",IFERROR(INDEX(Contract!$C$10:$C$23,MATCH(B6,Contract!$B$10:$B$23,0)),"Unknown code")) | G6: =IF(AND(B6="",D6=""),"",IF(B6="","Missing code",IF(C6="Unknown code","Unknown code",IF(D6="","Missing qty",IF(A6="","Missing date","")))))
C7: =IF(B7="","",IFERROR(INDEX(Contract!$C$10:$C$23,MATCH(B7,Contract!$B$10:$B$23,0)),"Unknown code")) | G7: =IF(AND(B7="",D7=""),"",IF(B7="","Missing code",IF(C7="Unknown code","Unknown code",IF(D7="","Missing qty",IF(A7="","Missing date","")))))
C8: =IF(B8="","",IFERROR(INDEX(Contract!$C$10:$C$23,MATCH(B8,Contract!$B$10:$B$23,0)),"Unknown code")) | G8: =IF(AND(B8="",D8=""),"",IF(B8="","Missing code",IF(C8="Unknown code","Unknown code",IF(D8="","Missing qty",IF(A8="","Missing date","")))))
C9: =IF(B9="","",IFERROR(INDEX(Contract!$C$10:$C$23,MATCH(B9,Contract!$B$10:$B$23,0)),"Unknown code")) | G9: =IF(AND(B9="",D9=""),"",IF(B9="","Missing code",IF(C9="Unknown code","Unknown code",IF(D9="","Missing qty",IF(A9="","Missing date","")))))
C10: =IF(B10="","",IFERROR(INDEX(Contract!$C$10:$C$23,MATCH(B10,Contract!$B$10:$B$23,0)),"Unknown code")) | G10: =IF(AND(B10="",D10=""),"",IF(B10="","Missing code",IF(C10="Unknown code","Unknown code",IF(D10="","Missing qty",IF(A10="","Missing date","")))))
C11: =IF(B11="","",IFERROR(INDEX(Contract!$C$10:$C$23,MATCH(B11,Contract!$B$10:$B$23,0)),"Unknown code")) | G11: =IF(AND(B11="",D11=""),"",IF(B11="","Missing code",IF(C11="Unknown code","Unknown code",IF(D11="","Missing qty",IF(A11="","Missing date","")))))
C12: =IF(B12="","",IFERROR(INDEX(Contract!$C$10:$C$23,MATCH(B12,Contract!$B$10:$B$23,0)),"Unknown code")) | G12: =IF(AND(B12="",D12=""),"",IF(B12="","Missing code",IF(C12="Unknown code","Unknown code",IF(D12="","Missing qty",IF(A12="","Missing date","")))))
C13: =IF(B13="","",IFERROR(INDEX(Contract!$C$10:$C$23,MATCH(B13,Contract!$B$10:$B$23,0)),"Unknown code")) | G13: =IF(AND(B13="",D13=""),"",IF(B13="","Missing code",IF(C13="Unknown code","Unknown code",IF(D13="","Missing qty",IF(A13="","Missing date","")))))
C14: =IF(B14="","",IFERROR(INDEX(Contract!$C$10:$C$23,MATCH(B14,Contract!$B$10:$B$23,0)),"Unknown code")) | G14: =IF(AND(B14="",D14=""),"",IF(B14="","Missing code",IF(C14="Unknown code","Unknown code",IF(D14="","Missing qty",IF(A14="","Missing date","")))))
C15: =IF(B15="","",IFERROR(INDEX(Contract!$C$10:$C$23,MATCH(B15,Contract!$B$10:$B$23,0)),"Unknown code")) | G15: =IF(AND(B15="",D15=""),"",IF(B15="","Missing code",IF(C15="Unknown code","Unknown code",IF(D15="","Missing qty",IF(A15="","Missing date","")))))
C16: =IF(B16="","",IFERROR(INDEX(Contract!$C$10:$C$23,MATCH(B16,Contract!$B$10:$B$23,0)),"Unknown code")) | G16: =IF(AND(B16="",D16=""),"",IF(B16="","Missing code",IF(C16="Unknown code","Unknown code",IF(D16="","Missing qty",IF(A16="","Missing date","")))))
C17: =IF(B17="","",IFERROR(INDEX(Contract!$C$10:$C$23,MATCH(B17,Contract!$B$10:$B$23,0)),"Unknown code")) | G17: =IF(AND(B17="",D17=""),"",IF(B17="","Missing code",IF(C17="Unknown code","Unknown code",IF(D17="","Missing qty",IF(A17="","Missing date","")))))
... C1505: =IF(B1505="","",IFERROR(INDEX(Contract!$C$10:$C$23,MATCH(B1505,Contract!$B$10:$B$23,0)),"Unknown code")) | G1505: =IF(AND(B1505="",D1505=""),"",IF(B1505="","Missing code",IF(C1505="Unknown code","Unknown code",IF(D1505="","Missing qty",IF(A1505="","Missing date","")))))

Sheet How To Use
B2: HOW THE REPEATER COUNTER WORKS
B5: Each time management asks
B6: 1. Set the target | C6: Type the number of repeaters requested in the pink cell on the Dashboard (top right).
B7: 2. Release | C7: The 'To Release Now' column tells you how many of each assy code to release to reach the target. Release those work orders and send them to production.
B8: 3. Log it | C8: On 'Release Log' add one line per release: date, assy code (drop-down), qty released, your name, optional note (WO no. / repeater). Made a mistake? Add a line with a negative qty.
B9: 4. Everyone sees it | C9: The Dashboard updates immediately: Repeaters Kitted, the counter, and Latest Releases. Save the file on SharePoint / Teams so everyone sees the same numbers.
B11: How it counts
B12: Repeaters per code | C12: Released qty ÷ qty per repeater, rounded down. E.g. erbium spool: 50 released ÷ 24 = 2 repeaters (2 units toward the 3rd).
B13: Repeaters kitted | C13: The lowest value across all assy codes — a repeater only counts when every code has been released for it. The limiting code is highlighted in the table.
B14: Starting point | C14: If some repeaters were released before you started the log, put those quantities in 'Opening Balance' on the Contract sheet.
B15: Changing the contract | C15: Edit codes, qty per repeater or contract repeaters on the Contract sheet (blue cells). Everything follows.
B16: Projecting | C16: Open the Dashboard and press Ctrl+F1 to hide the ribbon. It fits one landscape screen.
