Workbook

Sheet Dashboard
B2: R5B AMP KITTING CONTROL | P2: DATE | Q2: =TODAY() -> 46300
B3: CONTRACT ▸ | D3: E2A-R12P-T5-C | G3: TOTAL REPS | H3: =IFERROR(INDEX(Contracts!$F$6:$F$65,MATCH(Dashboard!$D$3,Contracts!$A$6:$A$65,0)),0) -> 109 | I3: AMPS / REP | J3: =IFERROR(INDEX(Contracts!$E$6:$E$65,MATCH(Dashboard!$D$3,Contracts!$A$6:$A$65,0)),0) -> 12 | P3: AS OF ▸ | Q3: =Q2-WEEKDAY(Q2,2)+1 -> 46300 | S3: =IFERROR(N(INDEX(Contracts!$Q$6:$Q$65,MATCH(Dashboard!$D$3,Contracts!$A$6:$A$65,0))),2) -> 2
B4: =IFERROR(INDEX(Contracts!$B$6:$B$65,MATCH(Dashboard!$D$3,Contracts!$A$6:$A$65,0))&" · top code "&INDEX(Contracts!$C$6:$C$65,MATCH(Dashboard!$D$3,Contracts!$A$6:$A$65,0))&" · "&INDEX(Contracts!$D$6:$D$65,MATCH(Dashboard!$D$3,Contracts!$A$6:$A$65,0))&"FP · "&INDEX(Contracts!$H$6:$H$65,MATCH(Dashboard!$D$3,Contracts!$A$6:$A$65,0))&" sub-assemblies per repeater"&IF(INDEX(Contracts!$G$6:$G$65,MATCH(Dashboard!$D$3,Contracts!$A$6:$A$65,0))&""="",""," · "&INDEX(Contracts!$G$6:$G$65,MATCH(Dashboard!$D$3,Contracts!$A$6:$A$65,0))),"Pick a contract") -> E2A · top code 92ERP12548A++ · 12FP · 14 sub-assemblies per repeater | Q4: ="Week "&_xlfn.ISOWEEKNUM(Q3) -> Week 41
B6: REPEATERS KITTED | D6: AMPS KITTED | E6: PLAN TO DATE | H6: VS PLAN | L6: NEXT 4 WEEKS | O6: LAST RELEASE
B7: =IF(INDEX(Contracts!$H$6:$H$65,MATCH(Dashboard!$D$3,Contracts!$A$6:$A$65,0))=0,"–",INDEX(Contracts!$I$6:$I$65,MATCH(Dashboard!$D$3,Contracts!$A$6:$A$65,0))&" / "&$H$3) -> 13 / 109 | D7: =IFERROR(INDEX(Contracts!$J$6:$J$65,MATCH(Dashboard!$D$3,Contracts!$A$6:$A$65,0)),0) -> 156 | E7: =IFERROR(INDEX(Contracts!$K$6:$K$65,MATCH(Dashboard!$D$3,Contracts!$A$6:$A$65,0)),0) -> 31 | H7: =IFERROR(IF(INDEX(Contracts!$H$6:$H$65,MATCH(Dashboard!$D$3,Contracts!$A$6:$A$65,0))=0,"–",IF(INDEX(Contracts!$L$6:$L$65,MATCH(Dashboard!$D$3,Contracts!$A$6:$A$65,0))>0,"+"&INDEX(Contracts!$L$6:$L$65,MATCH(Dashboard!$D$3,Contracts!$A$6:$A$65,0)),INDEX(Contracts!$L$6:$L$65,MATCH(Dashboard!$D$3,Contracts!$A$6:$A$65,0)))),"–") -> -18 | L7: =SUMIFS('Weekly Plan'!$D$6:$D$1505,'Weekly Plan'!$A$6:$A$1505,Dashboard!$D$3,'Weekly Plan'!$E$6:$E$1505,">"&($Q$3+7*$S$3),'Weekly Plan'!$E$6:$E$1505,"<="&($Q$3+7*$S$3+28)) -> 2 | O7: =IFERROR(INDEX(Contracts!$P$6:$P$65,MATCH(Dashboard!$D$3,Contracts!$A$6:$A$65,0)),"–") -> 46297
B8: =IFERROR(TEXT(INDEX(Contracts!$N$6:$N$65,MATCH(Dashboard!$D$3,Contracts!$A$6:$A$65,0)),"0%")&" of contract · "&($H$3-IFERROR(INDEX(Contracts!$I$6:$I$65,MATCH(Dashboard!$D$3,Contracts!$A$6:$A$65,0)),0))&" to go","add a kit list for this contract") -> 12% of contract · 96 to go | D8: ="of "&TEXT($H$3*$J$3,"#,##0")&" amps ("&$J$3&" per repeater)" -> of 1,308 amps (12 per repeater) | E8: ="kits due by "&$Q$4&" (housing "&"W"&_xlfn.ISOWEEKNUM($Q$3+7*$S$3)&", "&$S$3&"-wk lead)" -> kits due by Week 41 (housing W43, 2-wk lead) | H8: =IFERROR(INDEX(Contracts!$O$6:$O$65,MATCH(Dashboard!$D$3,Contracts!$A$6:$A$65,0)),"") -> BEHIND -18 | L8: ="repeaters to kit next 4 weeks" -> repeaters to kit next 4 weeks | O8: =COUNTIF('Release Log'!$B$6:$B$4005,Dashboard!$D$3)&" release lines logged" -> 182 release lines logged
B10: CONTRACT PROGRESS | D10: =IFERROR(INDEX(Contracts!$N$6:$N$65,MATCH(Dashboard!$D$3,Contracts!$A$6:$A$65,0)),0) -> 0.11926606
B12: SUB-ASSEMBLIES | F12: RELEASE TARGET ▸ | I12: =IFERROR(INDEX(Contracts!$K$6:$K$65,MATCH(D3,Contracts!$A$6:$A$65,0))+L7,0) -> 33 | J12: reps · type to override | L12: PLAN VS KITTED (repeaters, cumulative)
B13: Sequence | C13: Assy Code | D13: Description | E13: Qty / Rep | F13: Released | G13: Repeaters | H13: Toward Next | I13: Needed for Target | J13: To Release
B14: =IFERROR(INDEX('Kit Lists'!$B$6:$B$605,MATCH(Dashboard!$D$3&"|"&1,'Kit Lists'!$G$6:$G$605,0)),"") -> LASER ASSY | C14: =IFERROR(INDEX('Kit Lists'!$C$6:$C$605,MATCH(Dashboard!$D$3&"|"&1,'Kit Lists'!$G$6:$G$605,0)),"") -> 92YLS00548BAA | D14: =IFERROR(INDEX('Kit Lists'!$D$6:$D$605,MATCH(Dashboard!$D$3&"|"&1,'Kit Lists'!$G$6:$G$605,0)),"") -> R5B LASER ASSEMBLY 4P BOAT 1 - E2A | E14: =IFERROR(INDEX('Kit Lists'!$E$6:$E$605,MATCH(Dashboard!$D$3&"|"&1,'Kit Lists'!$G$6:$G$605,0)),"") -> 1 | F14: =IFERROR(INDEX('Kit Lists'!$H$6:$H$605,MATCH(Dashboard!$D$3&"|"&1,'Kit Lists'!$G$6:$G$605,0)),"") -> 13 | G14: =IF(C14="","",INT(F14/E14)) -> 13 | H14: =IF(C14="","",MOD(F14,E14)&" / "&E14) -> 0 / 1 | I14: =IF(C14="","",$I$12*E14) -> 33 | J14: =IF(C14="","",MAX(0,I14-F14)) -> 20
B15: =IFERROR(INDEX('Kit Lists'!$B$6:$B$605,MATCH(Dashboard!$D$3&"|"&2,'Kit Lists'!$G$6:$G$605,0)),"") -> LASER ASSY | C15: =IFERROR(INDEX('Kit Lists'!$C$6:$C$605,MATCH(Dashboard!$D$3&"|"&2,'Kit Lists'!$G$6:$G$605,0)),"") -> 92YLS00548BBA | D15: =IFERROR(INDEX('Kit Lists'!$D$6:$D$605,MATCH(Dashboard!$D$3&"|"&2,'Kit Lists'!$G$6:$G$605,0)),"") -> R5B LASER ASSEMBLY 4P BOAT 2/3 - E2A | E15: =IFERROR(INDEX('Kit Lists'!$E$6:$E$605,MATCH(Dashboard!$D$3&"|"&2,'Kit Lists'!$G$6:$G$605,0)),"") -> 2 | F15: =IFERROR(INDEX('Kit Lists'!$H$6:$H$605,MATCH(Dashboard!$D$3&"|"&2,'Kit Lists'!$G$6:$G$605,0)),"") -> 26 | G15: =IF(C15="","",INT(F15/E15)) -> 13 | H15: =IF(C15="","",MOD(F15,E15)&" / "&E15) -> 0 / 2 | I15: =IF(C15="","",$I$12*E15) -> 66 | J15: =IF(C15="","",MAX(0,I15-F15)) -> 40
B16: =IFERROR(INDEX('Kit Lists'!$B$6:$B$605,MATCH(Dashboard!$D$3&"|"&3,'Kit Lists'!$G$6:$G$605,0)),"") -> PSB ASSY | C16: =IFERROR(INDEX('Kit Lists'!$C$6:$C$605,MATCH(Dashboard!$D$3&"|"&3,'Kit Lists'!$G$6:$G$605,0)),"") -> 91YAF03404AAA | D16: =IFERROR(INDEX('Kit Lists'!$D$6:$D$605,MATCH(Dashboard!$D$3&"|"&3,'Kit Lists'!$G$6:$G$605,0)),"") -> R5B PSB SUB ASSEMBLY 4P-4FP | E16: =IFERROR(INDEX('Kit Lists'!$E$6:$E$605,MATCH(Dashboard!$D$3&"|"&3,'Kit Lists'!$G$6:$G$605,0)),"") -> 3 | F16: =IFERROR(INDEX('Kit Lists'!$H$6:$H$605,MATCH(Dashboard!$D$3&"|"&3,'Kit Lists'!$G$6:$G$605,0)),"") -> 39 | G16: =IF(C16="","",INT(F16/E16)) -> 13 | H16: =IF(C16="","",MOD(F16,E16)&" / "&E16) -> 0 / 3 | I16: =IF(C16="","",$I$12*E16) -> 99 | J16: =IF(C16="","",MAX(0,I16-F16)) -> 60
B17: =IFERROR(INDEX('Kit Lists'!$B$6:$B$605,MATCH(Dashboard!$D$3&"|"&4,'Kit Lists'!$G$6:$G$605,0)),"") -> OPF ASSY | C17: =IFERROR(INDEX('Kit Lists'!$C$6:$C$605,MATCH(Dashboard!$D$3&"|"&4,'Kit Lists'!$G$6:$G$605,0)),"") -> 92YFD04548BAA | D17: =IFERROR(INDEX('Kit Lists'!$D$6:$D$605,MATCH(Dashboard!$D$3&"|"&4,'Kit Lists'!$G$6:$G$605,0)),"") -> R5B OPF ASSEMBLY (4P-4FP) BOAT 1 - E2A | E17: =IFERROR(INDEX('Kit Lists'!$E$6:$E$605,MATCH(Dashboard!$D$3&"|"&4,'Kit Lists'!$G$6:$G$605,0)),"") -> 1 | F17: =IFERROR(INDEX('Kit Lists'!$H$6:$H$605,MATCH(Dashboard!$D$3&"|"&4,'Kit Lists'!$G$6:$G$605,0)),"") -> 13 | G17: =IF(C17="","",INT(F17/E17)) -> 13 | H17: =IF(C17="","",MOD(F17,E17)&" / "&E17) -> 0 / 1 | I17: =IF(C17="","",$I$12*E17) -> 33 | J17: =IF(C17="","",MAX(0,I17-F17)) -> 20
B18: =IFERROR(INDEX('Kit Lists'!$B$6:$B$605,MATCH(Dashboard!$D$3&"|"&5,'Kit Lists'!$G$6:$G$605,0)),"") -> OPF ASSY | C18: =IFERROR(INDEX('Kit Lists'!$C$6:$C$605,MATCH(Dashboard!$D$3&"|"&5,'Kit Lists'!$G$6:$G$605,0)),"") -> 92YFD04548BBA | D18: =IFERROR(INDEX('Kit Lists'!$D$6:$D$605,MATCH(Dashboard!$D$3&"|"&5,'Kit Lists'!$G$6:$G$605,0)),"") -> R5B OPF ASSEMBLY (4P-4FP) BOAT 2/3 - E2A | E18: =IFERROR(INDEX('Kit Lists'!$E$6:$E$605,MATCH(Dashboard!$D$3&"|"&5,'Kit Lists'!$G$6:$G$605,0)),"") -> 2 | F18: =IFERROR(INDEX('Kit Lists'!$H$6:$H$605,MATCH(Dashboard!$D$3&"|"&5,'Kit Lists'!$G$6:$G$605,0)),"") -> 26 | G18: =IF(C18="","",INT(F18/E18)) -> 13 | H18: =IF(C18="","",MOD(F18,E18)&" / "&E18) -> 0 / 2 | I18: =IF(C18="","",$I$12*E18) -> 66 | J18: =IF(C18="","",MAX(0,I18-F18)) -> 40
B19: =IFERROR(INDEX('Kit Lists'!$B$6:$B$605,MATCH(Dashboard!$D$3&"|"&6,'Kit Lists'!$G$6:$G$605,0)),"") -> POB ASSY | C19: =IFERROR(INDEX('Kit Lists'!$C$6:$C$605,MATCH(Dashboard!$D$3&"|"&6,'Kit Lists'!$G$6:$G$605,0)),"") -> 92YWS04548AAA | D19: =IFERROR(INDEX('Kit Lists'!$D$6:$D$605,MATCH(Dashboard!$D$3&"|"&6,'Kit Lists'!$G$6:$G$605,0)),"") -> R5B 4FP POB LUMENTUM SUB ASSEMBLY - E2A | E19: =IFERROR(INDEX('Kit Lists'!$E$6:$E$605,MATCH(Dashboard!$D$3&"|"&6,'Kit Lists'!$G$6:$G$605,0)),"") -> 3 | F19: =IFERROR(INDEX('Kit Lists'!$H$6:$H$605,MATCH(Dashboard!$D$3&"|"&6,'Kit Lists'!$G$6:$G$605,0)),"") -> 39 | G19: =IF(C19="","",INT(F19/E19)) -> 13 | H19: =IF(C19="","",MOD(F19,E19)&" / "&E19) -> 0 / 3 | I19: =IF(C19="","",$I$12*E19) -> 99 | J19: =IF(C19="","",MAX(0,I19-F19)) -> 60
B20: =IFERROR(INDEX('Kit Lists'!$B$6:$B$605,MATCH(Dashboard!$D$3&"|"&7,'Kit Lists'!$G$6:$G$605,0)),"") -> ERBIUM ASSY | C20: =IFERROR(INDEX('Kit Lists'!$C$6:$C$605,MATCH(Dashboard!$D$3&"|"&7,'Kit Lists'!$G$6:$G$605,0)),"") -> 92RRA00548AAA | D20: =IFERROR(INDEX('Kit Lists'!$D$6:$D$605,MATCH(Dashboard!$D$3&"|"&7,'Kit Lists'!$G$6:$G$605,0)),"") -> R5B ERBIUM SPOOL ASSEMBLY - E2A | E20: =IFERROR(INDEX('Kit Lists'!$E$6:$E$605,MATCH(Dashboard!$D$3&"|"&7,'Kit Lists'!$G$6:$G$605,0)),"") -> 24 | F20: =IFERROR(INDEX('Kit Lists'!$H$6:$H$605,MATCH(Dashboard!$D$3&"|"&7,'Kit Lists'!$G$6:$G$605,0)),"") -> 312 | G20: =IF(C20="","",INT(F20/E20)) -> 13 | H20: =IF(C20="","",MOD(F20,E20)&" / "&E20) -> 0 / 24 | I20: =IF(C20="","",$I$12*E20) -> 792 | J20: =IF(C20="","",MAX(0,I20-F20)) -> 480
B21: =IFERROR(INDEX('Kit Lists'!$B$6:$B$605,MATCH(Dashboard!$D$3&"|"&8,'Kit Lists'!$G$6:$G$605,0)),"") -> ERBIUM ASSY | C21: =IFERROR(INDEX('Kit Lists'!$C$6:$C$605,MATCH(Dashboard!$D$3&"|"&8,'Kit Lists'!$G$6:$G$605,0)),"") -> 92YRA01548AAA | D21: =IFERROR(INDEX('Kit Lists'!$D$6:$D$605,MATCH(Dashboard!$D$3&"|"&8,'Kit Lists'!$G$6:$G$605,0)),"") -> R5B ERBIUM ASSEMBLY POSITION 1 | E21: =IFERROR(INDEX('Kit Lists'!$E$6:$E$605,MATCH(Dashboard!$D$3&"|"&8,'Kit Lists'!$G$6:$G$605,0)),"") -> 3 | F21: =IFERROR(INDEX('Kit Lists'!$H$6:$H$605,MATCH(Dashboard!$D$3&"|"&8,'Kit Lists'!$G$6:$G$605,0)),"") -> 39 | G21: =IF(C21="","",INT(F21/E21)) -> 13 | H21: =IF(C21="","",MOD(F21,E21)&" / "&E21) -> 0 / 3 | I21: =IF(C21="","",$I$12*E21) -> 99 | J21: =IF(C21="","",MAX(0,I21-F21)) -> 60
B22: =IFERROR(INDEX('Kit Lists'!$B$6:$B$605,MATCH(Dashboard!$D$3&"|"&9,'Kit Lists'!$G$6:$G$605,0)),"") -> ERBIUM ASSY | C22: =IFERROR(INDEX('Kit Lists'!$C$6:$C$605,MATCH(Dashboard!$D$3&"|"&9,'Kit Lists'!$G$6:$G$605,0)),"") -> 92YRA02548AAA | D22: =IFERROR(INDEX('Kit Lists'!$D$6:$D$605,MATCH(Dashboard!$D$3&"|"&9,'Kit Lists'!$G$6:$G$605,0)),"") -> R5B ERBIUM ASSEMBLY POSITION 2 | E22: =IFERROR(INDEX('Kit Lists'!$E$6:$E$605,MATCH(Dashboard!$D$3&"|"&9,'Kit Lists'!$G$6:$G$605,0)),"") -> 3 | F22: =IFERROR(INDEX('Kit Lists'!$H$6:$H$605,MATCH(Dashboard!$D$3&"|"&9,'Kit Lists'!$G$6:$G$605,0)),"") -> 39 | G22: =IF(C22="","",INT(F22/E22)) -> 13 | H22: =IF(C22="","",MOD(F22,E22)&" / "&E22) -> 0 / 3 | I22: =IF(C22="","",$I$12*E22) -> 99 | J22: =IF(C22="","",MAX(0,I22-F22)) -> 60
B23: =IFERROR(INDEX('Kit Lists'!$B$6:$B$605,MATCH(Dashboard!$D$3&"|"&10,'Kit Lists'!$G$6:$G$605,0)),"") -> ERBIUM ASSY | C23: =IFERROR(INDEX('Kit Lists'!$C$6:$C$605,MATCH(Dashboard!$D$3&"|"&10,'Kit Lists'!$G$6:$G$605,0)),"") -> 92YRA03548AAA | D23: =IFERROR(INDEX('Kit Lists'!$D$6:$D$605,MATCH(Dashboard!$D$3&"|"&10,'Kit Lists'!$G$6:$G$605,0)),"") -> R5B ERBIUM ASSEMBLY POSITION 3 | E23: =IFERROR(INDEX('Kit Lists'!$E$6:$E$605,MATCH(Dashboard!$D$3&"|"&10,'Kit Lists'!$G$6:$G$605,0)),"") -> 3 | F23: =IFERROR(INDEX('Kit Lists'!$H$6:$H$605,MATCH(Dashboard!$D$3&"|"&10,'Kit Lists'!$G$6:$G$605,0)),"") -> 39 | G23: =IF(C23="","",INT(F23/E23)) -> 13 | H23: =IF(C23="","",MOD(F23,E23)&" / "&E23) -> 0 / 3 | I23: =IF(C23="","",$I$12*E23) -> 99 | J23: =IF(C23="","",MAX(0,I23-F23)) -> 60
B24: =IFERROR(INDEX('Kit Lists'!$B$6:$B$605,MATCH(Dashboard!$D$3&"|"&11,'Kit Lists'!$G$6:$G$605,0)),"") -> ERBIUM ASSY | C24: =IFERROR(INDEX('Kit Lists'!$C$6:$C$605,MATCH(Dashboard!$D$3&"|"&11,'Kit Lists'!$G$6:$G$605,0)),"") -> 92YRA04548AAA | D24: =IFERROR(INDEX('Kit Lists'!$D$6:$D$605,MATCH(Dashboard!$D$3&"|"&11,'Kit Lists'!$G$6:$G$605,0)),"") -> R5B ERBIUM ASSEMBLY POSITION 4 | E24: =IFERROR(INDEX('Kit Lists'!$E$6:$E$605,MATCH(Dashboard!$D$3&"|"&11,'Kit Lists'!$G$6:$G$605,0)),"") -> 3 | F24: =IFERROR(INDEX('Kit Lists'!$H$6:$H$605,MATCH(Dashboard!$D$3&"|"&11,'Kit Lists'!$G$6:$G$605,0)),"") -> 39 | G24: =IF(C24="","",INT(F24/E24)) -> 13 | H24: =IF(C24="","",MOD(F24,E24)&" / "&E24) -> 0 / 3 | I24: =IF(C24="","",$I$12*E24) -> 99 | J24: =IF(C24="","",MAX(0,I24-F24)) -> 60
B25: =IFERROR(INDEX('Kit Lists'!$B$6:$B$605,MATCH(Dashboard!$D$3&"|"&12,'Kit Lists'!$G$6:$G$605,0)),"") -> BOAT ASSY | C25: =IFERROR(INDEX('Kit Lists'!$C$6:$C$605,MATCH(Dashboard!$D$3&"|"&12,'Kit Lists'!$G$6:$G$605,0)),"") -> 92UAP04548BAA | D25: =IFERROR(INDEX('Kit Lists'!$D$6:$D$605,MATCH(Dashboard!$D$3&"|"&12,'Kit Lists'!$G$6:$G$605,0)),"") -> R5B BOAT 1 ASSY (4P-4FP) | E25: =IFERROR(INDEX('Kit Lists'!$E$6:$E$605,MATCH(Dashboard!$D$3&"|"&12,'Kit Lists'!$G$6:$G$605,0)),"") -> 1 | F25: =IFERROR(INDEX('Kit Lists'!$H$6:$H$605,MATCH(Dashboard!$D$3&"|"&12,'Kit Lists'!$G$6:$G$605,0)),"") -> 13 | G25: =IF(C25="","",INT(F25/E25)) -> 13 | H25: =IF(C25="","",MOD(F25,E25)&" / "&E25) -> 0 / 1 | I25: =IF(C25="","",$I$12*E25) -> 33 | J25: =IF(C25="","",MAX(0,I25-F25)) -> 20
B26: =IFERROR(INDEX('Kit Lists'!$B$6:$B$605,MATCH(Dashboard!$D$3&"|"&13,'Kit Lists'!$G$6:$G$605,0)),"") -> BOAT ASSY | C26: =IFERROR(INDEX('Kit Lists'!$C$6:$C$605,MATCH(Dashboard!$D$3&"|"&13,'Kit Lists'!$G$6:$G$605,0)),"") -> 92UAP04548BBA | D26: =IFERROR(INDEX('Kit Lists'!$D$6:$D$605,MATCH(Dashboard!$D$3&"|"&13,'Kit Lists'!$G$6:$G$605,0)),"") -> R5B BOAT 2 ASSY (4P-4FP) | E26: =IFERROR(INDEX('Kit Lists'!$E$6:$E$605,MATCH(Dashboard!$D$3&"|"&13,'Kit Lists'!$G$6:$G$605,0)),"") -> 1 | F26: =IFERROR(INDEX('Kit Lists'!$H$6:$H$605,MATCH(Dashboard!$D$3&"|"&13,'Kit Lists'!$G$6:$G$605,0)),"") -> 13 | G26: =IF(C26="","",INT(F26/E26)) -> 13 | H26: =IF(C26="","",MOD(F26,E26)&" / "&E26) -> 0 / 1 | I26: =IF(C26="","",$I$12*E26) -> 33 | J26: =IF(C26="","",MAX(0,I26-F26)) -> 20
B27: =IFERROR(INDEX('Kit Lists'!$B$6:$B$605,MATCH(Dashboard!$D$3&"|"&14,'Kit Lists'!$G$6:$G$605,0)),"") -> BOAT ASSY | C27: =IFERROR(INDEX('Kit Lists'!$C$6:$C$605,MATCH(Dashboard!$D$3&"|"&14,'Kit Lists'!$G$6:$G$605,0)),"") -> 92UAP04548BCA | D27: =IFERROR(INDEX('Kit Lists'!$D$6:$D$605,MATCH(Dashboard!$D$3&"|"&14,'Kit Lists'!$G$6:$G$605,0)),"") -> R5B BOAT 3 ASSY (4P-4FP) | E27: =IFERROR(INDEX('Kit Lists'!$E$6:$E$605,MATCH(Dashboard!$D$3&"|"&14,'Kit Lists'!$G$6:$G$605,0)),"") -> 1 | F27: =IFERROR(INDEX('Kit Lists'!$H$6:$H$605,MATCH(Dashboard!$D$3&"|"&14,'Kit Lists'!$G$6:$G$605,0)),"") -> 13 | G27: =IF(C27="","",INT(F27/E27)) -> 13 | H27: =IF(C27="","",MOD(F27,E27)&" / "&E27) -> 0 / 1 | I27: =IF(C27="","",$I$12*E27) -> 33 | J27: =IF(C27="","",MAX(0,I27-F27)) -> 20
B28: =IFERROR(INDEX('Kit Lists'!$B$6:$B$605,MATCH(Dashboard!$D$3&"|"&15,'Kit Lists'!$G$6:$G$605,0)),"") | C28: =IFERROR(INDEX('Kit Lists'!$C$6:$C$605,MATCH(Dashboard!$D$3&"|"&15,'Kit Lists'!$G$6:$G$605,0)),"") | D28: =IFERROR(INDEX('Kit Lists'!$D$6:$D$605,MATCH(Dashboard!$D$3&"|"&15,'Kit Lists'!$G$6:$G$605,0)),"") | E28: =IFERROR(INDEX('Kit Lists'!$E$6:$E$605,MATCH(Dashboard!$D$3&"|"&15,'Kit Lists'!$G$6:$G$605,0)),"") | F28: =IFERROR(INDEX('Kit Lists'!$H$6:$H$605,MATCH(Dashboard!$D$3&"|"&15,'Kit Lists'!$G$6:$G$605,0)),"") | G28: =IF(C28="","",INT(F28/E28)) | H28: =IF(C28="","",MOD(F28,E28)&" / "&E28) | I28: =IF(C28="","",$I$12*E28) | J28: =IF(C28="","",MAX(0,I28-F28))
B29: =IFERROR(INDEX('Kit Lists'!$B$6:$B$605,MATCH(Dashboard!$D$3&"|"&16,'Kit Lists'!$G$6:$G$605,0)),"") | C29: =IFERROR(INDEX('Kit Lists'!$C$6:$C$605,MATCH(Dashboard!$D$3&"|"&16,'Kit Lists'!$G$6:$G$605,0)),"") | D29: =IFERROR(INDEX('Kit Lists'!$D$6:$D$605,MATCH(Dashboard!$D$3&"|"&16,'Kit Lists'!$G$6:$G$605,0)),"") | E29: =IFERROR(INDEX('Kit Lists'!$E$6:$E$605,MATCH(Dashboard!$D$3&"|"&16,'Kit Lists'!$G$6:$G$605,0)),"") | F29: =IFERROR(INDEX('Kit Lists'!$H$6:$H$605,MATCH(Dashboard!$D$3&"|"&16,'Kit Lists'!$G$6:$G$605,0)),"") | G29: =IF(C29="","",INT(F29/E29)) | H29: =IF(C29="","",MOD(F29,E29)&" / "&E29) | I29: =IF(C29="","",$I$12*E29) | J29: =IF(C29="","",MAX(0,I29-F29))
B30: =IFERROR(INDEX('Kit Lists'!$B$6:$B$605,MATCH(Dashboard!$D$3&"|"&17,'Kit Lists'!$G$6:$G$605,0)),"") | C30: =IFERROR(INDEX('Kit Lists'!$C$6:$C$605,MATCH(Dashboard!$D$3&"|"&17,'Kit Lists'!$G$6:$G$605,0)),"") | D30: =IFERROR(INDEX('Kit Lists'!$D$6:$D$605,MATCH(Dashboard!$D$3&"|"&17,'Kit Lists'!$G$6:$G$605,0)),"") | E30: =IFERROR(INDEX('Kit Lists'!$E$6:$E$605,MATCH(Dashboard!$D$3&"|"&17,'Kit Lists'!$G$6:$G$605,0)),"") | F30: =IFERROR(INDEX('Kit Lists'!$H$6:$H$605,MATCH(Dashboard!$D$3&"|"&17,'Kit Lists'!$G$6:$G$605,0)),"") | G30: =IF(C30="","",INT(F30/E30)) | H30: =IF(C30="","",MOD(F30,E30)&" / "&E30) | I30: =IF(C30="","",$I$12*E30) | J30: =IF(C30="","",MAX(0,I30-F30))
B31: =IFERROR(INDEX('Kit Lists'!$B$6:$B$605,MATCH(Dashboard!$D$3&"|"&18,'Kit Lists'!$G$6:$G$605,0)),"") | C31: =IFERROR(INDEX('Kit Lists'!$C$6:$C$605,MATCH(Dashboard!$D$3&"|"&18,'Kit Lists'!$G$6:$G$605,0)),"") | D31: =IFERROR(INDEX('Kit Lists'!$D$6:$D$605,MATCH(Dashboard!$D$3&"|"&18,'Kit Lists'!$G$6:$G$605,0)),"") | E31: =IFERROR(INDEX('Kit Lists'!$E$6:$E$605,MATCH(Dashboard!$D$3&"|"&18,'Kit Lists'!$G$6:$G$605,0)),"") | F31: =IFERROR(INDEX('Kit Lists'!$H$6:$H$605,MATCH(Dashboard!$D$3&"|"&18,'Kit Lists'!$G$6:$G$605,0)),"") | G31: =IF(C31="","",INT(F31/E31)) | H31: =IF(C31="","",MOD(F31,E31)&" / "&E31) | I31: =IF(C31="","",$I$12*E31) | J31: =IF(C31="","",MAX(0,I31-F31))
B32: =IFERROR(INDEX('Kit Lists'!$B$6:$B$605,MATCH(Dashboard!$D$3&"|"&19,'Kit Lists'!$G$6:$G$605,0)),"") | C32: =IFERROR(INDEX('Kit Lists'!$C$6:$C$605,MATCH(Dashboard!$D$3&"|"&19,'Kit Lists'!$G$6:$G$605,0)),"") | D32: =IFERROR(INDEX('Kit Lists'!$D$6:$D$605,MATCH(Dashboard!$D$3&"|"&19,'Kit Lists'!$G$6:$G$605,0)),"") | E32: =IFERROR(INDEX('Kit Lists'!$E$6:$E$605,MATCH(Dashboard!$D$3&"|"&19,'Kit Lists'!$G$6:$G$605,0)),"") | F32: =IFERROR(INDEX('Kit Lists'!$H$6:$H$605,MATCH(Dashboard!$D$3&"|"&19,'Kit Lists'!$G$6:$G$605,0)),"") | G32: =IF(C32="","",INT(F32/E32)) | H32: =IF(C32="","",MOD(F32,E32)&" / "&E32) | I32: =IF(C32="","",$I$12*E32) | J32: =IF(C32="","",MAX(0,I32-F32))
B33: =IFERROR(INDEX('Kit Lists'!$B$6:$B$605,MATCH(Dashboard!$D$3&"|"&20,'Kit Lists'!$G$6:$G$605,0)),"") | C33: =IFERROR(INDEX('Kit Lists'!$C$6:$C$605,MATCH(Dashboard!$D$3&"|"&20,'Kit Lists'!$G$6:$G$605,0)),"") | D33: =IFERROR(INDEX('Kit Lists'!$D$6:$D$605,MATCH(Dashboard!$D$3&"|"&20,'Kit Lists'!$G$6:$G$605,0)),"") | E33: =IFERROR(INDEX('Kit Lists'!$E$6:$E$605,MATCH(Dashboard!$D$3&"|"&20,'Kit Lists'!$G$6:$G$605,0)),"") | F33: =IFERROR(INDEX('Kit Lists'!$H$6:$H$605,MATCH(Dashboard!$D$3&"|"&20,'Kit Lists'!$G$6:$G$605,0)),"") | G33: =IF(C33="","",INT(F33/E33)) | H33: =IF(C33="","",MOD(F33,E33)&" / "&E33) | I33: =IF(C33="","",$I$12*E33) | J33: =IF(C33="","",MAX(0,I33-F33))
C34: TOTAL | D34: Repeaters = lowest sub-assembly (highlighted red) — it limits the count | F34: =IF(COUNT(F14:F33)=0,"",SUM(F14:F33)) -> 663 | G34: =IF(COUNT(G14:G33)=0,"",MIN(G14:G33)) -> 13 | I34: =IF(COUNT(I14:I33)=0,"",SUM(I14:I33)) -> 1683 | J34: =IF(COUNT(J14:J33)=0,"",SUM(J14:J33)) -> 1020
B36: LATEST RELEASES (this contract)
B37: Date | C37: Assy Code | D37: Description | E37: Qty | F37: Released By | G37: Note
B38: =IF(IFERROR(LARGE('Release Log'!$I$6:$I$4005,1),0)=0,"",IF(INDEX('Release Log'!$A:$A,IFERROR(LARGE('Release Log'!$I$6:$I$4005,1),0))="","",INDEX('Release Log'!$A:$A,IFERROR(LARGE('Release Log'!$I$6:$I$4005,1),0)))) -> 46297 | C38: =IF(IFERROR(LARGE('Release Log'!$I$6:$I$4005,1),0)=0,"",IF(INDEX('Release Log'!$C:$C,IFERROR(LARGE('Release Log'!$I$6:$I$4005,1),0))="","",INDEX('Release Log'!$C:$C,IFERROR(LARGE('Release Log'!$I$6:$I$4005,1),0)))) -> 92UAP04548BCA | D38: =IF(IFERROR(LARGE('Release Log'!$I$6:$I$4005,1),0)=0,"",IF(INDEX('Release Log'!$G:$G,IFERROR(LARGE('Release Log'!$I$6:$I$4005,1),0))="","",INDEX('Release Log'!$G:$G,IFERROR(LARGE('Release Log'!$I$6:$I$4005,1),0)))) -> R5B BOAT 3 ASSY (4P-4FP) | E38: =IF(IFERROR(LARGE('Release Log'!$I$6:$I$4005,1),0)=0,"",IF(INDEX('Release Log'!$D:$D,IFERROR(LARGE('Release Log'!$I$6:$I$4005,1),0))="","",INDEX('Release Log'!$D:$D,IFERROR(LARGE('Release Log'!$I$6:$I$4005,1),0)))) -> 1 | F38: =IF(IFERROR(LARGE('Release Log'!$I$6:$I$4005,1),0)=0,"",IF(INDEX('Release Log'!$E:$E,IFERROR(LARGE('Release Log'!$I$6:$I$4005,1),0))="","",INDEX('Release Log'!$E:$E,IFERROR(LARGE('Release Log'!$I$6:$I$4005,1),0)))) | G38: =IF(IFERROR(LARGE('Release Log'!$I$6:$I$4005,1),0)=0,"",IF(INDEX('Release Log'!$F:$F,IFERROR(LARGE('Release Log'!$I$6:$I$4005,1),0))="","",INDEX('Release Log'!$F:$F,IFERROR(LARGE('Release Log'!$I$6:$I$4005,1),0)))) -> Rep 13 (from COOIS)
B39: =IF(IFERROR(LARGE('Release Log'!$I$6:$I$4005,2),0)=0,"",IF(INDEX('Release Log'!$A:$A,IFERROR(LARGE('Release Log'!$I$6:$I$4005,2),0))="","",INDEX('Release Log'!$A:$A,IFERROR(LARGE('Release Log'!$I$6:$I$4005,2),0)))) -> 46297 | C39: =IF(IFERROR(LARGE('Release Log'!$I$6:$I$4005,2),0)=0,"",IF(INDEX('Release Log'!$C:$C,IFERROR(LARGE('Release Log'!$I$6:$I$4005,2),0))="","",INDEX('Release Log'!$C:$C,IFERROR(LARGE('Release Log'!$I$6:$I$4005,2),0)))) -> 92UAP04548BBA | D39: =IF(IFERROR(LARGE('Release Log'!$I$6:$I$4005,2),0)=0,"",IF(INDEX('Release Log'!$G:$G,IFERROR(LARGE('Release Log'!$I$6:$I$4005,2),0))="","",INDEX('Release Log'!$G:$G,IFERROR(LARGE('Release Log'!$I$6:$I$4005,2),0)))) -> R5B BOAT 2 ASSY (4P-4FP) | E39: =IF(IFERROR(LARGE('Release Log'!$I$6:$I$4005,2),0)=0,"",IF(INDEX('Release Log'!$D:$D,IFERROR(LARGE('Release Log'!$I$6:$I$4005,2),0))="","",INDEX('Release Log'!$D:$D,IFERROR(LARGE('Release Log'!$I$6:$I$4005,2),0)))) -> 1 | F39: =IF(IFERROR(LARGE('Release Log'!$I$6:$I$4005,2),0)=0,"",IF(INDEX('Release Log'!$E:$E,IFERROR(LARGE('Release Log'!$I$6:$I$4005,2),0))="","",INDEX('Release Log'!$E:$E,IFERROR(LARGE('Release Log'!$I$6:$I$4005,2),0)))) | G39: =IF(IFERROR(LARGE('Release Log'!$I$6:$I$4005,2),0)=0,"",IF(INDEX('Release Log'!$F:$F,IFERROR(LARGE('Release Log'!$I$6:$I$4005,2),0))="","",INDEX('Release Log'!$F:$F,IFERROR(LARGE('Release Log'!$I$6:$I$4005,2),0)))) -> Rep 13 (from COOIS)
B40: =IF(IFERROR(LARGE('Release Log'!$I$6:$I$4005,3),0)=0,"",IF(INDEX('Release Log'!$A:$A,IFERROR(LARGE('Release Log'!$I$6:$I$4005,3),0))="","",INDEX('Release Log'!$A:$A,IFERROR(LARGE('Release Log'!$I$6:$I$4005,3),0)))) -> 46297 | C40: =IF(IFERROR(LARGE('Release Log'!$I$6:$I$4005,3),0)=0,"",IF(INDEX('Release Log'!$C:$C,IFERROR(LARGE('Release Log'!$I$6:$I$4005,3),0))="","",INDEX('Release Log'!$C:$C,IFERROR(LARGE('Release Log'!$I$6:$I$4005,3),0)))) -> 92UAP04548BAA | D40: =IF(IFERROR(LARGE('Release Log'!$I$6:$I$4005,3),0)=0,"",IF(INDEX('Release Log'!$G:$G,IFERROR(LARGE('Release Log'!$I$6:$I$4005,3),0))="","",INDEX('Release Log'!$G:$G,IFERROR(LARGE('Release Log'!$I$6:$I$4005,3),0)))) -> R5B BOAT 1 ASSY (4P-4FP) | E40: =IF(IFERROR(LARGE('Release Log'!$I$6:$I$4005,3),0)=0,"",IF(INDEX('Release Log'!$D:$D,IFERROR(LARGE('Release Log'!$I$6:$I$4005,3),0))="","",INDEX('Release Log'!$D:$D,IFERROR(LARGE('Release Log'!$I$6:$I$4005,3),0)))) -> 1 | F40: =IF(IFERROR(LARGE('Release Log'!$I$6:$I$4005,3),0)=0,"",IF(INDEX('Release Log'!$E:$E,IFERROR(LARGE('Release Log'!$I$6:$I$4005,3),0))="","",INDEX('Release Log'!$E:$E,IFERROR(LARGE('Release Log'!$I$6:$I$4005,3),0)))) | G40: =IF(IFERROR(LARGE('Release Log'!$I$6:$I$4005,3),0)=0,"",IF(INDEX('Release Log'!$F:$F,IFERROR(LARGE('Release Log'!$I$6:$I$4005,3),0))="","",INDEX('Release Log'!$F:$F,IFERROR(LARGE('Release Log'!$I$6:$I$4005,3),0)))) -> Rep 13 (from COOIS)
B41: =IF(IFERROR(LARGE('Release Log'!$I$6:$I$4005,4),0)=0,"",IF(INDEX('Release Log'!$A:$A,IFERROR(LARGE('Release Log'!$I$6:$I$4005,4),0))="","",INDEX('Release Log'!$A:$A,IFERROR(LARGE('Release Log'!$I$6:$I$4005,4),0)))) -> 46297 | C41: =IF(IFERROR(LARGE('Release Log'!$I$6:$I$4005,4),0)=0,"",IF(INDEX('Release Log'!$C:$C,IFERROR(LARGE('Release Log'!$I$6:$I$4005,4),0))="","",INDEX('Release Log'!$C:$C,IFERROR(LARGE('Release Log'!$I$6:$I$4005,4),0)))) -> 92YRA04548AAA | D41: =IF(IFERROR(LARGE('Release Log'!$I$6:$I$4005,4),0)=0,"",IF(INDEX('Release Log'!$G:$G,IFERROR(LARGE('Release Log'!$I$6:$I$4005,4),0))="","",INDEX('Release Log'!$G:$G,IFERROR(LARGE('Release Log'!$I$6:$I$4005,4),0)))) -> R5B ERBIUM ASSEMBLY POSITION 4 | E41: =IF(IFERROR(LARGE('Release Log'!$I$6:$I$4005,4),0)=0,"",IF(INDEX('Release Log'!$D:$D,IFERROR(LARGE('Release Log'!$I$6:$I$4005,4),0))="","",INDEX('Release Log'!$D:$D,IFERROR(LARGE('Release Log'!$I$6:$I$4005,4),0)))) -> 3 | F41: =IF(IFERROR(LARGE('Release Log'!$I$6:$I$4005,4),0)=0,"",IF(INDEX('Release Log'!$E:$E,IFERROR(LARGE('Release Log'!$I$6:$I$4005,4),0))="","",INDEX('Release Log'!$E:$E,IFERROR(LARGE('Release Log'!$I$6:$I$4005,4),0)))) | G41: =IF(IFERROR(LARGE('Release Log'!$I$6:$I$4005,4),0)=0,"",IF(INDEX('Release Log'!$F:$F,IFERROR(LARGE('Release Log'!$I$6:$I$4005,4),0))="","",INDEX('Release Log'!$F:$F,IFERROR(LARGE('Release Log'!$I$6:$I$4005,4),0)))) -> Rep 13 (from COOIS)
B42: =IF(IFERROR(LARGE('Release Log'!$I$6:$I$4005,5),0)=0,"",IF(INDEX('Release Log'!$A:$A,IFERROR(LARGE('Release Log'!$I$6:$I$4005,5),0))="","",INDEX('Release Log'!$A:$A,IFERROR(LARGE('Release Log'!$I$6:$I$4005,5),0)))) -> 46297 | C42: =IF(IFERROR(LARGE('Release Log'!$I$6:$I$4005,5),0)=0,"",IF(INDEX('Release Log'!$C:$C,IFERROR(LARGE('Release Log'!$I$6:$I$4005,5),0))="","",INDEX('Release Log'!$C:$C,IFERROR(LARGE('Release Log'!$I$6:$I$4005,5),0)))) -> 92YRA03548AAA | D42: =IF(IFERROR(LARGE('Release Log'!$I$6:$I$4005,5),0)=0,"",IF(INDEX('Release Log'!$G:$G,IFERROR(LARGE('Release Log'!$I$6:$I$4005,5),0))="","",INDEX('Release Log'!$G:$G,IFERROR(LARGE('Release Log'!$I$6:$I$4005,5),0)))) -> R5B ERBIUM ASSEMBLY POSITION 3 | E42: =IF(IFERROR(LARGE('Release Log'!$I$6:$I$4005,5),0)=0,"",IF(INDEX('Release Log'!$D:$D,IFERROR(LARGE('Release Log'!$I$6:$I$4005,5),0))="","",INDEX('Release Log'!$D:$D,IFERROR(LARGE('Release Log'!$I$6:$I$4005,5),0)))) -> 3 | F42: =IF(IFERROR(LARGE('Release Log'!$I$6:$I$4005,5),0)=0,"",IF(INDEX('Release Log'!$E:$E,IFERROR(LARGE('Release Log'!$I$6:$I$4005,5),0))="","",INDEX('Release Log'!$E:$E,IFERROR(LARGE('Release Log'!$I$6:$I$4005,5),0)))) | G42: =IF(IFERROR(LARGE('Release Log'!$I$6:$I$4005,5),0)=0,"",IF(INDEX('Release Log'!$F:$F,IFERROR(LARGE('Release Log'!$I$6:$I$4005,5),0))="","",INDEX('Release Log'!$F:$F,IFERROR(LARGE('Release Log'!$I$6:$I$4005,5),0)))) -> Rep 13 (from COOIS)
B43: =IF(IFERROR(LARGE('Release Log'!$I$6:$I$4005,6),0)=0,"",IF(INDEX('Release Log'!$A:$A,IFERROR(LARGE('Release Log'!$I$6:$I$4005,6),0))="","",INDEX('Release Log'!$A:$A,IFERROR(LARGE('Release Log'!$I$6:$I$4005,6),0)))) -> 46297 | C43: =IF(IFERROR(LARGE('Release Log'!$I$6:$I$4005,6),0)=0,"",IF(INDEX('Release Log'!$C:$C,IFERROR(LARGE('Release Log'!$I$6:$I$4005,6),0))="","",INDEX('Release Log'!$C:$C,IFERROR(LARGE('Release Log'!$I$6:$I$4005,6),0)))) -> 92YRA02548AAA | D43: =IF(IFERROR(LARGE('Release Log'!$I$6:$I$4005,6),0)=0,"",IF(INDEX('Release Log'!$G:$G,IFERROR(LARGE('Release Log'!$I$6:$I$4005,6),0))="","",INDEX('Release Log'!$G:$G,IFERROR(LARGE('Release Log'!$I$6:$I$4005,6),0)))) -> R5B ERBIUM ASSEMBLY POSITION 2 | E43: =IF(IFERROR(LARGE('Release Log'!$I$6:$I$4005,6),0)=0,"",IF(INDEX('Release Log'!$D:$D,IFERROR(LARGE('Release Log'!$I$6:$I$4005,6),0))="","",INDEX('Release Log'!$D:$D,IFERROR(LARGE('Release Log'!$I$6:$I$4005,6),0)))) -> 3 | F43: =IF(IFERROR(LARGE('Release Log'!$I$6:$I$4005,6),0)=0,"",IF(INDEX('Release Log'!$E:$E,IFERROR(LARGE('Release Log'!$I$6:$I$4005,6),0))="","",INDEX('Release Log'!$E:$E,IFERROR(LARGE('Release Log'!$I$6:$I$4005,6),0)))) | G43: =IF(IFERROR(LARGE('Release Log'!$I$6:$I$4005,6),0)=0,"",IF(INDEX('Release Log'!$F:$F,IFERROR(LARGE('Release Log'!$I$6:$I$4005,6),0))="","",INDEX('Release Log'!$F:$F,IFERROR(LARGE('Release Log'!$I$6:$I$4005,6),0)))) -> Rep 13 (from COOIS)
B44: =IF(IFERROR(LARGE('Release Log'!$I$6:$I$4005,7),0)=0,"",IF(INDEX('Release Log'!$A:$A,IFERROR(LARGE('Release Log'!$I$6:$I$4005,7),0))="","",INDEX('Release Log'!$A:$A,IFERROR(LARGE('Release Log'!$I$6:$I$4005,7),0)))) -> 46297 | C44: =IF(IFERROR(LARGE('Release Log'!$I$6:$I$4005,7),0)=0,"",IF(INDEX('Release Log'!$C:$C,IFERROR(LARGE('Release Log'!$I$6:$I$4005,7),0))="","",INDEX('Release Log'!$C:$C,IFERROR(LARGE('Release Log'!$I$6:$I$4005,7),0)))) -> 92YRA01548AAA | D44: =IF(IFERROR(LARGE('Release Log'!$I$6:$I$4005,7),0)=0,"",IF(INDEX('Release Log'!$G:$G,IFERROR(LARGE('Release Log'!$I$6:$I$4005,7),0))="","",INDEX('Release Log'!$G:$G,IFERROR(LARGE('Release Log'!$I$6:$I$4005,7),0)))) -> R5B ERBIUM ASSEMBLY POSITION 1 | E44: =IF(IFERROR(LARGE('Release Log'!$I$6:$I$4005,7),0)=0,"",IF(INDEX('Release Log'!$D:$D,IFERROR(LARGE('Release Log'!$I$6:$I$4005,7),0))="","",INDEX('Release Log'!$D:$D,IFERROR(LARGE('Release Log'!$I$6:$I$4005,7),0)))) -> 3 | F44: =IF(IFERROR(LARGE('Release Log'!$I$6:$I$4005,7),0)=0,"",IF(INDEX('Release Log'!$E:$E,IFERROR(LARGE('Release Log'!$I$6:$I$4005,7),0))="","",INDEX('Release Log'!$E:$E,IFERROR(LARGE('Release Log'!$I$6:$I$4005,7),0)))) | G44: =IF(IFERROR(LARGE('Release Log'!$I$6:$I$4005,7),0)=0,"",IF(INDEX('Release Log'!$F:$F,IFERROR(LARGE('Release Log'!$I$6:$I$4005,7),0))="","",INDEX('Release Log'!$F:$F,IFERROR(LARGE('Release Log'!$I$6:$I$4005,7),0)))) -> Rep 13 (from COOIS)
B45: =IF(IFERROR(LARGE('Release Log'!$I$6:$I$4005,8),0)=0,"",IF(INDEX('Release Log'!$A:$A,IFERROR(LARGE('Release Log'!$I$6:$I$4005,8),0))="","",INDEX('Release Log'!$A:$A,IFERROR(LARGE('Release Log'!$I$6:$I$4005,8),0)))) -> 46297 | C45: =IF(IFERROR(LARGE('Release Log'!$I$6:$I$4005,8),0)=0,"",IF(INDEX('Release Log'!$C:$C,IFERROR(LARGE('Release Log'!$I$6:$I$4005,8),0))="","",INDEX('Release Log'!$C:$C,IFERROR(LARGE('Release Log'!$I$6:$I$4005,8),0)))) -> 92RRA00548AAA | D45: =IF(IFERROR(LARGE('Release Log'!$I$6:$I$4005,8),0)=0,"",IF(INDEX('Release Log'!$G:$G,IFERROR(LARGE('Release Log'!$I$6:$I$4005,8),0))="","",INDEX('Release Log'!$G:$G,IFERROR(LARGE('Release Log'!$I$6:$I$4005,8),0)))) -> R5B ERBIUM SPOOL ASSEMBLY - E2A | E45: =IF(IFERROR(LARGE('Release Log'!$I$6:$I$4005,8),0)=0,"",IF(INDEX('Release Log'!$D:$D,IFERROR(LARGE('Release Log'!$I$6:$I$4005,8),0))="","",INDEX('Release Log'!$D:$D,IFERROR(LARGE('Release Log'!$I$6:$I$4005,8),0)))) -> 24 | F45: =IF(IFERROR(LARGE('Release Log'!$I$6:$I$4005,8),0)=0,"",IF(INDEX('Release Log'!$E:$E,IFERROR(LARGE('Release Log'!$I$6:$I$4005,8),0))="","",INDEX('Release Log'!$E:$E,IFERROR(LARGE('Release Log'!$I$6:$I$4005,8),0)))) | G45: =IF(IFERROR(LARGE('Release Log'!$I$6:$I$4005,8),0)=0,"",IF(INDEX('Release Log'!$F:$F,IFERROR(LARGE('Release Log'!$I$6:$I$4005,8),0))="","",INDEX('Release Log'!$F:$F,IFERROR(LARGE('Release Log'!$I$6:$I$4005,8),0)))) -> Rep 13 (from COOIS)

Sheet Portfolio
B2: R5B AMP KITTING — ALL CONTRACTS
B3: ="As of "&TEXT(Dashboard!$Q$3,"dd-mmm-yy")&" · week "&_xlfn.ISOWEEKNUM(Dashboard!$Q$3)&" · "&COUNTA(Contracts!$A$6:$A$65)&" contracts" -> As of 05-Oct-26 · week 41 · 12 contracts
B5: Contract | C5: Project | D5: Top Code | E5: FP | F5: Total Reps | G5: Kitted | H5: Progress | I5: Amps Kitted | J5: Plan to Date | K5: Vs Plan | L5: Status
B6: =IF(Contracts!$A$6="","",IF(Contracts!A6="","–",Contracts!A6)) -> WKE-R24P-T1-C | C6: =IF(Contracts!$A$6="","",IF(Contracts!B6="","–",Contracts!B6)) -> Wamkelekile | D6: =IF(Contracts!$A$6="","",IF(Contracts!C6="","–",Contracts!C6)) -> 92ERP24543A++ | E6: =IF(Contracts!$A$6="","",IF(Contracts!D6="","–",Contracts!D6)) -> 24 | F6: =IF(Contracts!$A$6="","",IF(Contracts!F6="","–",Contracts!F6)) -> 255 | G6: =IF(Contracts!$A$6="","",IF(Contracts!I6="","–",Contracts!I6)) -> 0 | H6: =IF(Contracts!$A$6="","",IF(Contracts!N6="","–",Contracts!N6)) -> 0 | I6: =IF(Contracts!$A$6="","",IF(Contracts!J6="","–",Contracts!J6)) -> 0 | J6: =IF(Contracts!$A$6="","",IF(Contracts!K6="","–",Contracts!K6)) -> 0 | K6: =IF(Contracts!$A$6="","",IF(Contracts!L6="","–",Contracts!L6)) -> 0 | L6: =IF(Contracts!$A$6="","",IF(Contracts!O6="","–",Contracts!O6)) -> ON PLAN
B7: =IF(Contracts!$A$7="","",IF(Contracts!A7="","–",Contracts!A7)) -> WBA-R24P-T1-C | C7: =IF(Contracts!$A$7="","",IF(Contracts!B7="","–",Contracts!B7)) -> Waban | D7: =IF(Contracts!$A$7="","",IF(Contracts!C7="","–",Contracts!C7)) -> 92ERP24545A++ | E7: =IF(Contracts!$A$7="","",IF(Contracts!D7="","–",Contracts!D7)) -> 24 | F7: =IF(Contracts!$A$7="","",IF(Contracts!F7="","–",Contracts!F7)) -> 200 | G7: =IF(Contracts!$A$7="","",IF(Contracts!I7="","–",Contracts!I7)) -> – | H7: =IF(Contracts!$A$7="","",IF(Contracts!N7="","–",Contracts!N7)) -> – | I7: =IF(Contracts!$A$7="","",IF(Contracts!J7="","–",Contracts!J7)) -> – | J7: =IF(Contracts!$A$7="","",IF(Contracts!K7="","–",Contracts!K7)) -> 0 | K7: =IF(Contracts!$A$7="","",IF(Contracts!L7="","–",Contracts!L7)) -> – | L7: =IF(Contracts!$A$7="","",IF(Contracts!O7="","–",Contracts!O7)) -> NO KIT LIST
B8: =IF(Contracts!$A$8="","",IF(Contracts!A8="","–",Contracts!A8)) -> E2A-R4P-T1-C | C8: =IF(Contracts!$A$8="","",IF(Contracts!B8="","–",Contracts!B8)) -> E2A | D8: =IF(Contracts!$A$8="","",IF(Contracts!C8="","–",Contracts!C8)) -> 92ERP04548A++ | E8: =IF(Contracts!$A$8="","",IF(Contracts!D8="","–",Contracts!D8)) -> 4 | F8: =IF(Contracts!$A$8="","",IF(Contracts!F8="","–",Contracts!F8)) -> 39 | G8: =IF(Contracts!$A$8="","",IF(Contracts!I8="","–",Contracts!I8)) -> – | H8: =IF(Contracts!$A$8="","",IF(Contracts!N8="","–",Contracts!N8)) -> – | I8: =IF(Contracts!$A$8="","",IF(Contracts!J8="","–",Contracts!J8)) -> – | J8: =IF(Contracts!$A$8="","",IF(Contracts!K8="","–",Contracts!K8)) -> 0 | K8: =IF(Contracts!$A$8="","",IF(Contracts!L8="","–",Contracts!L8)) -> – | L8: =IF(Contracts!$A$8="","",IF(Contracts!O8="","–",Contracts!O8)) -> NO KIT LIST
B9: =IF(Contracts!$A$9="","",IF(Contracts!A9="","–",Contracts!A9)) -> E2A-R4P-T2-M | C9: =IF(Contracts!$A$9="","",IF(Contracts!B9="","–",Contracts!B9)) -> E2A | D9: =IF(Contracts!$A$9="","",IF(Contracts!C9="","–",Contracts!C9)) -> 92ERP04548B++ | E9: =IF(Contracts!$A$9="","",IF(Contracts!D9="","–",Contracts!D9)) -> 4 | F9: =IF(Contracts!$A$9="","",IF(Contracts!F9="","–",Contracts!F9)) -> 11 | G9: =IF(Contracts!$A$9="","",IF(Contracts!I9="","–",Contracts!I9)) -> – | H9: =IF(Contracts!$A$9="","",IF(Contracts!N9="","–",Contracts!N9)) -> – | I9: =IF(Contracts!$A$9="","",IF(Contracts!J9="","–",Contracts!J9)) -> – | J9: =IF(Contracts!$A$9="","",IF(Contracts!K9="","–",Contracts!K9)) -> 0 | K9: =IF(Contracts!$A$9="","",IF(Contracts!L9="","–",Contracts!L9)) -> – | L9: =IF(Contracts!$A$9="","",IF(Contracts!O9="","–",Contracts!O9)) -> NO KIT LIST
B10: =IF(Contracts!$A$10="","",IF(Contracts!A10="","–",Contracts!A10)) -> E2A-R6P-T3-M | C10: =IF(Contracts!$A$10="","",IF(Contracts!B10="","–",Contracts!B10)) -> E2A | D10: =IF(Contracts!$A$10="","",IF(Contracts!C10="","–",Contracts!C10)) -> 92ERP06548A++ | E10: =IF(Contracts!$A$10="","",IF(Contracts!D10="","–",Contracts!D10)) -> 6 | F10: =IF(Contracts!$A$10="","",IF(Contracts!F10="","–",Contracts!F10)) -> 3 | G10: =IF(Contracts!$A$10="","",IF(Contracts!I10="","–",Contracts!I10)) -> – | H10: =IF(Contracts!$A$10="","",IF(Contracts!N10="","–",Contracts!N10)) -> – | I10: =IF(Contracts!$A$10="","",IF(Contracts!J10="","–",Contracts!J10)) -> – | J10: =IF(Contracts!$A$10="","",IF(Contracts!K10="","–",Contracts!K10)) -> 0 | K10: =IF(Contracts!$A$10="","",IF(Contracts!L10="","–",Contracts!L10)) -> – | L10: =IF(Contracts!$A$10="","",IF(Contracts!O10="","–",Contracts!O10)) -> NO KIT LIST
B11: =IF(Contracts!$A$11="","",IF(Contracts!A11="","–",Contracts!A11)) -> E2A-R8P-T4-C | C11: =IF(Contracts!$A$11="","",IF(Contracts!B11="","–",Contracts!B11)) -> E2A | D11: =IF(Contracts!$A$11="","",IF(Contracts!C11="","–",Contracts!C11)) -> 92ERP08548A++ | E11: =IF(Contracts!$A$11="","",IF(Contracts!D11="","–",Contracts!D11)) -> 8 | F11: =IF(Contracts!$A$11="","",IF(Contracts!F11="","–",Contracts!F11)) -> 10 | G11: =IF(Contracts!$A$11="","",IF(Contracts!I11="","–",Contracts!I11)) -> – | H11: =IF(Contracts!$A$11="","",IF(Contracts!N11="","–",Contracts!N11)) -> – | I11: =IF(Contracts!$A$11="","",IF(Contracts!J11="","–",Contracts!J11)) -> – | J11: =IF(Contracts!$A$11="","",IF(Contracts!K11="","–",Contracts!K11)) -> 0 | K11: =IF(Contracts!$A$11="","",IF(Contracts!L11="","–",Contracts!L11)) -> – | L11: =IF(Contracts!$A$11="","",IF(Contracts!O11="","–",Contracts!O11)) -> NO KIT LIST
B12: =IF(Contracts!$A$12="","",IF(Contracts!A12="","–",Contracts!A12)) -> E2A-R12P-T5-C | C12: =IF(Contracts!$A$12="","",IF(Contracts!B12="","–",Contracts!B12)) -> E2A | D12: =IF(Contracts!$A$12="","",IF(Contracts!C12="","–",Contracts!C12)) -> 92ERP12548A++ | E12: =IF(Contracts!$A$12="","",IF(Contracts!D12="","–",Contracts!D12)) -> 12 | F12: =IF(Contracts!$A$12="","",IF(Contracts!F12="","–",Contracts!F12)) -> 109 | G12: =IF(Contracts!$A$12="","",IF(Contracts!I12="","–",Contracts!I12)) -> 13 | H12: =IF(Contracts!$A$12="","",IF(Contracts!N12="","–",Contracts!N12)) -> 0.11926606 | I12: =IF(Contracts!$A$12="","",IF(Contracts!J12="","–",Contracts!J12)) -> 156 | J12: =IF(Contracts!$A$12="","",IF(Contracts!K12="","–",Contracts!K12)) -> 31 | K12: =IF(Contracts!$A$12="","",IF(Contracts!L12="","–",Contracts!L12)) -> -18 | L12: =IF(Contracts!$A$12="","",IF(Contracts!O12="","–",Contracts!O12)) -> BEHIND -18
B13: =IF(Contracts!$A$13="","",IF(Contracts!A13="","–",Contracts!A13)) -> E2A-R12P-T6-C | C13: =IF(Contracts!$A$13="","",IF(Contracts!B13="","–",Contracts!B13)) -> E2A | D13: =IF(Contracts!$A$13="","",IF(Contracts!C13="","–",Contracts!C13)) -> 92ERP12548B++ | E13: =IF(Contracts!$A$13="","",IF(Contracts!D13="","–",Contracts!D13)) -> 12 | F13: =IF(Contracts!$A$13="","",IF(Contracts!F13="","–",Contracts!F13)) -> 5 | G13: =IF(Contracts!$A$13="","",IF(Contracts!I13="","–",Contracts!I13)) -> – | H13: =IF(Contracts!$A$13="","",IF(Contracts!N13="","–",Contracts!N13)) -> – | I13: =IF(Contracts!$A$13="","",IF(Contracts!J13="","–",Contracts!J13)) -> – | J13: =IF(Contracts!$A$13="","",IF(Contracts!K13="","–",Contracts!K13)) -> 0 | K13: =IF(Contracts!$A$13="","",IF(Contracts!L13="","–",Contracts!L13)) -> – | L13: =IF(Contracts!$A$13="","",IF(Contracts!O13="","–",Contracts!O13)) -> NO KIT LIST
B14: =IF(Contracts!$A$14="","",IF(Contracts!A14="","–",Contracts!A14)) -> E2A-R16P-T7-C | C14: =IF(Contracts!$A$14="","",IF(Contracts!B14="","–",Contracts!B14)) -> E2A | D14: =IF(Contracts!$A$14="","",IF(Contracts!C14="","–",Contracts!C14)) -> 92ERP16548A++ | E14: =IF(Contracts!$A$14="","",IF(Contracts!D14="","–",Contracts!D14)) -> 16 | F14: =IF(Contracts!$A$14="","",IF(Contracts!F14="","–",Contracts!F14)) -> 9 | G14: =IF(Contracts!$A$14="","",IF(Contracts!I14="","–",Contracts!I14)) -> – | H14: =IF(Contracts!$A$14="","",IF(Contracts!N14="","–",Contracts!N14)) -> – | I14: =IF(Contracts!$A$14="","",IF(Contracts!J14="","–",Contracts!J14)) -> – | J14: =IF(Contracts!$A$14="","",IF(Contracts!K14="","–",Contracts!K14)) -> 0 | K14: =IF(Contracts!$A$14="","",IF(Contracts!L14="","–",Contracts!L14)) -> – | L14: =IF(Contracts!$A$14="","",IF(Contracts!O14="","–",Contracts!O14)) -> NO KIT LIST
B15: =IF(Contracts!$A$15="","",IF(Contracts!A15="","–",Contracts!A15)) -> DARAJA-R8P (TBC) | C15: =IF(Contracts!$A$15="","",IF(Contracts!B15="","–",Contracts!B15)) -> Daraja Ext to SA | D15: =IF(Contracts!$A$15="","",IF(Contracts!C15="","–",Contracts!C15)) -> Not yet released | E15: =IF(Contracts!$A$15="","",IF(Contracts!D15="","–",Contracts!D15)) -> 8 | F15: =IF(Contracts!$A$15="","",IF(Contracts!F15="","–",Contracts!F15)) -> 10 | G15: =IF(Contracts!$A$15="","",IF(Contracts!I15="","–",Contracts!I15)) -> – | H15: =IF(Contracts!$A$15="","",IF(Contracts!N15="","–",Contracts!N15)) -> – | I15: =IF(Contracts!$A$15="","",IF(Contracts!J15="","–",Contracts!J15)) -> – | J15: =IF(Contracts!$A$15="","",IF(Contracts!K15="","–",Contracts!K15)) -> 0 | K15: =IF(Contracts!$A$15="","",IF(Contracts!L15="","–",Contracts!L15)) -> – | L15: =IF(Contracts!$A$15="","",IF(Contracts!O15="","–",Contracts!O15)) -> NO KIT LIST
B16: =IF(Contracts!$A$16="","",IF(Contracts!A16="","–",Contracts!A16)) -> DARAJA-R24P (TBC) | C16: =IF(Contracts!$A$16="","",IF(Contracts!B16="","–",Contracts!B16)) -> Daraja Ext to SA | D16: =IF(Contracts!$A$16="","",IF(Contracts!C16="","–",Contracts!C16)) -> Not yet released | E16: =IF(Contracts!$A$16="","",IF(Contracts!D16="","–",Contracts!D16)) -> 24 | F16: =IF(Contracts!$A$16="","",IF(Contracts!F16="","–",Contracts!F16)) -> 46 | G16: =IF(Contracts!$A$16="","",IF(Contracts!I16="","–",Contracts!I16)) -> – | H16: =IF(Contracts!$A$16="","",IF(Contracts!N16="","–",Contracts!N16)) -> – | I16: =IF(Contracts!$A$16="","",IF(Contracts!J16="","–",Contracts!J16)) -> – | J16: =IF(Contracts!$A$16="","",IF(Contracts!K16="","–",Contracts!K16)) -> 0 | K16: =IF(Contracts!$A$16="","",IF(Contracts!L16="","–",Contracts!L16)) -> – | L16: =IF(Contracts!$A$16="","",IF(Contracts!O16="","–",Contracts!O16)) -> NO KIT LIST
B17: =IF(Contracts!$A$17="","",IF(Contracts!A17="","–",Contracts!A17)) -> REUNION-SOUTH-R16P (TBC) | C17: =IF(Contracts!$A$17="","",IF(Contracts!B17="","–",Contracts!B17)) -> Reunion-South Africa (wet plant only) | D17: =IF(Contracts!$A$17="","",IF(Contracts!C17="","–",Contracts!C17)) -> Not yet released | E17: =IF(Contracts!$A$17="","",IF(Contracts!D17="","–",Contracts!D17)) -> 16 | F17: =IF(Contracts!$A$17="","",IF(Contracts!F17="","–",Contracts!F17)) -> 31 | G17: =IF(Contracts!$A$17="","",IF(Contracts!I17="","–",Contracts!I17)) -> – | H17: =IF(Contracts!$A$17="","",IF(Contracts!N17="","–",Contracts!N17)) -> – | I17: =IF(Contracts!$A$17="","",IF(Contracts!J17="","–",Contracts!J17)) -> – | J17: =IF(Contracts!$A$17="","",IF(Contracts!K17="","–",Contracts!K17)) -> 0 | K17: =IF(Contracts!$A$17="","",IF(Contracts!L17="","–",Contracts!L17)) -> – | L17: =IF(Contracts!$A$17="","",IF(Contracts!O17="","–",Contracts!O17)) -> NO KIT LIST
B18: =IF(Contracts!$A$18="","",IF(Contracts!A18="","–",Contracts!A18)) | C18: =IF(Contracts!$A$18="","",IF(Contracts!B18="","–",Contracts!B18)) | D18: =IF(Contracts!$A$18="","",IF(Contracts!C18="","–",Contracts!C18)) | E18: =IF(Contracts!$A$18="","",IF(Contracts!D18="","–",Contracts!D18)) | F18: =IF(Contracts!$A$18="","",IF(Contracts!F18="","–",Contracts!F18)) | G18: =IF(Contracts!$A$18="","",IF(Contracts!I18="","–",Contracts!I18)) | H18: =IF(Contracts!$A$18="","",IF(Contracts!N18="","–",Contracts!N18)) | I18: =IF(Contracts!$A$18="","",IF(Contracts!J18="","–",Contracts!J18)) | J18: =IF(Contracts!$A$18="","",IF(Contracts!K18="","–",Contracts!K18)) | K18: =IF(Contracts!$A$18="","",IF(Contracts!L18="","–",Contracts!L18)) | L18: =IF(Contracts!$A$18="","",IF(Contracts!O18="","–",Contracts!O18))
B19: =IF(Contracts!$A$19="","",IF(Contracts!A19="","–",Contracts!A19)) | C19: =IF(Contracts!$A$19="","",IF(Contracts!B19="","–",Contracts!B19)) | D19: =IF(Contracts!$A$19="","",IF(Contracts!C19="","–",Contracts!C19)) | E19: =IF(Contracts!$A$19="","",IF(Contracts!D19="","–",Contracts!D19)) | F19: =IF(Contracts!$A$19="","",IF(Contracts!F19="","–",Contracts!F19)) | G19: =IF(Contracts!$A$19="","",IF(Contracts!I19="","–",Contracts!I19)) | H19: =IF(Contracts!$A$19="","",IF(Contracts!N19="","–",Contracts!N19)) | I19: =IF(Contracts!$A$19="","",IF(Contracts!J19="","–",Contracts!J19)) | J19: =IF(Contracts!$A$19="","",IF(Contracts!K19="","–",Contracts!K19)) | K19: =IF(Contracts!$A$19="","",IF(Contracts!L19="","–",Contracts!L19)) | L19: =IF(Contracts!$A$19="","",IF(Contracts!O19="","–",Contracts!O19))
B20: =IF(Contracts!$A$20="","",IF(Contracts!A20="","–",Contracts!A20)) | C20: =IF(Contracts!$A$20="","",IF(Contracts!B20="","–",Contracts!B20)) | D20: =IF(Contracts!$A$20="","",IF(Contracts!C20="","–",Contracts!C20)) | E20: =IF(Contracts!$A$20="","",IF(Contracts!D20="","–",Contracts!D20)) | F20: =IF(Contracts!$A$20="","",IF(Contracts!F20="","–",Contracts!F20)) | G20: =IF(Contracts!$A$20="","",IF(Contracts!I20="","–",Contracts!I20)) | H20: =IF(Contracts!$A$20="","",IF(Contracts!N20="","–",Contracts!N20)) | I20: =IF(Contracts!$A$20="","",IF(Contracts!J20="","–",Contracts!J20)) | J20: =IF(Contracts!$A$20="","",IF(Contracts!K20="","–",Contracts!K20)) | K20: =IF(Contracts!$A$20="","",IF(Contracts!L20="","–",Contracts!L20)) | L20: =IF(Contracts!$A$20="","",IF(Contracts!O20="","–",Contracts!O20))
B21: =IF(Contracts!$A$21="","",IF(Contracts!A21="","–",Contracts!A21)) | C21: =IF(Contracts!$A$21="","",IF(Contracts!B21="","–",Contracts!B21)) | D21: =IF(Contracts!$A$21="","",IF(Contracts!C21="","–",Contracts!C21)) | E21: =IF(Contracts!$A$21="","",IF(Contracts!D21="","–",Contracts!D21)) | F21: =IF(Contracts!$A$21="","",IF(Contracts!F21="","–",Contracts!F21)) | G21: =IF(Contracts!$A$21="","",IF(Contracts!I21="","–",Contracts!I21)) | H21: =IF(Contracts!$A$21="","",IF(Contracts!N21="","–",Contracts!N21)) | I21: =IF(Contracts!$A$21="","",IF(Contracts!J21="","–",Contracts!J21)) | J21: =IF(Contracts!$A$21="","",IF(Contracts!K21="","–",Contracts!K21)) | K21: =IF(Contracts!$A$21="","",IF(Contracts!L21="","–",Contracts!L21)) | L21: =IF(Contracts!$A$21="","",IF(Contracts!O21="","–",Contracts!O21))
B22: =IF(Contracts!$A$22="","",IF(Contracts!A22="","–",Contracts!A22)) | C22: =IF(Contracts!$A$22="","",IF(Contracts!B22="","–",Contracts!B22)) | D22: =IF(Contracts!$A$22="","",IF(Contracts!C22="","–",Contracts!C22)) | E22: =IF(Contracts!$A$22="","",IF(Contracts!D22="","–",Contracts!D22)) | F22: =IF(Contracts!$A$22="","",IF(Contracts!F22="","–",Contracts!F22)) | G22: =IF(Contracts!$A$22="","",IF(Contracts!I22="","–",Contracts!I22)) | H22: =IF(Contracts!$A$22="","",IF(Contracts!N22="","–",Contracts!N22)) | I22: =IF(Contracts!$A$22="","",IF(Contracts!J22="","–",Contracts!J22)) | J22: =IF(Contracts!$A$22="","",IF(Contracts!K22="","–",Contracts!K22)) | K22: =IF(Contracts!$A$22="","",IF(Contracts!L22="","–",Contracts!L22)) | L22: =IF(Contracts!$A$22="","",IF(Contracts!O22="","–",Contracts!O22))
B23: =IF(Contracts!$A$23="","",IF(Contracts!A23="","–",Contracts!A23)) | C23: =IF(Contracts!$A$23="","",IF(Contracts!B23="","–",Contracts!B23)) | D23: =IF(Contracts!$A$23="","",IF(Contracts!C23="","–",Contracts!C23)) | E23: =IF(Contracts!$A$23="","",IF(Contracts!D23="","–",Contracts!D23)) | F23: =IF(Contracts!$A$23="","",IF(Contracts!F23="","–",Contracts!F23)) | G23: =IF(Contracts!$A$23="","",IF(Contracts!I23="","–",Contracts!I23)) | H23: =IF(Contracts!$A$23="","",IF(Contracts!N23="","–",Contracts!N23)) | I23: =IF(Contracts!$A$23="","",IF(Contracts!J23="","–",Contracts!J23)) | J23: =IF(Contracts!$A$23="","",IF(Contracts!K23="","–",Contracts!K23)) | K23: =IF(Contracts!$A$23="","",IF(Contracts!L23="","–",Contracts!L23)) | L23: =IF(Contracts!$A$23="","",IF(Contracts!O23="","–",Contracts!O23))
B24: =IF(Contracts!$A$24="","",IF(Contracts!A24="","–",Contracts!A24)) | C24: =IF(Contracts!$A$24="","",IF(Contracts!B24="","–",Contracts!B24)) | D24: =IF(Contracts!$A$24="","",IF(Contracts!C24="","–",Contracts!C24)) | E24: =IF(Contracts!$A$24="","",IF(Contracts!D24="","–",Contracts!D24)) | F24: =IF(Contracts!$A$24="","",IF(Contracts!F24="","–",Contracts!F24)) | G24: =IF(Contracts!$A$24="","",IF(Contracts!I24="","–",Contracts!I24)) | H24: =IF(Contracts!$A$24="","",IF(Contracts!N24="","–",Contracts!N24)) | I24: =IF(Contracts!$A$24="","",IF(Contracts!J24="","–",Contracts!J24)) | J24: =IF(Contracts!$A$24="","",IF(Contracts!K24="","–",Contracts!K24)) | K24: =IF(Contracts!$A$24="","",IF(Contracts!L24="","–",Contracts!L24)) | L24: =IF(Contracts!$A$24="","",IF(Contracts!O24="","–",Contracts!O24))
B25: =IF(Contracts!$A$25="","",IF(Contracts!A25="","–",Contracts!A25)) | C25: =IF(Contracts!$A$25="","",IF(Contracts!B25="","–",Contracts!B25)) | D25: =IF(Contracts!$A$25="","",IF(Contracts!C25="","–",Contracts!C25)) | E25: =IF(Contracts!$A$25="","",IF(Contracts!D25="","–",Contracts!D25)) | F25: =IF(Contracts!$A$25="","",IF(Contracts!F25="","–",Contracts!F25)) | G25: =IF(Contracts!$A$25="","",IF(Contracts!I25="","–",Contracts!I25)) | H25: =IF(Contracts!$A$25="","",IF(Contracts!N25="","–",Contracts!N25)) | I25: =IF(Contracts!$A$25="","",IF(Contracts!J25="","–",Contracts!J25)) | J25: =IF(Contracts!$A$25="","",IF(Contracts!K25="","–",Contracts!K25)) | K25: =IF(Contracts!$A$25="","",IF(Contracts!L25="","–",Contracts!L25)) | L25: =IF(Contracts!$A$25="","",IF(Contracts!O25="","–",Contracts!O25))
B26: =IF(Contracts!$A$26="","",IF(Contracts!A26="","–",Contracts!A26)) | C26: =IF(Contracts!$A$26="","",IF(Contracts!B26="","–",Contracts!B26)) | D26: =IF(Contracts!$A$26="","",IF(Contracts!C26="","–",Contracts!C26)) | E26: =IF(Contracts!$A$26="","",IF(Contracts!D26="","–",Contracts!D26)) | F26: =IF(Contracts!$A$26="","",IF(Contracts!F26="","–",Contracts!F26)) | G26: =IF(Contracts!$A$26="","",IF(Contracts!I26="","–",Contracts!I26)) | H26: =IF(Contracts!$A$26="","",IF(Contracts!N26="","–",Contracts!N26)) | I26: =IF(Contracts!$A$26="","",IF(Contracts!J26="","–",Contracts!J26)) | J26: =IF(Contracts!$A$26="","",IF(Contracts!K26="","–",Contracts!K26)) | K26: =IF(Contracts!$A$26="","",IF(Contracts!L26="","–",Contracts!L26)) | L26: =IF(Contracts!$A$26="","",IF(Contracts!O26="","–",Contracts!O26))
B27: =IF(Contracts!$A$27="","",IF(Contracts!A27="","–",Contracts!A27)) | C27: =IF(Contracts!$A$27="","",IF(Contracts!B27="","–",Contracts!B27)) | D27: =IF(Contracts!$A$27="","",IF(Contracts!C27="","–",Contracts!C27)) | E27: =IF(Contracts!$A$27="","",IF(Contracts!D27="","–",Contracts!D27)) | F27: =IF(Contracts!$A$27="","",IF(Contracts!F27="","–",Contracts!F27)) | G27: =IF(Contracts!$A$27="","",IF(Contracts!I27="","–",Contracts!I27)) | H27: =IF(Contracts!$A$27="","",IF(Contracts!N27="","–",Contracts!N27)) | I27: =IF(Contracts!$A$27="","",IF(Contracts!J27="","–",Contracts!J27)) | J27: =IF(Contracts!$A$27="","",IF(Contracts!K27="","–",Contracts!K27)) | K27: =IF(Contracts!$A$27="","",IF(Contracts!L27="","–",Contracts!L27)) | L27: =IF(Contracts!$A$27="","",IF(Contracts!O27="","–",Contracts!O27))
B28: =IF(Contracts!$A$28="","",IF(Contracts!A28="","–",Contracts!A28)) | C28: =IF(Contracts!$A$28="","",IF(Contracts!B28="","–",Contracts!B28)) | D28: =IF(Contracts!$A$28="","",IF(Contracts!C28="","–",Contracts!C28)) | E28: =IF(Contracts!$A$28="","",IF(Contracts!D28="","–",Contracts!D28)) | F28: =IF(Contracts!$A$28="","",IF(Contracts!F28="","–",Contracts!F28)) | G28: =IF(Contracts!$A$28="","",IF(Contracts!I28="","–",Contracts!I28)) | H28: =IF(Contracts!$A$28="","",IF(Contracts!N28="","–",Contracts!N28)) | I28: =IF(Contracts!$A$28="","",IF(Contracts!J28="","–",Contracts!J28)) | J28: =IF(Contracts!$A$28="","",IF(Contracts!K28="","–",Contracts!K28)) | K28: =IF(Contracts!$A$28="","",IF(Contracts!L28="","–",Contracts!L28)) | L28: =IF(Contracts!$A$28="","",IF(Contracts!O28="","–",Contracts!O28))
B29: =IF(Contracts!$A$29="","",IF(Contracts!A29="","–",Contracts!A29)) | C29: =IF(Contracts!$A$29="","",IF(Contracts!B29="","–",Contracts!B29)) | D29: =IF(Contracts!$A$29="","",IF(Contracts!C29="","–",Contracts!C29)) | E29: =IF(Contracts!$A$29="","",IF(Contracts!D29="","–",Contracts!D29)) | F29: =IF(Contracts!$A$29="","",IF(Contracts!F29="","–",Contracts!F29)) | G29: =IF(Contracts!$A$29="","",IF(Contracts!I29="","–",Contracts!I29)) | H29: =IF(Contracts!$A$29="","",IF(Contracts!N29="","–",Contracts!N29)) | I29: =IF(Contracts!$A$29="","",IF(Contracts!J29="","–",Contracts!J29)) | J29: =IF(Contracts!$A$29="","",IF(Contracts!K29="","–",Contracts!K29)) | K29: =IF(Contracts!$A$29="","",IF(Contracts!L29="","–",Contracts!L29)) | L29: =IF(Contracts!$A$29="","",IF(Contracts!O29="","–",Contracts!O29))
B30: =IF(Contracts!$A$30="","",IF(Contracts!A30="","–",Contracts!A30)) | C30: =IF(Contracts!$A$30="","",IF(Contracts!B30="","–",Contracts!B30)) | D30: =IF(Contracts!$A$30="","",IF(Contracts!C30="","–",Contracts!C30)) | E30: =IF(Contracts!$A$30="","",IF(Contracts!D30="","–",Contracts!D30)) | F30: =IF(Contracts!$A$30="","",IF(Contracts!F30="","–",Contracts!F30)) | G30: =IF(Contracts!$A$30="","",IF(Contracts!I30="","–",Contracts!I30)) | H30: =IF(Contracts!$A$30="","",IF(Contracts!N30="","–",Contracts!N30)) | I30: =IF(Contracts!$A$30="","",IF(Contracts!J30="","–",Contracts!J30)) | J30: =IF(Contracts!$A$30="","",IF(Contracts!K30="","–",Contracts!K30)) | K30: =IF(Contracts!$A$30="","",IF(Contracts!L30="","–",Contracts!L30)) | L30: =IF(Contracts!$A$30="","",IF(Contracts!O30="","–",Contracts!O30))
B31: =IF(Contracts!$A$31="","",IF(Contracts!A31="","–",Contracts!A31)) | C31: =IF(Contracts!$A$31="","",IF(Contracts!B31="","–",Contracts!B31)) | D31: =IF(Contracts!$A$31="","",IF(Contracts!C31="","–",Contracts!C31)) | E31: =IF(Contracts!$A$31="","",IF(Contracts!D31="","–",Contracts!D31)) | F31: =IF(Contracts!$A$31="","",IF(Contracts!F31="","–",Contracts!F31)) | G31: =IF(Contracts!$A$31="","",IF(Contracts!I31="","–",Contracts!I31)) | H31: =IF(Contracts!$A$31="","",IF(Contracts!N31="","–",Contracts!N31)) | I31: =IF(Contracts!$A$31="","",IF(Contracts!J31="","–",Contracts!J31)) | J31: =IF(Contracts!$A$31="","",IF(Contracts!K31="","–",Contracts!K31)) | K31: =IF(Contracts!$A$31="","",IF(Contracts!L31="","–",Contracts!L31)) | L31: =IF(Contracts!$A$31="","",IF(Contracts!O31="","–",Contracts!O31))
B32: =IF(Contracts!$A$32="","",IF(Contracts!A32="","–",Contracts!A32)) | C32: =IF(Contracts!$A$32="","",IF(Contracts!B32="","–",Contracts!B32)) | D32: =IF(Contracts!$A$32="","",IF(Contracts!C32="","–",Contracts!C32)) | E32: =IF(Contracts!$A$32="","",IF(Contracts!D32="","–",Contracts!D32)) | F32: =IF(Contracts!$A$32="","",IF(Contracts!F32="","–",Contracts!F32)) | G32: =IF(Contracts!$A$32="","",IF(Contracts!I32="","–",Contracts!I32)) | H32: =IF(Contracts!$A$32="","",IF(Contracts!N32="","–",Contracts!N32)) | I32: =IF(Contracts!$A$32="","",IF(Contracts!J32="","–",Contracts!J32)) | J32: =IF(Contracts!$A$32="","",IF(Contracts!K32="","–",Contracts!K32)) | K32: =IF(Contracts!$A$32="","",IF(Contracts!L32="","–",Contracts!L32)) | L32: =IF(Contracts!$A$32="","",IF(Contracts!O32="","–",Contracts!O32))
B33: =IF(Contracts!$A$33="","",IF(Contracts!A33="","–",Contracts!A33)) | C33: =IF(Contracts!$A$33="","",IF(Contracts!B33="","–",Contracts!B33)) | D33: =IF(Contracts!$A$33="","",IF(Contracts!C33="","–",Contracts!C33)) | E33: =IF(Contracts!$A$33="","",IF(Contracts!D33="","–",Contracts!D33)) | F33: =IF(Contracts!$A$33="","",IF(Contracts!F33="","–",Contracts!F33)) | G33: =IF(Contracts!$A$33="","",IF(Contracts!I33="","–",Contracts!I33)) | H33: =IF(Contracts!$A$33="","",IF(Contracts!N33="","–",Contracts!N33)) | I33: =IF(Contracts!$A$33="","",IF(Contracts!J33="","–",Contracts!J33)) | J33: =IF(Contracts!$A$33="","",IF(Contracts!K33="","–",Contracts!K33)) | K33: =IF(Contracts!$A$33="","",IF(Contracts!L33="","–",Contracts!L33)) | L33: =IF(Contracts!$A$33="","",IF(Contracts!O33="","–",Contracts!O33))
B34: =IF(Contracts!$A$34="","",IF(Contracts!A34="","–",Contracts!A34)) | C34: =IF(Contracts!$A$34="","",IF(Contracts!B34="","–",Contracts!B34)) | D34: =IF(Contracts!$A$34="","",IF(Contracts!C34="","–",Contracts!C34)) | E34: =IF(Contracts!$A$34="","",IF(Contracts!D34="","–",Contracts!D34)) | F34: =IF(Contracts!$A$34="","",IF(Contracts!F34="","–",Contracts!F34)) | G34: =IF(Contracts!$A$34="","",IF(Contracts!I34="","–",Contracts!I34)) | H34: =IF(Contracts!$A$34="","",IF(Contracts!N34="","–",Contracts!N34)) | I34: =IF(Contracts!$A$34="","",IF(Contracts!J34="","–",Contracts!J34)) | J34: =IF(Contracts!$A$34="","",IF(Contracts!K34="","–",Contracts!K34)) | K34: =IF(Contracts!$A$34="","",IF(Contracts!L34="","–",Contracts!L34)) | L34: =IF(Contracts!$A$34="","",IF(Contracts!O34="","–",Contracts!O34))
B35: =IF(Contracts!$A$35="","",IF(Contracts!A35="","–",Contracts!A35)) | C35: =IF(Contracts!$A$35="","",IF(Contracts!B35="","–",Contracts!B35)) | D35: =IF(Contracts!$A$35="","",IF(Contracts!C35="","–",Contracts!C35)) | E35: =IF(Contracts!$A$35="","",IF(Contracts!D35="","–",Contracts!D35)) | F35: =IF(Contracts!$A$35="","",IF(Contracts!F35="","–",Contracts!F35)) | G35: =IF(Contracts!$A$35="","",IF(Contracts!I35="","–",Contracts!I35)) | H35: =IF(Contracts!$A$35="","",IF(Contracts!N35="","–",Contracts!N35)) | I35: =IF(Contracts!$A$35="","",IF(Contracts!J35="","–",Contracts!J35)) | J35: =IF(Contracts!$A$35="","",IF(Contracts!K35="","–",Contracts!K35)) | K35: =IF(Contracts!$A$35="","",IF(Contracts!L35="","–",Contracts!L35)) | L35: =IF(Contracts!$A$35="","",IF(Contracts!O35="","–",Contracts!O35))
B36: =IF(Contracts!$A$36="","",IF(Contracts!A36="","–",Contracts!A36)) | C36: =IF(Contracts!$A$36="","",IF(Contracts!B36="","–",Contracts!B36)) | D36: =IF(Contracts!$A$36="","",IF(Contracts!C36="","–",Contracts!C36)) | E36: =IF(Contracts!$A$36="","",IF(Contracts!D36="","–",Contracts!D36)) | F36: =IF(Contracts!$A$36="","",IF(Contracts!F36="","–",Contracts!F36)) | G36: =IF(Contracts!$A$36="","",IF(Contracts!I36="","–",Contracts!I36)) | H36: =IF(Contracts!$A$36="","",IF(Contracts!N36="","–",Contracts!N36)) | I36: =IF(Contracts!$A$36="","",IF(Contracts!J36="","–",Contracts!J36)) | J36: =IF(Contracts!$A$36="","",IF(Contracts!K36="","–",Contracts!K36)) | K36: =IF(Contracts!$A$36="","",IF(Contracts!L36="","–",Contracts!L36)) | L36: =IF(Contracts!$A$36="","",IF(Contracts!O36="","–",Contracts!O36))
B37: =IF(Contracts!$A$37="","",IF(Contracts!A37="","–",Contracts!A37)) | C37: =IF(Contracts!$A$37="","",IF(Contracts!B37="","–",Contracts!B37)) | D37: =IF(Contracts!$A$37="","",IF(Contracts!C37="","–",Contracts!C37)) | E37: =IF(Contracts!$A$37="","",IF(Contracts!D37="","–",Contracts!D37)) | F37: =IF(Contracts!$A$37="","",IF(Contracts!F37="","–",Contracts!F37)) | G37: =IF(Contracts!$A$37="","",IF(Contracts!I37="","–",Contracts!I37)) | H37: =IF(Contracts!$A$37="","",IF(Contracts!N37="","–",Contracts!N37)) | I37: =IF(Contracts!$A$37="","",IF(Contracts!J37="","–",Contracts!J37)) | J37: =IF(Contracts!$A$37="","",IF(Contracts!K37="","–",Contracts!K37)) | K37: =IF(Contracts!$A$37="","",IF(Contracts!L37="","–",Contracts!L37)) | L37: =IF(Contracts!$A$37="","",IF(Contracts!O37="","–",Contracts!O37))
B38: =IF(Contracts!$A$38="","",IF(Contracts!A38="","–",Contracts!A38)) | C38: =IF(Contracts!$A$38="","",IF(Contracts!B38="","–",Contracts!B38)) | D38: =IF(Contracts!$A$38="","",IF(Contracts!C38="","–",Contracts!C38)) | E38: =IF(Contracts!$A$38="","",IF(Contracts!D38="","–",Contracts!D38)) | F38: =IF(Contracts!$A$38="","",IF(Contracts!F38="","–",Contracts!F38)) | G38: =IF(Contracts!$A$38="","",IF(Contracts!I38="","–",Contracts!I38)) | H38: =IF(Contracts!$A$38="","",IF(Contracts!N38="","–",Contracts!N38)) | I38: =IF(Contracts!$A$38="","",IF(Contracts!J38="","–",Contracts!J38)) | J38: =IF(Contracts!$A$38="","",IF(Contracts!K38="","–",Contracts!K38)) | K38: =IF(Contracts!$A$38="","",IF(Contracts!L38="","–",Contracts!L38)) | L38: =IF(Contracts!$A$38="","",IF(Contracts!O38="","–",Contracts!O38))
B39: =IF(Contracts!$A$39="","",IF(Contracts!A39="","–",Contracts!A39)) | C39: =IF(Contracts!$A$39="","",IF(Contracts!B39="","–",Contracts!B39)) | D39: =IF(Contracts!$A$39="","",IF(Contracts!C39="","–",Contracts!C39)) | E39: =IF(Contracts!$A$39="","",IF(Contracts!D39="","–",Contracts!D39)) | F39: =IF(Contracts!$A$39="","",IF(Contracts!F39="","–",Contracts!F39)) | G39: =IF(Contracts!$A$39="","",IF(Contracts!I39="","–",Contracts!I39)) | H39: =IF(Contracts!$A$39="","",IF(Contracts!N39="","–",Contracts!N39)) | I39: =IF(Contracts!$A$39="","",IF(Contracts!J39="","–",Contracts!J39)) | J39: =IF(Contracts!$A$39="","",IF(Contracts!K39="","–",Contracts!K39)) | K39: =IF(Contracts!$A$39="","",IF(Contracts!L39="","–",Contracts!L39)) | L39: =IF(Contracts!$A$39="","",IF(Contracts!O39="","–",Contracts!O39))
B40: =IF(Contracts!$A$40="","",IF(Contracts!A40="","–",Contracts!A40)) | C40: =IF(Contracts!$A$40="","",IF(Contracts!B40="","–",Contracts!B40)) | D40: =IF(Contracts!$A$40="","",IF(Contracts!C40="","–",Contracts!C40)) | E40: =IF(Contracts!$A$40="","",IF(Contracts!D40="","–",Contracts!D40)) | F40: =IF(Contracts!$A$40="","",IF(Contracts!F40="","–",Contracts!F40)) | G40: =IF(Contracts!$A$40="","",IF(Contracts!I40="","–",Contracts!I40)) | H40: =IF(Contracts!$A$40="","",IF(Contracts!N40="","–",Contracts!N40)) | I40: =IF(Contracts!$A$40="","",IF(Contracts!J40="","–",Contracts!J40)) | J40: =IF(Contracts!$A$40="","",IF(Contracts!K40="","–",Contracts!K40)) | K40: =IF(Contracts!$A$40="","",IF(Contracts!L40="","–",Contracts!L40)) | L40: =IF(Contracts!$A$40="","",IF(Contracts!O40="","–",Contracts!O40))
B41: =IF(Contracts!$A$41="","",IF(Contracts!A41="","–",Contracts!A41)) | C41: =IF(Contracts!$A$41="","",IF(Contracts!B41="","–",Contracts!B41)) | D41: =IF(Contracts!$A$41="","",IF(Contracts!C41="","–",Contracts!C41)) | E41: =IF(Contracts!$A$41="","",IF(Contracts!D41="","–",Contracts!D41)) | F41: =IF(Contracts!$A$41="","",IF(Contracts!F41="","–",Contracts!F41)) | G41: =IF(Contracts!$A$41="","",IF(Contracts!I41="","–",Contracts!I41)) | H41: =IF(Contracts!$A$41="","",IF(Contracts!N41="","–",Contracts!N41)) | I41: =IF(Contracts!$A$41="","",IF(Contracts!J41="","–",Contracts!J41)) | J41: =IF(Contracts!$A$41="","",IF(Contracts!K41="","–",Contracts!K41)) | K41: =IF(Contracts!$A$41="","",IF(Contracts!L41="","–",Contracts!L41)) | L41: =IF(Contracts!$A$41="","",IF(Contracts!O41="","–",Contracts!O41))
B42: =IF(Contracts!$A$42="","",IF(Contracts!A42="","–",Contracts!A42)) | C42: =IF(Contracts!$A$42="","",IF(Contracts!B42="","–",Contracts!B42)) | D42: =IF(Contracts!$A$42="","",IF(Contracts!C42="","–",Contracts!C42)) | E42: =IF(Contracts!$A$42="","",IF(Contracts!D42="","–",Contracts!D42)) | F42: =IF(Contracts!$A$42="","",IF(Contracts!F42="","–",Contracts!F42)) | G42: =IF(Contracts!$A$42="","",IF(Contracts!I42="","–",Contracts!I42)) | H42: =IF(Contracts!$A$42="","",IF(Contracts!N42="","–",Contracts!N42)) | I42: =IF(Contracts!$A$42="","",IF(Contracts!J42="","–",Contracts!J42)) | J42: =IF(Contracts!$A$42="","",IF(Contracts!K42="","–",Contracts!K42)) | K42: =IF(Contracts!$A$42="","",IF(Contracts!L42="","–",Contracts!L42)) | L42: =IF(Contracts!$A$42="","",IF(Contracts!O42="","–",Contracts!O42))
B43: =IF(Contracts!$A$43="","",IF(Contracts!A43="","–",Contracts!A43)) | C43: =IF(Contracts!$A$43="","",IF(Contracts!B43="","–",Contracts!B43)) | D43: =IF(Contracts!$A$43="","",IF(Contracts!C43="","–",Contracts!C43)) | E43: =IF(Contracts!$A$43="","",IF(Contracts!D43="","–",Contracts!D43)) | F43: =IF(Contracts!$A$43="","",IF(Contracts!F43="","–",Contracts!F43)) | G43: =IF(Contracts!$A$43="","",IF(Contracts!I43="","–",Contracts!I43)) | H43: =IF(Contracts!$A$43="","",IF(Contracts!N43="","–",Contracts!N43)) | I43: =IF(Contracts!$A$43="","",IF(Contracts!J43="","–",Contracts!J43)) | J43: =IF(Contracts!$A$43="","",IF(Contracts!K43="","–",Contracts!K43)) | K43: =IF(Contracts!$A$43="","",IF(Contracts!L43="","–",Contracts!L43)) | L43: =IF(Contracts!$A$43="","",IF(Contracts!O43="","–",Contracts!O43))
B44: =IF(Contracts!$A$44="","",IF(Contracts!A44="","–",Contracts!A44)) | C44: =IF(Contracts!$A$44="","",IF(Contracts!B44="","–",Contracts!B44)) | D44: =IF(Contracts!$A$44="","",IF(Contracts!C44="","–",Contracts!C44)) | E44: =IF(Contracts!$A$44="","",IF(Contracts!D44="","–",Contracts!D44)) | F44: =IF(Contracts!$A$44="","",IF(Contracts!F44="","–",Contracts!F44)) | G44: =IF(Contracts!$A$44="","",IF(Contracts!I44="","–",Contracts!I44)) | H44: =IF(Contracts!$A$44="","",IF(Contracts!N44="","–",Contracts!N44)) | I44: =IF(Contracts!$A$44="","",IF(Contracts!J44="","–",Contracts!J44)) | J44: =IF(Contracts!$A$44="","",IF(Contracts!K44="","–",Contracts!K44)) | K44: =IF(Contracts!$A$44="","",IF(Contracts!L44="","–",Contracts!L44)) | L44: =IF(Contracts!$A$44="","",IF(Contracts!O44="","–",Contracts!O44))
B45: =IF(Contracts!$A$45="","",IF(Contracts!A45="","–",Contracts!A45)) | C45: =IF(Contracts!$A$45="","",IF(Contracts!B45="","–",Contracts!B45)) | D45: =IF(Contracts!$A$45="","",IF(Contracts!C45="","–",Contracts!C45)) | E45: =IF(Contracts!$A$45="","",IF(Contracts!D45="","–",Contracts!D45)) | F45: =IF(Contracts!$A$45="","",IF(Contracts!F45="","–",Contracts!F45)) | G45: =IF(Contracts!$A$45="","",IF(Contracts!I45="","–",Contracts!I45)) | H45: =IF(Contracts!$A$45="","",IF(Contracts!N45="","–",Contracts!N45)) | I45: =IF(Contracts!$A$45="","",IF(Contracts!J45="","–",Contracts!J45)) | J45: =IF(Contracts!$A$45="","",IF(Contracts!K45="","–",Contracts!K45)) | K45: =IF(Contracts!$A$45="","",IF(Contracts!L45="","–",Contracts!L45)) | L45: =IF(Contracts!$A$45="","",IF(Contracts!O45="","–",Contracts!O45))
B46: =IF(Contracts!$A$46="","",IF(Contracts!A46="","–",Contracts!A46)) | C46: =IF(Contracts!$A$46="","",IF(Contracts!B46="","–",Contracts!B46)) | D46: =IF(Contracts!$A$46="","",IF(Contracts!C46="","–",Contracts!C46)) | E46: =IF(Contracts!$A$46="","",IF(Contracts!D46="","–",Contracts!D46)) | F46: =IF(Contracts!$A$46="","",IF(Contracts!F46="","–",Contracts!F46)) | G46: =IF(Contracts!$A$46="","",IF(Contracts!I46="","–",Contracts!I46)) | H46: =IF(Contracts!$A$46="","",IF(Contracts!N46="","–",Contracts!N46)) | I46: =IF(Contracts!$A$46="","",IF(Contracts!J46="","–",Contracts!J46)) | J46: =IF(Contracts!$A$46="","",IF(Contracts!K46="","–",Contracts!K46)) | K46: =IF(Contracts!$A$46="","",IF(Contracts!L46="","–",Contracts!L46)) | L46: =IF(Contracts!$A$46="","",IF(Contracts!O46="","–",Contracts!O46))
B47: =IF(Contracts!$A$47="","",IF(Contracts!A47="","–",Contracts!A47)) | C47: =IF(Contracts!$A$47="","",IF(Contracts!B47="","–",Contracts!B47)) | D47: =IF(Contracts!$A$47="","",IF(Contracts!C47="","–",Contracts!C47)) | E47: =IF(Contracts!$A$47="","",IF(Contracts!D47="","–",Contracts!D47)) | F47: =IF(Contracts!$A$47="","",IF(Contracts!F47="","–",Contracts!F47)) | G47: =IF(Contracts!$A$47="","",IF(Contracts!I47="","–",Contracts!I47)) | H47: =IF(Contracts!$A$47="","",IF(Contracts!N47="","–",Contracts!N47)) | I47: =IF(Contracts!$A$47="","",IF(Contracts!J47="","–",Contracts!J47)) | J47: =IF(Contracts!$A$47="","",IF(Contracts!K47="","–",Contracts!K47)) | K47: =IF(Contracts!$A$47="","",IF(Contracts!L47="","–",Contracts!L47)) | L47: =IF(Contracts!$A$47="","",IF(Contracts!O47="","–",Contracts!O47))
B48: =IF(Contracts!$A$48="","",IF(Contracts!A48="","–",Contracts!A48)) | C48: =IF(Contracts!$A$48="","",IF(Contracts!B48="","–",Contracts!B48)) | D48: =IF(Contracts!$A$48="","",IF(Contracts!C48="","–",Contracts!C48)) | E48: =IF(Contracts!$A$48="","",IF(Contracts!D48="","–",Contracts!D48)) | F48: =IF(Contracts!$A$48="","",IF(Contracts!F48="","–",Contracts!F48)) | G48: =IF(Contracts!$A$48="","",IF(Contracts!I48="","–",Contracts!I48)) | H48: =IF(Contracts!$A$48="","",IF(Contracts!N48="","–",Contracts!N48)) | I48: =IF(Contracts!$A$48="","",IF(Contracts!J48="","–",Contracts!J48)) | J48: =IF(Contracts!$A$48="","",IF(Contracts!K48="","–",Contracts!K48)) | K48: =IF(Contracts!$A$48="","",IF(Contracts!L48="","–",Contracts!L48)) | L48: =IF(Contracts!$A$48="","",IF(Contracts!O48="","–",Contracts!O48))
B49: =IF(Contracts!$A$49="","",IF(Contracts!A49="","–",Contracts!A49)) | C49: =IF(Contracts!$A$49="","",IF(Contracts!B49="","–",Contracts!B49)) | D49: =IF(Contracts!$A$49="","",IF(Contracts!C49="","–",Contracts!C49)) | E49: =IF(Contracts!$A$49="","",IF(Contracts!D49="","–",Contracts!D49)) | F49: =IF(Contracts!$A$49="","",IF(Contracts!F49="","–",Contracts!F49)) | G49: =IF(Contracts!$A$49="","",IF(Contracts!I49="","–",Contracts!I49)) | H49: =IF(Contracts!$A$49="","",IF(Contracts!N49="","–",Contracts!N49)) | I49: =IF(Contracts!$A$49="","",IF(Contracts!J49="","–",Contracts!J49)) | J49: =IF(Contracts!$A$49="","",IF(Contracts!K49="","–",Contracts!K49)) | K49: =IF(Contracts!$A$49="","",IF(Contracts!L49="","–",Contracts!L49)) | L49: =IF(Contracts!$A$49="","",IF(Contracts!O49="","–",Contracts!O49))
B50: =IF(Contracts!$A$50="","",IF(Contracts!A50="","–",Contracts!A50)) | C50: =IF(Contracts!$A$50="","",IF(Contracts!B50="","–",Contracts!B50)) | D50: =IF(Contracts!$A$50="","",IF(Contracts!C50="","–",Contracts!C50)) | E50: =IF(Contracts!$A$50="","",IF(Contracts!D50="","–",Contracts!D50)) | F50: =IF(Contracts!$A$50="","",IF(Contracts!F50="","–",Contracts!F50)) | G50: =IF(Contracts!$A$50="","",IF(Contracts!I50="","–",Contracts!I50)) | H50: =IF(Contracts!$A$50="","",IF(Contracts!N50="","–",Contracts!N50)) | I50: =IF(Contracts!$A$50="","",IF(Contracts!J50="","–",Contracts!J50)) | J50: =IF(Contracts!$A$50="","",IF(Contracts!K50="","–",Contracts!K50)) | K50: =IF(Contracts!$A$50="","",IF(Contracts!L50="","–",Contracts!L50)) | L50: =IF(Contracts!$A$50="","",IF(Contracts!O50="","–",Contracts!O50))
B51: =IF(Contracts!$A$51="","",IF(Contracts!A51="","–",Contracts!A51)) | C51: =IF(Contracts!$A$51="","",IF(Contracts!B51="","–",Contracts!B51)) | D51: =IF(Contracts!$A$51="","",IF(Contracts!C51="","–",Contracts!C51)) | E51: =IF(Contracts!$A$51="","",IF(Contracts!D51="","–",Contracts!D51)) | F51: =IF(Contracts!$A$51="","",IF(Contracts!F51="","–",Contracts!F51)) | G51: =IF(Contracts!$A$51="","",IF(Contracts!I51="","–",Contracts!I51)) | H51: =IF(Contracts!$A$51="","",IF(Contracts!N51="","–",Contracts!N51)) | I51: =IF(Contracts!$A$51="","",IF(Contracts!J51="","–",Contracts!J51)) | J51: =IF(Contracts!$A$51="","",IF(Contracts!K51="","–",Contracts!K51)) | K51: =IF(Contracts!$A$51="","",IF(Contracts!L51="","–",Contracts!L51)) | L51: =IF(Contracts!$A$51="","",IF(Contracts!O51="","–",Contracts!O51))
B52: =IF(Contracts!$A$52="","",IF(Contracts!A52="","–",Contracts!A52)) | C52: =IF(Contracts!$A$52="","",IF(Contracts!B52="","–",Contracts!B52)) | D52: =IF(Contracts!$A$52="","",IF(Contracts!C52="","–",Contracts!C52)) | E52: =IF(Contracts!$A$52="","",IF(Contracts!D52="","–",Contracts!D52)) | F52: =IF(Contracts!$A$52="","",IF(Contracts!F52="","–",Contracts!F52)) | G52: =IF(Contracts!$A$52="","",IF(Contracts!I52="","–",Contracts!I52)) | H52: =IF(Contracts!$A$52="","",IF(Contracts!N52="","–",Contracts!N52)) | I52: =IF(Contracts!$A$52="","",IF(Contracts!J52="","–",Contracts!J52)) | J52: =IF(Contracts!$A$52="","",IF(Contracts!K52="","–",Contracts!K52)) | K52: =IF(Contracts!$A$52="","",IF(Contracts!L52="","–",Contracts!L52)) | L52: =IF(Contracts!$A$52="","",IF(Contracts!O52="","–",Contracts!O52))
B53: =IF(Contracts!$A$53="","",IF(Contracts!A53="","–",Contracts!A53)) | C53: =IF(Contracts!$A$53="","",IF(Contracts!B53="","–",Contracts!B53)) | D53: =IF(Contracts!$A$53="","",IF(Contracts!C53="","–",Contracts!C53)) | E53: =IF(Contracts!$A$53="","",IF(Contracts!D53="","–",Contracts!D53)) | F53: =IF(Contracts!$A$53="","",IF(Contracts!F53="","–",Contracts!F53)) | G53: =IF(Contracts!$A$53="","",IF(Contracts!I53="","–",Contracts!I53)) | H53: =IF(Contracts!$A$53="","",IF(Contracts!N53="","–",Contracts!N53)) | I53: =IF(Contracts!$A$53="","",IF(Contracts!J53="","–",Contracts!J53)) | J53: =IF(Contracts!$A$53="","",IF(Contracts!K53="","–",Contracts!K53)) | K53: =IF(Contracts!$A$53="","",IF(Contracts!L53="","–",Contracts!L53)) | L53: =IF(Contracts!$A$53="","",IF(Contracts!O53="","–",Contracts!O53))
B54: =IF(Contracts!$A$54="","",IF(Contracts!A54="","–",Contracts!A54)) | C54: =IF(Contracts!$A$54="","",IF(Contracts!B54="","–",Contracts!B54)) | D54: =IF(Contracts!$A$54="","",IF(Contracts!C54="","–",Contracts!C54)) | E54: =IF(Contracts!$A$54="","",IF(Contracts!D54="","–",Contracts!D54)) | F54: =IF(Contracts!$A$54="","",IF(Contracts!F54="","–",Contracts!F54)) | G54: =IF(Contracts!$A$54="","",IF(Contracts!I54="","–",Contracts!I54)) | H54: =IF(Contracts!$A$54="","",IF(Contracts!N54="","–",Contracts!N54)) | I54: =IF(Contracts!$A$54="","",IF(Contracts!J54="","–",Contracts!J54)) | J54: =IF(Contracts!$A$54="","",IF(Contracts!K54="","–",Contracts!K54)) | K54: =IF(Contracts!$A$54="","",IF(Contracts!L54="","–",Contracts!L54)) | L54: =IF(Contracts!$A$54="","",IF(Contracts!O54="","–",Contracts!O54))
B55: =IF(Contracts!$A$55="","",IF(Contracts!A55="","–",Contracts!A55)) | C55: =IF(Contracts!$A$55="","",IF(Contracts!B55="","–",Contracts!B55)) | D55: =IF(Contracts!$A$55="","",IF(Contracts!C55="","–",Contracts!C55)) | E55: =IF(Contracts!$A$55="","",IF(Contracts!D55="","–",Contracts!D55)) | F55: =IF(Contracts!$A$55="","",IF(Contracts!F55="","–",Contracts!F55)) | G55: =IF(Contracts!$A$55="","",IF(Contracts!I55="","–",Contracts!I55)) | H55: =IF(Contracts!$A$55="","",IF(Contracts!N55="","–",Contracts!N55)) | I55: =IF(Contracts!$A$55="","",IF(Contracts!J55="","–",Contracts!J55)) | J55: =IF(Contracts!$A$55="","",IF(Contracts!K55="","–",Contracts!K55)) | K55: =IF(Contracts!$A$55="","",IF(Contracts!L55="","–",Contracts!L55)) | L55: =IF(Contracts!$A$55="","",IF(Contracts!O55="","–",Contracts!O55))
B56: =IF(Contracts!$A$56="","",IF(Contracts!A56="","–",Contracts!A56)) | C56: =IF(Contracts!$A$56="","",IF(Contracts!B56="","–",Contracts!B56)) | D56: =IF(Contracts!$A$56="","",IF(Contracts!C56="","–",Contracts!C56)) | E56: =IF(Contracts!$A$56="","",IF(Contracts!D56="","–",Contracts!D56)) | F56: =IF(Contracts!$A$56="","",IF(Contracts!F56="","–",Contracts!F56)) | G56: =IF(Contracts!$A$56="","",IF(Contracts!I56="","–",Contracts!I56)) | H56: =IF(Contracts!$A$56="","",IF(Contracts!N56="","–",Contracts!N56)) | I56: =IF(Contracts!$A$56="","",IF(Contracts!J56="","–",Contracts!J56)) | J56: =IF(Contracts!$A$56="","",IF(Contracts!K56="","–",Contracts!K56)) | K56: =IF(Contracts!$A$56="","",IF(Contracts!L56="","–",Contracts!L56)) | L56: =IF(Contracts!$A$56="","",IF(Contracts!O56="","–",Contracts!O56))
B57: =IF(Contracts!$A$57="","",IF(Contracts!A57="","–",Contracts!A57)) | C57: =IF(Contracts!$A$57="","",IF(Contracts!B57="","–",Contracts!B57)) | D57: =IF(Contracts!$A$57="","",IF(Contracts!C57="","–",Contracts!C57)) | E57: =IF(Contracts!$A$57="","",IF(Contracts!D57="","–",Contracts!D57)) | F57: =IF(Contracts!$A$57="","",IF(Contracts!F57="","–",Contracts!F57)) | G57: =IF(Contracts!$A$57="","",IF(Contracts!I57="","–",Contracts!I57)) | H57: =IF(Contracts!$A$57="","",IF(Contracts!N57="","–",Contracts!N57)) | I57: =IF(Contracts!$A$57="","",IF(Contracts!J57="","–",Contracts!J57)) | J57: =IF(Contracts!$A$57="","",IF(Contracts!K57="","–",Contracts!K57)) | K57: =IF(Contracts!$A$57="","",IF(Contracts!L57="","–",Contracts!L57)) | L57: =IF(Contracts!$A$57="","",IF(Contracts!O57="","–",Contracts!O57))
B58: =IF(Contracts!$A$58="","",IF(Contracts!A58="","–",Contracts!A58)) | C58: =IF(Contracts!$A$58="","",IF(Contracts!B58="","–",Contracts!B58)) | D58: =IF(Contracts!$A$58="","",IF(Contracts!C58="","–",Contracts!C58)) | E58: =IF(Contracts!$A$58="","",IF(Contracts!D58="","–",Contracts!D58)) | F58: =IF(Contracts!$A$58="","",IF(Contracts!F58="","–",Contracts!F58)) | G58: =IF(Contracts!$A$58="","",IF(Contracts!I58="","–",Contracts!I58)) | H58: =IF(Contracts!$A$58="","",IF(Contracts!N58="","–",Contracts!N58)) | I58: =IF(Contracts!$A$58="","",IF(Contracts!J58="","–",Contracts!J58)) | J58: =IF(Contracts!$A$58="","",IF(Contracts!K58="","–",Contracts!K58)) | K58: =IF(Contracts!$A$58="","",IF(Contracts!L58="","–",Contracts!L58)) | L58: =IF(Contracts!$A$58="","",IF(Contracts!O58="","–",Contracts!O58))
B59: =IF(Contracts!$A$59="","",IF(Contracts!A59="","–",Contracts!A59)) | C59: =IF(Contracts!$A$59="","",IF(Contracts!B59="","–",Contracts!B59)) | D59: =IF(Contracts!$A$59="","",IF(Contracts!C59="","–",Contracts!C59)) | E59: =IF(Contracts!$A$59="","",IF(Contracts!D59="","–",Contracts!D59)) | F59: =IF(Contracts!$A$59="","",IF(Contracts!F59="","–",Contracts!F59)) | G59: =IF(Contracts!$A$59="","",IF(Contracts!I59="","–",Contracts!I59)) | H59: =IF(Contracts!$A$59="","",IF(Contracts!N59="","–",Contracts!N59)) | I59: =IF(Contracts!$A$59="","",IF(Contracts!J59="","–",Contracts!J59)) | J59: =IF(Contracts!$A$59="","",IF(Contracts!K59="","–",Contracts!K59)) | K59: =IF(Contracts!$A$59="","",IF(Contracts!L59="","–",Contracts!L59)) | L59: =IF(Contracts!$A$59="","",IF(Contracts!O59="","–",Contracts!O59))
B60: =IF(Contracts!$A$60="","",IF(Contracts!A60="","–",Contracts!A60)) | C60: =IF(Contracts!$A$60="","",IF(Contracts!B60="","–",Contracts!B60)) | D60: =IF(Contracts!$A$60="","",IF(Contracts!C60="","–",Contracts!C60)) | E60: =IF(Contracts!$A$60="","",IF(Contracts!D60="","–",Contracts!D60)) | F60: =IF(Contracts!$A$60="","",IF(Contracts!F60="","–",Contracts!F60)) | G60: =IF(Contracts!$A$60="","",IF(Contracts!I60="","–",Contracts!I60)) | H60: =IF(Contracts!$A$60="","",IF(Contracts!N60="","–",Contracts!N60)) | I60: =IF(Contracts!$A$60="","",IF(Contracts!J60="","–",Contracts!J60)) | J60: =IF(Contracts!$A$60="","",IF(Contracts!K60="","–",Contracts!K60)) | K60: =IF(Contracts!$A$60="","",IF(Contracts!L60="","–",Contracts!L60)) | L60: =IF(Contracts!$A$60="","",IF(Contracts!O60="","–",Contracts!O60))
B61: =IF(Contracts!$A$61="","",IF(Contracts!A61="","–",Contracts!A61)) | C61: =IF(Contracts!$A$61="","",IF(Contracts!B61="","–",Contracts!B61)) | D61: =IF(Contracts!$A$61="","",IF(Contracts!C61="","–",Contracts!C61)) | E61: =IF(Contracts!$A$61="","",IF(Contracts!D61="","–",Contracts!D61)) | F61: =IF(Contracts!$A$61="","",IF(Contracts!F61="","–",Contracts!F61)) | G61: =IF(Contracts!$A$61="","",IF(Contracts!I61="","–",Contracts!I61)) | H61: =IF(Contracts!$A$61="","",IF(Contracts!N61="","–",Contracts!N61)) | I61: =IF(Contracts!$A$61="","",IF(Contracts!J61="","–",Contracts!J61)) | J61: =IF(Contracts!$A$61="","",IF(Contracts!K61="","–",Contracts!K61)) | K61: =IF(Contracts!$A$61="","",IF(Contracts!L61="","–",Contracts!L61)) | L61: =IF(Contracts!$A$61="","",IF(Contracts!O61="","–",Contracts!O61))
B62: =IF(Contracts!$A$62="","",IF(Contracts!A62="","–",Contracts!A62)) | C62: =IF(Contracts!$A$62="","",IF(Contracts!B62="","–",Contracts!B62)) | D62: =IF(Contracts!$A$62="","",IF(Contracts!C62="","–",Contracts!C62)) | E62: =IF(Contracts!$A$62="","",IF(Contracts!D62="","–",Contracts!D62)) | F62: =IF(Contracts!$A$62="","",IF(Contracts!F62="","–",Contracts!F62)) | G62: =IF(Contracts!$A$62="","",IF(Contracts!I62="","–",Contracts!I62)) | H62: =IF(Contracts!$A$62="","",IF(Contracts!N62="","–",Contracts!N62)) | I62: =IF(Contracts!$A$62="","",IF(Contracts!J62="","–",Contracts!J62)) | J62: =IF(Contracts!$A$62="","",IF(Contracts!K62="","–",Contracts!K62)) | K62: =IF(Contracts!$A$62="","",IF(Contracts!L62="","–",Contracts!L62)) | L62: =IF(Contracts!$A$62="","",IF(Contracts!O62="","–",Contracts!O62))
B63: =IF(Contracts!$A$63="","",IF(Contracts!A63="","–",Contracts!A63)) | C63: =IF(Contracts!$A$63="","",IF(Contracts!B63="","–",Contracts!B63)) | D63: =IF(Contracts!$A$63="","",IF(Contracts!C63="","–",Contracts!C63)) | E63: =IF(Contracts!$A$63="","",IF(Contracts!D63="","–",Contracts!D63)) | F63: =IF(Contracts!$A$63="","",IF(Contracts!F63="","–",Contracts!F63)) | G63: =IF(Contracts!$A$63="","",IF(Contracts!I63="","–",Contracts!I63)) | H63: =IF(Contracts!$A$63="","",IF(Contracts!N63="","–",Contracts!N63)) | I63: =IF(Contracts!$A$63="","",IF(Contracts!J63="","–",Contracts!J63)) | J63: =IF(Contracts!$A$63="","",IF(Contracts!K63="","–",Contracts!K63)) | K63: =IF(Contracts!$A$63="","",IF(Contracts!L63="","–",Contracts!L63)) | L63: =IF(Contracts!$A$63="","",IF(Contracts!O63="","–",Contracts!O63))
B64: =IF(Contracts!$A$64="","",IF(Contracts!A64="","–",Contracts!A64)) | C64: =IF(Contracts!$A$64="","",IF(Contracts!B64="","–",Contracts!B64)) | D64: =IF(Contracts!$A$64="","",IF(Contracts!C64="","–",Contracts!C64)) | E64: =IF(Contracts!$A$64="","",IF(Contracts!D64="","–",Contracts!D64)) | F64: =IF(Contracts!$A$64="","",IF(Contracts!F64="","–",Contracts!F64)) | G64: =IF(Contracts!$A$64="","",IF(Contracts!I64="","–",Contracts!I64)) | H64: =IF(Contracts!$A$64="","",IF(Contracts!N64="","–",Contracts!N64)) | I64: =IF(Contracts!$A$64="","",IF(Contracts!J64="","–",Contracts!J64)) | J64: =IF(Contracts!$A$64="","",IF(Contracts!K64="","–",Contracts!K64)) | K64: =IF(Contracts!$A$64="","",IF(Contracts!L64="","–",Contracts!L64)) | L64: =IF(Contracts!$A$64="","",IF(Contracts!O64="","–",Contracts!O64))
B65: =IF(Contracts!$A$65="","",IF(Contracts!A65="","–",Contracts!A65)) | C65: =IF(Contracts!$A$65="","",IF(Contracts!B65="","–",Contracts!B65)) | D65: =IF(Contracts!$A$65="","",IF(Contracts!C65="","–",Contracts!C65)) | E65: =IF(Contracts!$A$65="","",IF(Contracts!D65="","–",Contracts!D65)) | F65: =IF(Contracts!$A$65="","",IF(Contracts!F65="","–",Contracts!F65)) | G65: =IF(Contracts!$A$65="","",IF(Contracts!I65="","–",Contracts!I65)) | H65: =IF(Contracts!$A$65="","",IF(Contracts!N65="","–",Contracts!N65)) | I65: =IF(Contracts!$A$65="","",IF(Contracts!J65="","–",Contracts!J65)) | J65: =IF(Contracts!$A$65="","",IF(Contracts!K65="","–",Contracts!K65)) | K65: =IF(Contracts!$A$65="","",IF(Contracts!L65="","–",Contracts!L65)) | L65: =IF(Contracts!$A$65="","",IF(Contracts!O65="","–",Contracts!O65))

Sheet Gantt
B1: R5B AMP KITTING — RELEASE GANTT
B2: ="Repeater numbers per ISO week · housing (final build) = plan week W · AMPS build = W−1 · kit release = W−" & "lead (Contracts, default 2) · as of "&TEXT(Dashboard!$Q$3,"dd-mmm-yy")&" (W"&_xlfn.ISOWEEKNUM(Dashboard!$Q$3)&")" -> Repeater numbers per ISO week · housing (final build) = plan week W · AMPS build = W−1 · kit release = W−lead (Contracts, default 2) · as of 05-Oct-26 (W41)
B4: START WEEK (Mon) ▸ | C4: =Dashboard!$Q$3-7*6 -> 46258 | E4: Kit planned | G4: Kitted | I4: Kit overdue | K4: AMPS build | M4: Housing / final | O4: This week
E6: =IF(OR(0=0,_xlfn.ISOWEEKNUM(E8)=1),YEAR(E8+3),"") -> 2026 | F6: =IF(OR(1=0,_xlfn.ISOWEEKNUM(F8)=1),YEAR(F8+3),"") | G6: =IF(OR(2=0,_xlfn.ISOWEEKNUM(G8)=1),YEAR(G8+3),"") | H6: =IF(OR(3=0,_xlfn.ISOWEEKNUM(H8)=1),YEAR(H8+3),"") | I6: =IF(OR(4=0,_xlfn.ISOWEEKNUM(I8)=1),YEAR(I8+3),"") | J6: =IF(OR(5=0,_xlfn.ISOWEEKNUM(J8)=1),YEAR(J8+3),"") | K6: =IF(OR(6=0,_xlfn.ISOWEEKNUM(K8)=1),YEAR(K8+3),"") | L6: =IF(OR(7=0,_xlfn.ISOWEEKNUM(L8)=1),YEAR(L8+3),"") | M6: =IF(OR(8=0,_xlfn.ISOWEEKNUM(M8)=1),YEAR(M8+3),"") | N6: =IF(OR(9=0,_xlfn.ISOWEEKNUM(N8)=1),YEAR(N8+3),"") | O6: =IF(OR(10=0,_xlfn.ISOWEEKNUM(O8)=1),YEAR(O8+3),"") | P6: =IF(OR(11=0,_xlfn.ISOWEEKNUM(P8)=1),YEAR(P8+3),"") | Q6: =IF(OR(12=0,_xlfn.ISOWEEKNUM(Q8)=1),YEAR(Q8+3),"") | R6: =IF(OR(13=0,_xlfn.ISOWEEKNUM(R8)=1),YEAR(R8+3),"") | S6: =IF(OR(14=0,_xlfn.ISOWEEKNUM(S8)=1),YEAR(S8+3),"") | T6: =IF(OR(15=0,_xlfn.ISOWEEKNUM(T8)=1),YEAR(T8+3),"") | U6: =IF(OR(16=0,_xlfn.ISOWEEKNUM(U8)=1),YEAR(U8+3),"") | V6: =IF(OR(17=0,_xlfn.ISOWEEKNUM(V8)=1),YEAR(V8+3),"") | W6: =IF(OR(18=0,_xlfn.ISOWEEKNUM(W8)=1),YEAR(W8+3),"") | X6: =IF(OR(19=0,_xlfn.ISOWEEKNUM(X8)=1),YEAR(X8+3),"") -> 2027 | Y6: =IF(OR(20=0,_xlfn.ISOWEEKNUM(Y8)=1),YEAR(Y8+3),"") | Z6: =IF(OR(21=0,_xlfn.ISOWEEKNUM(Z8)=1),YEAR(Z8+3),"") | AA6: =IF(OR(22=0,_xlfn.ISOWEEKNUM(AA8)=1),YEAR(AA8+3),"") | AB6: =IF(OR(23=0,_xlfn.ISOWEEKNUM(AB8)=1),YEAR(AB8+3),"") | AC6: =IF(OR(24=0,_xlfn.ISOWEEKNUM(AC8)=1),YEAR(AC8+3),"") | AD6: =IF(OR(25=0,_xlfn.ISOWEEKNUM(AD8)=1),YEAR(AD8+3),"") | AE6: =IF(OR(26=0,_xlfn.ISOWEEKNUM(AE8)=1),YEAR(AE8+3),"") | AF6: =IF(OR(27=0,_xlfn.ISOWEEKNUM(AF8)=1),YEAR(AF8+3),"") | AG6: =IF(OR(28=0,_xlfn.ISOWEEKNUM(AG8)=1),YEAR(AG8+3),"") | AH6: =IF(OR(29=0,_xlfn.ISOWEEKNUM(AH8)=1),YEAR(AH8+3),"") | AI6: =IF(OR(30=0,_xlfn.ISOWEEKNUM(AI8)=1),YEAR(AI8+3),"") | AJ6: =IF(OR(31=0,_xlfn.ISOWEEKNUM(AJ8)=1),YEAR(AJ8+3),"") | AK6: =IF(OR(32=0,_xlfn.ISOWEEKNUM(AK8)=1),YEAR(AK8+3),"") | AL6: =IF(OR(33=0,_xlfn.ISOWEEKNUM(AL8)=1),YEAR(AL8+3),"") | AM6: =IF(OR(34=0,_xlfn.ISOWEEKNUM(AM8)=1),YEAR(AM8+3),"") | AN6: =IF(OR(35=0,_xlfn.ISOWEEKNUM(AN8)=1),YEAR(AN8+3),"") | AO6: =IF(OR(36=0,_xlfn.ISOWEEKNUM(AO8)=1),YEAR(AO8+3),"") | AP6: =IF(OR(37=0,_xlfn.ISOWEEKNUM(AP8)=1),YEAR(AP8+3),"") | AQ6: =IF(OR(38=0,_xlfn.ISOWEEKNUM(AQ8)=1),YEAR(AQ8+3),"") | AR6: =IF(OR(39=0,_xlfn.ISOWEEKNUM(AR8)=1),YEAR(AR8+3),"") | AS6: =IF(OR(40=0,_xlfn.ISOWEEKNUM(AS8)=1),YEAR(AS8+3),"") | AT6: =IF(OR(41=0,_xlfn.ISOWEEKNUM(AT8)=1),YEAR(AT8+3),"") | AU6: =IF(OR(42=0,_xlfn.ISOWEEKNUM(AU8)=1),YEAR(AU8+3),"") | AV6: =IF(OR(43=0,_xlfn.ISOWEEKNUM(AV8)=1),YEAR(AV8+3),"") | AW6: =IF(OR(44=0,_xlfn.ISOWEEKNUM(AW8)=1),YEAR(AW8+3),"") | AX6: =IF(OR(45=0,_xlfn.ISOWEEKNUM(AX8)=1),YEAR(AX8+3),"") | AY6: =IF(OR(46=0,_xlfn.ISOWEEKNUM(AY8)=1),YEAR(AY8+3),"") | AZ6: =IF(OR(47=0,_xlfn.ISOWEEKNUM(AZ8)=1),YEAR(AZ8+3),"") | BA6: =IF(OR(48=0,_xlfn.ISOWEEKNUM(BA8)=1),YEAR(BA8+3),"") | BB6: =IF(OR(49=0,_xlfn.ISOWEEKNUM(BB8)=1),YEAR(BB8+3),"") | BC6: =IF(OR(50=0,_xlfn.ISOWEEKNUM(BC8)=1),YEAR(BC8+3),"") | BD6: =IF(OR(51=0,_xlfn.ISOWEEKNUM(BD8)=1),YEAR(BD8+3),"")
B7: Contract | C7: Stage | D7: Reps | E7: ="W"&TEXT(_xlfn.ISOWEEKNUM(E8),"00") -> W35 | F7: ="W"&TEXT(_xlfn.ISOWEEKNUM(F8),"00") -> W36 | G7: ="W"&TEXT(_xlfn.ISOWEEKNUM(G8),"00") -> W37 | H7: ="W"&TEXT(_xlfn.ISOWEEKNUM(H8),"00") -> W38 | I7: ="W"&TEXT(_xlfn.ISOWEEKNUM(I8),"00") -> W39 | J7: ="W"&TEXT(_xlfn.ISOWEEKNUM(J8),"00") -> W40 | K7: ="W"&TEXT(_xlfn.ISOWEEKNUM(K8),"00") -> W41 | L7: ="W"&TEXT(_xlfn.ISOWEEKNUM(L8),"00") -> W42 | ... BD7: ="W"&TEXT(_xlfn.ISOWEEKNUM(BD8),"00") -> W33
E8: =$C$4-WEEKDAY($C$4,2)+1+0 -> 46258 | F8: =$C$4-WEEKDAY($C$4,2)+1+7 -> 46265 | G8: =$C$4-WEEKDAY($C$4,2)+1+14 -> 46272 | H8: =$C$4-WEEKDAY($C$4,2)+1+21 -> 46279 | I8: =$C$4-WEEKDAY($C$4,2)+1+28 -> 46286 | J8: =$C$4-WEEKDAY($C$4,2)+1+35 -> 46293 | K8: =$C$4-WEEKDAY($C$4,2)+1+42 -> 46300 | L8: =$C$4-WEEKDAY($C$4,2)+1+49 -> 46307 | M8: =$C$4-WEEKDAY($C$4,2)+1+56 -> 46314 | N8: =$C$4-WEEKDAY($C$4,2)+1+63 -> 46321 | O8: =$C$4-WEEKDAY($C$4,2)+1+70 -> 46328 | P8: =$C$4-WEEKDAY($C$4,2)+1+77 -> 46335 | Q8: =$C$4-WEEKDAY($C$4,2)+1+84 -> 46342 | R8: =$C$4-WEEKDAY($C$4,2)+1+91 -> 46349 | S8: =$C$4-WEEKDAY($C$4,2)+1+98 -> 46356 | T8: =$C$4-WEEKDAY($C$4,2)+1+105 -> 46363 | U8: =$C$4-WEEKDAY($C$4,2)+1+112 -> 46370 | V8: =$C$4-WEEKDAY($C$4,2)+1+119 -> 46377 | W8: =$C$4-WEEKDAY($C$4,2)+1+126 -> 46384 | X8: =$C$4-WEEKDAY($C$4,2)+1+133 -> 46391 | Y8: =$C$4-WEEKDAY($C$4,2)+1+140 -> 46398 | Z8: =$C$4-WEEKDAY($C$4,2)+1+147 -> 46405 | AA8: =$C$4-WEEKDAY($C$4,2)+1+154 -> 46412 | AB8: =$C$4-WEEKDAY($C$4,2)+1+161 -> 46419 | AC8: =$C$4-WEEKDAY($C$4,2)+1+168 -> 46426 | AD8: =$C$4-WEEKDAY($C$4,2)+1+175 -> 46433 | AE8: =$C$4-WEEKDAY($C$4,2)+1+182 -> 46440 | AF8: =$C$4-WEEKDAY($C$4,2)+1+189 -> 46447 | AG8: =$C$4-WEEKDAY($C$4,2)+1+196 -> 46454 | AH8: =$C$4-WEEKDAY($C$4,2)+1+203 -> 46461 | AI8: =$C$4-WEEKDAY($C$4,2)+1+210 -> 46468 | AJ8: =$C$4-WEEKDAY($C$4,2)+1+217 -> 46475 | AK8: =$C$4-WEEKDAY($C$4,2)+1+224 -> 46482 | AL8: =$C$4-WEEKDAY($C$4,2)+1+231 -> 46489 | AM8: =$C$4-WEEKDAY($C$4,2)+1+238 -> 46496 | AN8: =$C$4-WEEKDAY($C$4,2)+1+245 -> 46503 | AO8: =$C$4-WEEKDAY($C$4,2)+1+252 -> 46510 | AP8: =$C$4-WEEKDAY($C$4,2)+1+259 -> 46517 | AQ8: =$C$4-WEEKDAY($C$4,2)+1+266 -> 46524 | AR8: =$C$4-WEEKDAY($C$4,2)+1+273 -> 46531 | AS8: =$C$4-WEEKDAY($C$4,2)+1+280 -> 46538 | AT8: =$C$4-WEEKDAY($C$4,2)+1+287 -> 46545 | AU8: =$C$4-WEEKDAY($C$4,2)+1+294 -> 46552 | AV8: =$C$4-WEEKDAY($C$4,2)+1+301 -> 46559 | AW8: =$C$4-WEEKDAY($C$4,2)+1+308 -> 46566 | AX8: =$C$4-WEEKDAY($C$4,2)+1+315 -> 46573 | AY8: =$C$4-WEEKDAY($C$4,2)+1+322 -> 46580 | AZ8: =$C$4-WEEKDAY($C$4,2)+1+329 -> 46587 | BA8: =$C$4-WEEKDAY($C$4,2)+1+336 -> 46594 | BB8: =$C$4-WEEKDAY($C$4,2)+1+343 -> 46601 | BC8: =$C$4-WEEKDAY($C$4,2)+1+350 -> 46608 | BD8: =$C$4-WEEKDAY($C$4,2)+1+357 -> 46615
B10: =IF(Contracts!$A$6="","",Contracts!$A$6) -> WKE-R24P-T1-C | C10: =IF(Contracts!$A$6="","","Kit release") -> Kit release | D10: =IF($B$10="","",SUMPRODUCT(--(E10:BD10<>""))&" wks") -> 32 wks | E10: =IF($B$10="","",IF(N(OFFSET(GanttCalc!$B$4,0,1+N(Contracts!$Q$6)))-N(OFFSET(GanttCalc!$B$4,0,0+N(Contracts!$Q$6)))<=0,"",IF(N(OFFSET(GanttCalc!$B$4,0,1+N(Contracts!$Q$6)))-N(OFFSET(GanttCalc!$B$4,0,0+N(Contracts!$Q$6)))=1,"R"&OFFSET(GanttCalc!$B$4,0,1+N(Contracts!$Q$6)),"R"&(OFFSET(GanttCalc!$B$4,0,0+N(Contracts!$Q$6))+1)&"-"&OFFSET(GanttCalc!$B$4,0,1+N(Contracts!$Q$6))))) | F10: =IF($B$10="","",IF(N(OFFSET(GanttCalc!$B$4,0,2+N(Contracts!$Q$6)))-N(OFFSET(GanttCalc!$B$4,0,1+N(Contracts!$Q$6)))<=0,"",IF(N(OFFSET(GanttCalc!$B$4,0,2+N(Contracts!$Q$6)))-N(OFFSET(GanttCalc!$B$4,0,1+N(Contracts!$Q$6)))=1,"R"&OFFSET(GanttCalc!$B$4,0,2+N(Contracts!$Q$6)),"R"&(OFFSET(GanttCalc!$B$4,0,1+N(Contracts!$Q$6))+1)&"-"&OFFSET(GanttCalc!$B$4,0,2+N(Contracts!$Q$6))))) | G10: =IF($B$10="","",IF(N(OFFSET(GanttCalc!$B$4,0,3+N(Contracts!$Q$6)))-N(OFFSET(GanttCalc!$B$4,0,2+N(Contracts!$Q$6)))<=0,"",IF(N(OFFSET(GanttCalc!$B$4,0,3+N(Contracts!$Q$6)))-N(OFFSET(GanttCalc!$B$4,0,2+N(Contracts!$Q$6)))=1,"R"&OFFSET(GanttCalc!$B$4,0,3+N(Contracts!$Q$6)),"R"&(OFFSET(GanttCalc!$B$4,0,2+N(Contracts!$Q$6))+1)&"-"&OFFSET(GanttCalc!$B$4,0,3+N(Contracts!$Q$6))))) | H10: =IF($B$10="","",IF(N(OFFSET(GanttCalc!$B$4,0,4+N(Contracts!$Q$6)))-N(OFFSET(GanttCalc!$B$4,0,3+N(Contracts!$Q$6)))<=0,"",IF(N(OFFSET(GanttCalc!$B$4,0,4+N(Contracts!$Q$6)))-N(OFFSET(GanttCalc!$B$4,0,3+N(Contracts!$Q$6)))=1,"R"&OFFSET(GanttCalc!$B$4,0,4+N(Contracts!$Q$6)),"R"&(OFFSET(GanttCalc!$B$4,0,3+N(Contracts!$Q$6))+1)&"-"&OFFSET(GanttCalc!$B$4,0,4+N(Contracts!$Q$6))))) | I10: =IF($B$10="","",IF(N(OFFSET(GanttCalc!$B$4,0,5+N(Contracts!$Q$6)))-N(OFFSET(GanttCalc!$B$4,0,4+N(Contracts!$Q$6)))<=0,"",IF(N(OFFSET(GanttCalc!$B$4,0,5+N(Contracts!$Q$6)))-N(OFFSET(GanttCalc!$B$4,0,4+N(Contracts!$Q$6)))=1,"R"&OFFSET(GanttCalc!$B$4,0,5+N(Contracts!$Q$6)),"R"&(OFFSET(GanttCalc!$B$4,0,4+N(Contracts!$Q$6))+1)&"-"&OFFSET(GanttCalc!$B$4,0,5+N(Contracts!$Q$6))))) | J10: =IF($B$10="","",IF(N(OFFSET(GanttCalc!$B$4,0,6+N(Contracts!$Q$6)))-N(OFFSET(GanttCalc!$B$4,0,5+N(Contracts!$Q$6)))<=0,"",IF(N(OFFSET(GanttCalc!$B$4,0,6+N(Contracts!$Q$6)))-N(OFFSET(GanttCalc!$B$4,0,5+N(Contracts!$Q$6)))=1,"R"&OFFSET(GanttCalc!$B$4,0,6+N(Contracts!$Q$6)),"R"&(OFFSET(GanttCalc!$B$4,0,5+N(Contracts!$Q$6))+1)&"-"&OFFSET(GanttCalc!$B$4,0,6+N(Contracts!$Q$6))))) | K10: =IF($B$10="","",IF(N(OFFSET(GanttCalc!$B$4,0,7+N(Contracts!$Q$6)))-N(OFFSET(GanttCalc!$B$4,0,6+N(Contracts!$Q$6)))<=0,"",IF(N(OFFSET(GanttCalc!$B$4,0,7+N(Contracts!$Q$6)))-N(OFFSET(GanttCalc!$B$4,0,6+N(Contracts!$Q$6)))=1,"R"&OFFSET(GanttCalc!$B$4,0,7+N(Contracts!$Q$6)),"R"&(OFFSET(GanttCalc!$B$4,0,6+N(Contracts!$Q$6))+1)&"-"&OFFSET(GanttCalc!$B$4,0,7+N(Contracts!$Q$6))))) | L10: =IF($B$10="","",IF(N(OFFSET(GanttCalc!$B$4,0,8+N(Contracts!$Q$6)))-N(OFFSET(GanttCalc!$B$4,0,7+N(Contracts!$Q$6)))<=0,"",IF(N(OFFSET(GanttCalc!$B$4,0,8+N(Contracts!$Q$6)))-N(OFFSET(GanttCalc!$B$4,0,7+N(Contracts!$Q$6)))=1,"R"&OFFSET(GanttCalc!$B$4,0,8+N(Contracts!$Q$6)),"R"&(OFFSET(GanttCalc!$B$4,0,7+N(Contracts!$Q$6))+1)&"-"&OFFSET(GanttCalc!$B$4,0,8+N(Contracts!$Q$6))))) -> R1 | M10: =IF($B$10="","",IF(N(OFFSET(GanttCalc!$B$4,0,9+N(Contracts!$Q$6)))-N(OFFSET(GanttCalc!$B$4,0,8+N(Contracts!$Q$6)))<=0,"",IF(N(OFFSET(GanttCalc!$B$4,0,9+N(Contracts!$Q$6)))-N(OFFSET(GanttCalc!$B$4,0,8+N(Contracts!$Q$6)))=1,"R"&OFFSET(GanttCalc!$B$4,0,9+N(Contracts!$Q$6)),"R"&(OFFSET(GanttCalc!$B$4,0,8+N(Contracts!$Q$6))+1)&"-"&OFFSET(GanttCalc!$B$4,0,9+N(Contracts!$Q$6))))) -> R2 | N10: =IF($B$10="","",IF(N(OFFSET(GanttCalc!$B$4,0,10+N(Contracts!$Q$6)))-N(OFFSET(GanttCalc!$B$4,0,9+N(Contracts!$Q$6)))<=0,"",IF(N(OFFSET(GanttCalc!$B$4,0,10+N(Contracts!$Q$6)))-N(OFFSET(GanttCalc!$B$4,0,9+N(Contracts!$Q$6)))=1,"R"&OFFSET(GanttCalc!$B$4,0,10+N(Contracts!$Q$6)),"R"&(OFFSET(GanttCalc!$B$4,0,9+N(Contracts!$Q$6))+1)&"-"&OFFSET(GanttCalc!$B$4,0,10+N(Contracts!$Q$6))))) -> R3 | O10: =IF($B$10="","",IF(N(OFFSET(GanttCalc!$B$4,0,11+N(Contracts!$Q$6)))-N(OFFSET(GanttCalc!$B$4,0,10+N(Contracts!$Q$6)))<=0,"",IF(N(OFFSET(GanttCalc!$B$4,0,11+N(Contracts!$Q$6)))-N(OFFSET(GanttCalc!$B$4,0,10+N(Contracts!$Q$6)))=1,"R"&OFFSET(GanttCalc!$B$4,0,11+N(Contracts!$Q$6)),"R"&(OFFSET(GanttCalc!$B$4,0,10+N(Contracts!$Q$6))+1)&"-"&OFFSET(GanttCalc!$B$4,0,11+N(Contracts!$Q$6))))) -> R4 | P10: =IF($B$10="","",IF(N(OFFSET(GanttCalc!$B$4,0,12+N(Contracts!$Q$6)))-N(OFFSET(GanttCalc!$B$4,0,11+N(Contracts!$Q$6)))<=0,"",IF(N(OFFSET(GanttCalc!$B$4,0,12+N(Contracts!$Q$6)))-N(OFFSET(GanttCalc!$B$4,0,11+N(Contracts!$Q$6)))=1,"R"&OFFSET(GanttCalc!$B$4,0,12+N(Contracts!$Q$6)),"R"&(OFFSET(GanttCalc!$B$4,0,11+N(Contracts!$Q$6))+1)&"-"&OFFSET(GanttCalc!$B$4,0,12+N(Contracts!$Q$6))))) -> R5-6 | Q10: =IF($B$10="","",IF(N(OFFSET(GanttCalc!$B$4,0,13+N(Contracts!$Q$6)))-N(OFFSET(GanttCalc!$B$4,0,12+N(Contracts!$Q$6)))<=0,"",IF(N(OFFSET(GanttCalc!$B$4,0,13+N(Contracts!$Q$6)))-N(OFFSET(GanttCalc!$B$4,0,12+N(Contracts!$Q$6)))=1,"R"&OFFSET(GanttCalc!$B$4,0,13+N(Contracts!$Q$6)),"R"&(OFFSET(GanttCalc!$B$4,0,12+N(Contracts!$Q$6))+1)&"-"&OFFSET(GanttCalc!$B$4,0,13+N(Contracts!$Q$6))))) -> R7 | R10: =IF($B$10="","",IF(N(OFFSET(GanttCalc!$B$4,0,14+N(Contracts!$Q$6)))-N(OFFSET(GanttCalc!$B$4,0,13+N(Contracts!$Q$6)))<=0,"",IF(N(OFFSET(GanttCalc!$B$4,0,14+N(Contracts!$Q$6)))-N(OFFSET(GanttCalc!$B$4,0,13+N(Contracts!$Q$6)))=1,"R"&OFFSET(GanttCalc!$B$4,0,14+N(Contracts!$Q$6)),"R"&(OFFSET(GanttCalc!$B$4,0,13+N(Contracts!$Q$6))+1)&"-"&OFFSET(GanttCalc!$B$4,0,14+N(Contracts!$Q$6))))) | S10: =IF($B$10="","",IF(N(OFFSET(GanttCalc!$B$4,0,15+N(Contracts!$Q$6)))-N(OFFSET(GanttCalc!$B$4,0,14+N(Contracts!$Q$6)))<=0,"",IF(N(OFFSET(GanttCalc!$B$4,0,15+N(Contracts!$Q$6)))-N(OFFSET(GanttCalc!$B$4,0,14+N(Contracts!$Q$6)))=1,"R"&OFFSET(GanttCalc!$B$4,0,15+N(Contracts!$Q$6)),"R"&(OFFSET(GanttCalc!$B$4,0,14+N(Contracts!$Q$6))+1)&"-"&OFFSET(GanttCalc!$B$4,0,15+N(Contracts!$Q$6))))) | T10: =IF($B$10="","",IF(N(OFFSET(GanttCalc!$B$4,0,16+N(Contracts!$Q$6)))-N(OFFSET(GanttCalc!$B$4,0,15+N(Contracts!$Q$6)))<=0,"",IF(N(OFFSET(GanttCalc!$B$4,0,16+N(Contracts!$Q$6)))-N(OFFSET(GanttCalc!$B$4,0,15+N(Contracts!$Q$6)))=1,"R"&OFFSET(GanttCalc!$B$4,0,16+N(Contracts!$Q$6)),"R"&(OFFSET(GanttCalc!$B$4,0,15+N(Contracts!$Q$6))+1)&"-"&OFFSET(GanttCalc!$B$4,0,16+N(Contracts!$Q$6))))) | U10: =IF($B$10="","",IF(N(OFFSET(GanttCalc!$B$4,0,17+N(Contracts!$Q$6)))-N(OFFSET(GanttCalc!$B$4,0,16+N(Contracts!$Q$6)))<=0,"",IF(N(OFFSET(GanttCalc!$B$4,0,17+N(Contracts!$Q$6)))-N(OFFSET(GanttCalc!$B$4,0,16+N(Contracts!$Q$6)))=1,"R"&OFFSET(GanttCalc!$B$4,0,17+N(Contracts!$Q$6)),"R"&(OFFSET(GanttCalc!$B$4,0,16+N(Contracts!$Q$6))+1)&"-"&OFFSET(GanttCalc!$B$4,0,17+N(Contracts!$Q$6))))) | V10: =IF($B$10="","",IF(N(OFFSET(GanttCalc!$B$4,0,18+N(Contracts!$Q$6)))-N(OFFSET(GanttCalc!$B$4,0,17+N(Contracts!$Q$6)))<=0,"",IF(N(OFFSET(GanttCalc!$B$4,0,18+N(Contracts!$Q$6)))-N(OFFSET(GanttCalc!$B$4,0,17+N(Contracts!$Q$6)))=1,"R"&OFFSET(GanttCalc!$B$4,0,18+N(Contracts!$Q$6)),"R"&(OFFSET(GanttCalc!$B$4,0,17+N(Contracts!$Q$6))+1)&"-"&OFFSET(GanttCalc!$B$4,0,18+N(Contracts!$Q$6))))) | W10: =IF($B$10="","",IF(N(OFFSET(GanttCalc!$B$4,0,19+N(Contracts!$Q$6)))-N(OFFSET(GanttCalc!$B$4,0,18+N(Contracts!$Q$6)))<=0,"",IF(N(OFFSET(GanttCalc!$B$4,0,19+N(Contracts!$Q$6)))-N(OFFSET(GanttCalc!$B$4,0,18+N(Contracts!$Q$6)))=1,"R"&OFFSET(GanttCalc!$B$4,0,19+N(Contracts!$Q$6)),"R"&(OFFSET(GanttCalc!$B$4,0,18+N(Contracts!$Q$6))+1)&"-"&OFFSET(GanttCalc!$B$4,0,19+N(Contracts!$Q$6))))) | X10: =IF($B$10="","",IF(N(OFFSET(GanttCalc!$B$4,0,20+N(Contracts!$Q$6)))-N(OFFSET(GanttCalc!$B$4,0,19+N(Contracts!$Q$6)))<=0,"",IF(N(OFFSET(GanttCalc!$B$4,0,20+N(Contracts!$Q$6)))-N(OFFSET(GanttCalc!$B$4,0,19+N(Contracts!$Q$6)))=1,"R"&OFFSET(GanttCalc!$B$4,0,20+N(Contracts!$Q$6)),"R"&(OFFSET(GanttCalc!$B$4,0,19+N(Contracts!$Q$6))+1)&"-"&OFFSET(GanttCalc!$B$4,0,20+N(Contracts!$Q$6))))) | Y10: =IF($B$10="","",IF(N(OFFSET(GanttCalc!$B$4,0,21+N(Contracts!$Q$6)))-N(OFFSET(GanttCalc!$B$4,0,20+N(Contracts!$Q$6)))<=0,"",IF(N(OFFSET(GanttCalc!$B$4,0,21+N(Contracts!$Q$6)))-N(OFFSET(GanttCalc!$B$4,0,20+N(Contracts!$Q$6)))=1,"R"&OFFSET(GanttCalc!$B$4,0,21+N(Contracts!$Q$6)),"R"&(OFFSET(GanttCalc!$B$4,0,20+N(Contracts!$Q$6))+1)&"-"&OFFSET(GanttCalc!$B$4,0,21+N(Contracts!$Q$6))))) -> R8 | Z10: =IF($B$10="","",IF(N(OFFSET(GanttCalc!$B$4,0,22+N(Contracts!$Q$6)))-N(OFFSET(GanttCalc!$B$4,0,21+N(Contracts!$Q$6)))<=0,"",IF(N(OFFSET(GanttCalc!$B$4,0,22+N(Contracts!$Q$6)))-N(OFFSET(GanttCalc!$B$4,0,21+N(Contracts!$Q$6)))=1,"R"&OFFSET(GanttCalc!$B$4,0,22+N(Contracts!$Q$6)),"R"&(OFFSET(GanttCalc!$B$4,0,21+N(Contracts!$Q$6))+1)&"-"&OFFSET(GanttCalc!$B$4,0,22+N(Contracts!$Q$6))))) -> R9-12 | AA10: =IF($B$10="","",IF(N(OFFSET(GanttCalc!$B$4,0,23+N(Contracts!$Q$6)))-N(OFFSET(GanttCalc!$B$4,0,22+N(Contracts!$Q$6)))<=0,"",IF(N(OFFSET(GanttCalc!$B$4,0,23+N(Contracts!$Q$6)))-N(OFFSET(GanttCalc!$B$4,0,22+N(Contracts!$Q$6)))=1,"R"&OFFSET(GanttCalc!$B$4,0,23+N(Contracts!$Q$6)),"R"&(OFFSET(GanttCalc!$B$4,0,22+N(Contracts!$Q$6))+1)&"-"&OFFSET(GanttCalc!$B$4,0,23+N(Contracts!$Q$6))))) -> R13-15 | AB10: =IF($B$10="","",IF(N(OFFSET(GanttCalc!$B$4,0,24+N(Contracts!$Q$6)))-N(OFFSET(GanttCalc!$B$4,0,23+N(Contracts!$Q$6)))<=0,"",IF(N(OFFSET(GanttCalc!$B$4,0,24+N(Contracts!$Q$6)))-N(OFFSET(GanttCalc!$B$4,0,23+N(Contracts!$Q$6)))=1,"R"&OFFSET(GanttCalc!$B$4,0,24+N(Contracts!$Q$6)),"R"&(OFFSET(GanttCalc!$B$4,0,23+N(Contracts!$Q$6))+1)&"-"&OFFSET(GanttCalc!$B$4,0,24+N(Contracts!$Q$6))))) -> R16-19 | AC10: =IF($B$10="","",IF(N(OFFSET(GanttCalc!$B$4,0,25+N(Contracts!$Q$6)))-N(OFFSET(GanttCalc!$B$4,0,24+N(Contracts!$Q$6)))<=0,"",IF(N(OFFSET(GanttCalc!$B$4,0,25+N(Contracts!$Q$6)))-N(OFFSET(GanttCalc!$B$4,0,24+N(Contracts!$Q$6)))=1,"R"&OFFSET(GanttCalc!$B$4,0,25+N(Contracts!$Q$6)),"R"&(OFFSET(GanttCalc!$B$4,0,24+N(Contracts!$Q$6))+1)&"-"&OFFSET(GanttCalc!$B$4,0,25+N(Contracts!$Q$6))))) -> R20-23 | AD10: =IF($B$10="","",IF(N(OFFSET(GanttCalc!$B$4,0,26+N(Contracts!$Q$6)))-N(OFFSET(GanttCalc!$B$4,0,25+N(Contracts!$Q$6)))<=0,"",IF(N(OFFSET(GanttCalc!$B$4,0,26+N(Contracts!$Q$6)))-N(OFFSET(GanttCalc!$B$4,0,25+N(Contracts!$Q$6)))=1,"R"&OFFSET(GanttCalc!$B$4,0,26+N(Contracts!$Q$6)),"R"&(OFFSET(GanttCalc!$B$4,0,25+N(Contracts!$Q$6))+1)&"-"&OFFSET(GanttCalc!$B$4,0,26+N(Contracts!$Q$6))))) -> R24-27 | AE10: =IF($B$10="","",IF(N(OFFSET(GanttCalc!$B$4,0,27+N(Contracts!$Q$6)))-N(OFFSET(GanttCalc!$B$4,0,26+N(Contracts!$Q$6)))<=0,"",IF(N(OFFSET(GanttCalc!$B$4,0,27+N(Contracts!$Q$6)))-N(OFFSET(GanttCalc!$B$4,0,26+N(Contracts!$Q$6)))=1,"R"&OFFSET(GanttCalc!$B$4,0,27+N(Contracts!$Q$6)),"R"&(OFFSET(GanttCalc!$B$4,0,26+N(Contracts!$Q$6))+1)&"-"&OFFSET(GanttCalc!$B$4,0,27+N(Contracts!$Q$6))))) -> R28-32 | AF10: =IF($B$10="","",IF(N(OFFSET(GanttCalc!$B$4,0,28+N(Contracts!$Q$6)))-N(OFFSET(GanttCalc!$B$4,0,27+N(Contracts!$Q$6)))<=0,"",IF(N(OFFSET(GanttCalc!$B$4,0,28+N(Contracts!$Q$6)))-N(OFFSET(GanttCalc!$B$4,0,27+N(Contracts!$Q$6)))=1,"R"&OFFSET(GanttCalc!$B$4,0,28+N(Contracts!$Q$6)),"R"&(OFFSET(GanttCalc!$B$4,0,27+N(Contracts!$Q$6))+1)&"-"&OFFSET(GanttCalc!$B$4,0,28+N(Contracts!$Q$6))))) -> R33-36 | AG10: =IF($B$10="","",IF(N(OFFSET(GanttCalc!$B$4,0,29+N(Contracts!$Q$6)))-N(OFFSET(GanttCalc!$B$4,0,28+N(Contracts!$Q$6)))<=0,"",IF(N(OFFSET(GanttCalc!$B$4,0,29+N(Contracts!$Q$6)))-N(OFFSET(GanttCalc!$B$4,0,28+N(Contracts!$Q$6)))=1,"R"&OFFSET(GanttCalc!$B$4,0,29+N(Contracts!$Q$6)),"R"&(OFFSET(GanttCalc!$B$4,0,28+N(Contracts!$Q$6))+1)&"-"&OFFSET(GanttCalc!$B$4,0,29+N(Contracts!$Q$6))))) -> R37-40 | AH10: =IF($B$10="","",IF(N(OFFSET(GanttCalc!$B$4,0,30+N(Contracts!$Q$6)))-N(OFFSET(GanttCalc!$B$4,0,29+N(Contracts!$Q$6)))<=0,"",IF(N(OFFSET(GanttCalc!$B$4,0,30+N(Contracts!$Q$6)))-N(OFFSET(GanttCalc!$B$4,0,29+N(Contracts!$Q$6)))=1,"R"&OFFSET(GanttCalc!$B$4,0,30+N(Contracts!$Q$6)),"R"&(OFFSET(GanttCalc!$B$4,0,29+N(Contracts!$Q$6))+1)&"-"&OFFSET(GanttCalc!$B$4,0,30+N(Contracts!$Q$6))))) -> R41-45 | AI10: =IF($B$10="","",IF(N(OFFSET(GanttCalc!$B$4,0,31+N(Contracts!$Q$6)))-N(OFFSET(GanttCalc!$B$4,0,30+N(Contracts!$Q$6)))<=0,"",IF(N(OFFSET(GanttCalc!$B$4,0,31+N(Contracts!$Q$6)))-N(OFFSET(GanttCalc!$B$4,0,30+N(Contracts!$Q$6)))=1,"R"&OFFSET(GanttCalc!$B$4,0,31+N(Contracts!$Q$6)),"R"&(OFFSET(GanttCalc!$B$4,0,30+N(Contracts!$Q$6))+1)&"-"&OFFSET(GanttCalc!$B$4,0,31+N(Contracts!$Q$6))))) -> R46-49 | AJ10: =IF($B$10="","",IF(N(OFFSET(GanttCalc!$B$4,0,32+N(Contracts!$Q$6)))-N(OFFSET(GanttCalc!$B$4,0,31+N(Contracts!$Q$6)))<=0,"",IF(N(OFFSET(GanttCalc!$B$4,0,32+N(Contracts!$Q$6)))-N(OFFSET(GanttCalc!$B$4,0,31+N(Contracts!$Q$6)))=1,"R"&OFFSET(GanttCalc!$B$4,0,32+N(Contracts!$Q$6)),"R"&(OFFSET(GanttCalc!$B$4,0,31+N(Contracts!$Q$6))+1)&"-"&OFFSET(GanttCalc!$B$4,0,32+N(Contracts!$Q$6))))) -> R50-52 | AK10: =IF($B$10="","",IF(N(OFFSET(GanttCalc!$B$4,0,33+N(Contracts!$Q$6)))-N(OFFSET(GanttCalc!$B$4,0,32+N(Contracts!$Q$6)))<=0,"",IF(N(OFFSET(GanttCalc!$B$4,0,33+N(Contracts!$Q$6)))-N(OFFSET(GanttCalc!$B$4,0,32+N(Contracts!$Q$6)))=1,"R"&OFFSET(GanttCalc!$B$4,0,33+N(Contracts!$Q$6)),"R"&(OFFSET(GanttCalc!$B$4,0,32+N(Contracts!$Q$6))+1)&"-"&OFFSET(GanttCalc!$B$4,0,33+N(Contracts!$Q$6))))) -> R53-56 | AL10: =IF($B$10="","",IF(N(OFFSET(GanttCalc!$B$4,0,34+N(Contracts!$Q$6)))-N(OFFSET(GanttCalc!$B$4,0,33+N(Contracts!$Q$6)))<=0,"",IF(N(OFFSET(GanttCalc!$B$4,0,34+N(Contracts!$Q$6)))-N(OFFSET(GanttCalc!$B$4,0,33+N(Contracts!$Q$6)))=1,"R"&OFFSET(GanttCalc!$B$4,0,34+N(Contracts!$Q$6)),"R"&(OFFSET(GanttCalc!$B$4,0,33+N(Contracts!$Q$6))+1)&"-"&OFFSET(GanttCalc!$B$4,0,34+N(Contracts!$Q$6))))) -> R57-60 | AM10: =IF($B$10="","",IF(N(OFFSET(GanttCalc!$B$4,0,35+N(Contracts!$Q$6)))-N(OFFSET(GanttCalc!$B$4,0,34+N(Contracts!$Q$6)))<=0,"",IF(N(OFFSET(GanttCalc!$B$4,0,35+N(Contracts!$Q$6)))-N(OFFSET(GanttCalc!$B$4,0,34+N(Contracts!$Q$6)))=1,"R"&OFFSET(GanttCalc!$B$4,0,35+N(Contracts!$Q$6)),"R"&(OFFSET(GanttCalc!$B$4,0,34+N(Contracts!$Q$6))+1)&"-"&OFFSET(GanttCalc!$B$4,0,35+N(Contracts!$Q$6))))) -> R61-62 | AN10: =IF($B$10="","",IF(N(OFFSET(GanttCalc!$B$4,0,36+N(Contracts!$Q$6)))-N(OFFSET(GanttCalc!$B$4,0,35+N(Contracts!$Q$6)))<=0,"",IF(N(OFFSET(GanttCalc!$B$4,0,36+N(Contracts!$Q$6)))-N(OFFSET(GanttCalc!$B$4,0,35+N(Contracts!$Q$6)))=1,"R"&OFFSET(GanttCalc!$B$4,0,36+N(Contracts!$Q$6)),"R"&(OFFSET(GanttCalc!$B$4,0,35+N(Contracts!$Q$6))+1)&"-"&OFFSET(GanttCalc!$B$4,0,36+N(Contracts!$Q$6))))) -> R63 | AO10: =IF($B$10="","",IF(N(OFFSET(GanttCalc!$B$4,0,37+N(Contracts!$Q$6)))-N(OFFSET(GanttCalc!$B$4,0,36+N(Contracts!$Q$6)))<=0,"",IF(N(OFFSET(GanttCalc!$B$4,0,37+N(Contracts!$Q$6)))-N(OFFSET(GanttCalc!$B$4,0,36+N(Contracts!$Q$6)))=1,"R"&OFFSET(GanttCalc!$B$4,0,37+N(Contracts!$Q$6)),"R"&(OFFSET(GanttCalc!$B$4,0,36+N(Contracts!$Q$6))+1)&"-"&OFFSET(GanttCalc!$B$4,0,37+N(Contracts!$Q$6))))) | AP10: =IF($B$10="","",IF(N(OFFSET(GanttCalc!$B$4,0,38+N(Contracts!$Q$6)))-N(OFFSET(GanttCalc!$B$4,0,37+N(Contracts!$Q$6)))<=0,"",IF(N(OFFSET(GanttCalc!$B$4,0,38+N(Contracts!$Q$6)))-N(OFFSET(GanttCalc!$B$4,0,37+N(Contracts!$Q$6)))=1,"R"&OFFSET(GanttCalc!$B$4,0,38+N(Contracts!$Q$6)),"R"&(OFFSET(GanttCalc!$B$4,0,37+N(Contracts!$Q$6))+1)&"-"&OFFSET(GanttCalc!$B$4,0,38+N(Contracts!$Q$6))))) | AQ10: =IF($B$10="","",IF(N(OFFSET(GanttCalc!$B$4,0,39+N(Contracts!$Q$6)))-N(OFFSET(GanttCalc!$B$4,0,38+N(Contracts!$Q$6)))<=0,"",IF(N(OFFSET(GanttCalc!$B$4,0,39+N(Contracts!$Q$6)))-N(OFFSET(GanttCalc!$B$4,0,38+N(Contracts!$Q$6)))=1,"R"&OFFSET(GanttCalc!$B$4,0,39+N(Contracts!$Q$6)),"R"&(OFFSET(GanttCalc!$B$4,0,38+N(Contracts!$Q$6))+1)&"-"&OFFSET(GanttCalc!$B$4,0,39+N(Contracts!$Q$6))))) | AR10: =IF($B$10="","",IF(N(OFFSET(GanttCalc!$B$4,0,40+N(Contracts!$Q$6)))-N(OFFSET(GanttCalc!$B$4,0,39+N(Contracts!$Q$6)))<=0,"",IF(N(OFFSET(GanttCalc!$B$4,0,40+N(Contracts!$Q$6)))-N(OFFSET(GanttCalc!$B$4,0,39+N(Contracts!$Q$6)))=1,"R"&OFFSET(GanttCalc!$B$4,0,40+N(Contracts!$Q$6)),"R"&(OFFSET(GanttCalc!$B$4,0,39+N(Contracts!$Q$6))+1)&"-"&OFFSET(GanttCalc!$B$4,0,40+N(Contracts!$Q$6))))) | AS10: =IF($B$10="","",IF(N(OFFSET(GanttCalc!$B$4,0,41+N(Contracts!$Q$6)))-N(OFFSET(GanttCalc!$B$4,0,40+N(Contracts!$Q$6)))<=0,"",IF(N(OFFSET(GanttCalc!$B$4,0,41+N(Contracts!$Q$6)))-N(OFFSET(GanttCalc!$B$4,0,40+N(Contracts!$Q$6)))=1,"R"&OFFSET(GanttCalc!$B$4,0,41+N(Contracts!$Q$6)),"R"&(OFFSET(GanttCalc!$B$4,0,40+N(Contracts!$Q$6))+1)&"-"&OFFSET(GanttCalc!$B$4,0,41+N(Contracts!$Q$6))))) | AT10: =IF($B$10="","",IF(N(OFFSET(GanttCalc!$B$4,0,42+N(Contracts!$Q$6)))-N(OFFSET(GanttCalc!$B$4,0,41+N(Contracts!$Q$6)))<=0,"",IF(N(OFFSET(GanttCalc!$B$4,0,42+N(Contracts!$Q$6)))-N(OFFSET(GanttCalc!$B$4,0,41+N(Contracts!$Q$6)))=1,"R"&OFFSET(GanttCalc!$B$4,0,42+N(Contracts!$Q$6)),"R"&(OFFSET(GanttCalc!$B$4,0,41+N(Contracts!$Q$6))+1)&"-"&OFFSET(GanttCalc!$B$4,0,42+N(Contracts!$Q$6))))) | AU10: =IF($B$10="","",IF(N(OFFSET(GanttCalc!$B$4,0,43+N(Contracts!$Q$6)))-N(OFFSET(GanttCalc!$B$4,0,42+N(Contracts!$Q$6)))<=0,"",IF(N(OFFSET(GanttCalc!$B$4,0,43+N(Contracts!$Q$6)))-N(OFFSET(GanttCalc!$B$4,0,42+N(Contracts!$Q$6)))=1,"R"&OFFSET(GanttCalc!$B$4,0,43+N(Contracts!$Q$6)),"R"&(OFFSET(GanttCalc!$B$4,0,42+N(Contracts!$Q$6))+1)&"-"&OFFSET(GanttCalc!$B$4,0,43+N(Contracts!$Q$6))))) -> R64-68 | AV10: =IF($B$10="","",IF(N(OFFSET(GanttCalc!$B$4,0,44+N(Contracts!$Q$6)))-N(OFFSET(GanttCalc!$B$4,0,43+N(Contracts!$Q$6)))<=0,"",IF(N(OFFSET(GanttCalc!$B$4,0,44+N(Contracts!$Q$6)))-N(OFFSET(GanttCalc!$B$4,0,43+N(Contracts!$Q$6)))=1,"R"&OFFSET(GanttCalc!$B$4,0,44+N(Contracts!$Q$6)),"R"&(OFFSET(GanttCalc!$B$4,0,43+N(Contracts!$Q$6))+1)&"-"&OFFSET(GanttCalc!$B$4,0,44+N(Contracts!$Q$6))))) -> R69-74 | AW10: =IF($B$10="","",IF(N(OFFSET(GanttCalc!$B$4,0,45+N(Contracts!$Q$6)))-N(OFFSET(GanttCalc!$B$4,0,44+N(Contracts!$Q$6)))<=0,"",IF(N(OFFSET(GanttCalc!$B$4,0,45+N(Contracts!$Q$6)))-N(OFFSET(GanttCalc!$B$4,0,44+N(Contracts!$Q$6)))=1,"R"&OFFSET(GanttCalc!$B$4,0,45+N(Contracts!$Q$6)),"R"&(OFFSET(GanttCalc!$B$4,0,44+N(Contracts!$Q$6))+1)&"-"&OFFSET(GanttCalc!$B$4,0,45+N(Contracts!$Q$6))))) -> R75-81 | AX10: =IF($B$10="","",IF(N(OFFSET(GanttCalc!$B$4,0,46+N(Contracts!$Q$6)))-N(OFFSET(GanttCalc!$B$4,0,45+N(Contracts!$Q$6)))<=0,"",IF(N(OFFSET(GanttCalc!$B$4,0,46+N(Contracts!$Q$6)))-N(OFFSET(GanttCalc!$B$4,0,45+N(Contracts!$Q$6)))=1,"R"&OFFSET(GanttCalc!$B$4,0,46+N(Contracts!$Q$6)),"R"&(OFFSET(GanttCalc!$B$4,0,45+N(Contracts!$Q$6))+1)&"-"&OFFSET(GanttCalc!$B$4,0,46+N(Contracts!$Q$6))))) -> R82-88 | AY10: =IF($B$10="","",IF(N(OFFSET(GanttCalc!$B$4,0,47+N(Contracts!$Q$6)))-N(OFFSET(GanttCalc!$B$4,0,46+N(Contracts!$Q$6)))<=0,"",IF(N(OFFSET(GanttCalc!$B$4,0,47+N(Contracts!$Q$6)))-N(OFFSET(GanttCalc!$B$4,0,46+N(Contracts!$Q$6)))=1,"R"&OFFSET(GanttCalc!$B$4,0,47+N(Contracts!$Q$6)),"R"&(OFFSET(GanttCalc!$B$4,0,46+N(Contracts!$Q$6))+1)&"-"&OFFSET(GanttCalc!$B$4,0,47+N(Contracts!$Q$6))))) -> R89-95 | AZ10: =IF($B$10="","",IF(N(OFFSET(GanttCalc!$B$4,0,48+N(Contracts!$Q$6)))-N(OFFSET(GanttCalc!$B$4,0,47+N(Contracts!$Q$6)))<=0,"",IF(N(OFFSET(GanttCalc!$B$4,0,48+N(Contracts!$Q$6)))-N(OFFSET(GanttCalc!$B$4,0,47+N(Contracts!$Q$6)))=1,"R"&OFFSET(GanttCalc!$B$4,0,48+N(Contracts!$Q$6)),"R"&(OFFSET(GanttCalc!$B$4,0,47+N(Contracts!$Q$6))+1)&"-"&OFFSET(GanttCalc!$B$4,0,48+N(Contracts!$Q$6))))) -> R96-102 | BA10: =IF($B$10="","",IF(N(OFFSET(GanttCalc!$B$4,0,49+N(Contracts!$Q$6)))-N(OFFSET(GanttCalc!$B$4,0,48+N(Contracts!$Q$6)))<=0,"",IF(N(OFFSET(GanttCalc!$B$4,0,49+N(Contracts!$Q$6)))-N(OFFSET(GanttCalc!$B$4,0,48+N(Contracts!$Q$6)))=1,"R"&OFFSET(GanttCalc!$B$4,0,49+N(Contracts!$Q$6)),"R"&(OFFSET(GanttCalc!$B$4,0,48+N(Contracts!$Q$6))+1)&"-"&OFFSET(GanttCalc!$B$4,0,49+N(Contracts!$Q$6))))) -> R103-109 | BB10: =IF($B$10="","",IF(N(OFFSET(GanttCalc!$B$4,0,50+N(Contracts!$Q$6)))-N(OFFSET(GanttCalc!$B$4,0,49+N(Contracts!$Q$6)))<=0,"",IF(N(OFFSET(GanttCalc!$B$4,0,50+N(Contracts!$Q$6)))-N(OFFSET(GanttCalc!$B$4,0,49+N(Contracts!$Q$6)))=1,"R"&OFFSET(GanttCalc!$B$4,0,50+N(Contracts!$Q$6)),"R"&(OFFSET(GanttCalc!$B$4,0,49+N(Contracts!$Q$6))+1)&"-"&OFFSET(GanttCalc!$B$4,0,50+N(Contracts!$Q$6))))) -> R110-116 | BC10: =IF($B$10="","",IF(N(OFFSET(GanttCalc!$B$4,0,51+N(Contracts!$Q$6)))-N(OFFSET(GanttCalc!$B$4,0,50+N(Contracts!$Q$6)))<=0,"",IF(N(OFFSET(GanttCalc!$B$4,0,51+N(Contracts!$Q$6)))-N(OFFSET(GanttCalc!$B$4,0,50+N(Contracts!$Q$6)))=1,"R"&OFFSET(GanttCalc!$B$4,0,51+N(Contracts!$Q$6)),"R"&(OFFSET(GanttCalc!$B$4,0,50+N(Contracts!$Q$6))+1)&"-"&OFFSET(GanttCalc!$B$4,0,51+N(Contracts!$Q$6))))) -> R117-124 | BD10: =IF($B$10="","",IF(N(OFFSET(GanttCalc!$B$4,0,52+N(Contracts!$Q$6)))-N(OFFSET(GanttCalc!$B$4,0,51+N(Contracts!$Q$6)))<=0,"",IF(N(OFFSET(GanttCalc!$B$4,0,52+N(Contracts!$Q$6)))-N(OFFSET(GanttCalc!$B$4,0,51+N(Contracts!$Q$6)))=1,"R"&OFFSET(GanttCalc!$B$4,0,52+N(Contracts!$Q$6)),"R"&(OFFSET(GanttCalc!$B$4,0,51+N(Contracts!$Q$6))+1)&"-"&OFFSET(GanttCalc!$B$4,0,52+N(Contracts!$Q$6))))) -> R125-131
B11: =IF(Contracts!$A$6="","",Contracts!$C$6) -> 92ERP24543A++ | C11: =IF(Contracts!$A$6="","","AMPS build") -> AMPS build | D11: =IF($B$10="","",SUMPRODUCT(--(E11:BD11<>""))&" wks") -> 31 wks | E11: =IF($B$10="","",IF(N(GanttCalc!D4)-N(GanttCalc!C4)<=0,"",IF(N(GanttCalc!D4)-N(GanttCalc!C4)=1,"R"&GanttCalc!D4,"R"&(GanttCalc!C4+1)&"-"&GanttCalc!D4))) | F11: =IF($B$10="","",IF(N(GanttCalc!E4)-N(GanttCalc!D4)<=0,"",IF(N(GanttCalc!E4)-N(GanttCalc!D4)=1,"R"&GanttCalc!E4,"R"&(GanttCalc!D4+1)&"-"&GanttCalc!E4))) | G11: =IF($B$10="","",IF(N(GanttCalc!F4)-N(GanttCalc!E4)<=0,"",IF(N(GanttCalc!F4)-N(GanttCalc!E4)=1,"R"&GanttCalc!F4,"R"&(GanttCalc!E4+1)&"-"&GanttCalc!F4))) | H11: =IF($B$10="","",IF(N(GanttCalc!G4)-N(GanttCalc!F4)<=0,"",IF(N(GanttCalc!G4)-N(GanttCalc!F4)=1,"R"&GanttCalc!G4,"R"&(GanttCalc!F4+1)&"-"&GanttCalc!G4))) | I11: =IF($B$10="","",IF(N(GanttCalc!H4)-N(GanttCalc!G4)<=0,"",IF(N(GanttCalc!H4)-N(GanttCalc!G4)=1,"R"&GanttCalc!H4,"R"&(GanttCalc!G4+1)&"-"&GanttCalc!H4))) | J11: =IF($B$10="","",IF(N(GanttCalc!I4)-N(GanttCalc!H4)<=0,"",IF(N(GanttCalc!I4)-N(GanttCalc!H4)=1,"R"&GanttCalc!I4,"R"&(GanttCalc!H4+1)&"-"&GanttCalc!I4))) | K11: =IF($B$10="","",IF(N(GanttCalc!J4)-N(GanttCalc!I4)<=0,"",IF(N(GanttCalc!J4)-N(GanttCalc!I4)=1,"R"&GanttCalc!J4,"R"&(GanttCalc!I4+1)&"-"&GanttCalc!J4))) | L11: =IF($B$10="","",IF(N(GanttCalc!K4)-N(GanttCalc!J4)<=0,"",IF(N(GanttCalc!K4)-N(GanttCalc!J4)=1,"R"&GanttCalc!K4,"R"&(GanttCalc!J4+1)&"-"&GanttCalc!K4))) | ... BD11: =IF($B$10="","",IF(N(GanttCalc!BC4)-N(GanttCalc!BB4)<=0,"",IF(N(GanttCalc!BC4)-N(GanttCalc!BB4)=1,"R"&GanttCalc!BC4,"R"&(GanttCalc!BB4+1)&"-"&GanttCalc!BC4))) -> R117-124
B12: =IF(Contracts!$A$6="","",IF(Contracts!$I$6="","no kit list","kitted: "&Contracts!$I$6&" / "&Contracts!$F$6)) -> kitted: 0 / 255 | C12: =IF(Contracts!$A$6="","","Final build") -> Final build | D12: =IF($B$10="","",SUMPRODUCT(--(E12:BD12<>""))&" wks") -> 30 wks | E12: =IF($B$10="","",IF(N(GanttCalc!C4)-N(GanttCalc!B4)<=0,"",IF(N(GanttCalc!C4)-N(GanttCalc!B4)=1,"R"&GanttCalc!C4,"R"&(GanttCalc!B4+1)&"-"&GanttCalc!C4))) | F12: =IF($B$10="","",IF(N(GanttCalc!D4)-N(GanttCalc!C4)<=0,"",IF(N(GanttCalc!D4)-N(GanttCalc!C4)=1,"R"&GanttCalc!D4,"R"&(GanttCalc!C4+1)&"-"&GanttCalc!D4))) | G12: =IF($B$10="","",IF(N(GanttCalc!E4)-N(GanttCalc!D4)<=0,"",IF(N(GanttCalc!E4)-N(GanttCalc!D4)=1,"R"&GanttCalc!E4,"R"&(GanttCalc!D4+1)&"-"&GanttCalc!E4))) | H12: =IF($B$10="","",IF(N(GanttCalc!F4)-N(GanttCalc!E4)<=0,"",IF(N(GanttCalc!F4)-N(GanttCalc!E4)=1,"R"&GanttCalc!F4,"R"&(GanttCalc!E4+1)&"-"&GanttCalc!F4))) | I12: =IF($B$10="","",IF(N(GanttCalc!G4)-N(GanttCalc!F4)<=0,"",IF(N(GanttCalc!G4)-N(GanttCalc!F4)=1,"R"&GanttCalc!G4,"R"&(GanttCalc!F4+1)&"-"&GanttCalc!G4))) | J12: =IF($B$10="","",IF(N(GanttCalc!H4)-N(GanttCalc!G4)<=0,"",IF(N(GanttCalc!H4)-N(GanttCalc!G4)=1,"R"&GanttCalc!H4,"R"&(GanttCalc!G4+1)&"-"&GanttCalc!H4))) | K12: =IF($B$10="","",IF(N(GanttCalc!I4)-N(GanttCalc!H4)<=0,"",IF(N(GanttCalc!I4)-N(GanttCalc!H4)=1,"R"&GanttCalc!I4,"R"&(GanttCalc!H4+1)&"-"&GanttCalc!I4))) | L12: =IF($B$10="","",IF(N(GanttCalc!J4)-N(GanttCalc!I4)<=0,"",IF(N(GanttCalc!J4)-N(GanttCalc!I4)=1,"R"&GanttCalc!J4,"R"&(GanttCalc!I4+1)&"-"&GanttCalc!J4))) | ... BD12: =IF($B$10="","",IF(N(GanttCalc!BB4)-N(GanttCalc!BA4)<=0,"",IF(N(GanttCalc!BB4)-N(GanttCalc!BA4)=1,"R"&GanttCalc!BB4,"R"&(GanttCalc!BA4+1)&"-"&GanttCalc!BB4))) -> R110-116
B14: =IF(Contracts!$A$7="","",Contracts!$A$7) -> WBA-R24P-T1-C | C14: =IF(Contracts!$A$7="","","Kit release") -> Kit release | D14: =IF($B$14="","",SUMPRODUCT(--(E14:BD14<>""))&" wks") -> 0 wks | E14: =IF($B$14="","",IF(N(OFFSET(GanttCalc!$B$5,0,1+N(Contracts!$Q$7)))-N(OFFSET(GanttCalc!$B$5,0,0+N(Contracts!$Q$7)))<=0,"",IF(N(OFFSET(GanttCalc!$B$5,0,1+N(Contracts!$Q$7)))-N(OFFSET(GanttCalc!$B$5,0,0+N(Contracts!$Q$7)))=1,"R"&OFFSET(GanttCalc!$B$5,0,1+N(Contracts!$Q$7)),"R"&(OFFSET(GanttCalc!$B$5,0,0+N(Contracts!$Q$7))+1)&"-"&OFFSET(GanttCalc!$B$5,0,1+N(Contracts!$Q$7))))) | F14: =IF($B$14="","",IF(N(OFFSET(GanttCalc!$B$5,0,2+N(Contracts!$Q$7)))-N(OFFSET(GanttCalc!$B$5,0,1+N(Contracts!$Q$7)))<=0,"",IF(N(OFFSET(GanttCalc!$B$5,0,2+N(Contracts!$Q$7)))-N(OFFSET(GanttCalc!$B$5,0,1+N(Contracts!$Q$7)))=1,"R"&OFFSET(GanttCalc!$B$5,0,2+N(Contracts!$Q$7)),"R"&(OFFSET(GanttCalc!$B$5,0,1+N(Contracts!$Q$7))+1)&"-"&OFFSET(GanttCalc!$B$5,0,2+N(Contracts!$Q$7))))) | G14: =IF($B$14="","",IF(N(OFFSET(GanttCalc!$B$5,0,3+N(Contracts!$Q$7)))-N(OFFSET(GanttCalc!$B$5,0,2+N(Contracts!$Q$7)))<=0,"",IF(N(OFFSET(GanttCalc!$B$5,0,3+N(Contracts!$Q$7)))-N(OFFSET(GanttCalc!$B$5,0,2+N(Contracts!$Q$7)))=1,"R"&OFFSET(GanttCalc!$B$5,0,3+N(Contracts!$Q$7)),"R"&(OFFSET(GanttCalc!$B$5,0,2+N(Contracts!$Q$7))+1)&"-"&OFFSET(GanttCalc!$B$5,0,3+N(Contracts!$Q$7))))) | H14: =IF($B$14="","",IF(N(OFFSET(GanttCalc!$B$5,0,4+N(Contracts!$Q$7)))-N(OFFSET(GanttCalc!$B$5,0,3+N(Contracts!$Q$7)))<=0,"",IF(N(OFFSET(GanttCalc!$B$5,0,4+N(Contracts!$Q$7)))-N(OFFSET(GanttCalc!$B$5,0,3+N(Contracts!$Q$7)))=1,"R"&OFFSET(GanttCalc!$B$5,0,4+N(Contracts!$Q$7)),"R"&(OFFSET(GanttCalc!$B$5,0,3+N(Contracts!$Q$7))+1)&"-"&OFFSET(GanttCalc!$B$5,0,4+N(Contracts!$Q$7))))) | I14: =IF($B$14="","",IF(N(OFFSET(GanttCalc!$B$5,0,5+N(Contracts!$Q$7)))-N(OFFSET(GanttCalc!$B$5,0,4+N(Contracts!$Q$7)))<=0,"",IF(N(OFFSET(GanttCalc!$B$5,0,5+N(Contracts!$Q$7)))-N(OFFSET(GanttCalc!$B$5,0,4+N(Contracts!$Q$7)))=1,"R"&OFFSET(GanttCalc!$B$5,0,5+N(Contracts!$Q$7)),"R"&(OFFSET(GanttCalc!$B$5,0,4+N(Contracts!$Q$7))+1)&"-"&OFFSET(GanttCalc!$B$5,0,5+N(Contracts!$Q$7))))) | J14: =IF($B$14="","",IF(N(OFFSET(GanttCalc!$B$5,0,6+N(Contracts!$Q$7)))-N(OFFSET(GanttCalc!$B$5,0,5+N(Contracts!$Q$7)))<=0,"",IF(N(OFFSET(GanttCalc!$B$5,0,6+N(Contracts!$Q$7)))-N(OFFSET(GanttCalc!$B$5,0,5+N(Contracts!$Q$7)))=1,"R"&OFFSET(GanttCalc!$B$5,0,6+N(Contracts!$Q$7)),"R"&(OFFSET(GanttCalc!$B$5,0,5+N(Contracts!$Q$7))+1)&"-"&OFFSET(GanttCalc!$B$5,0,6+N(Contracts!$Q$7))))) | K14: =IF($B$14="","",IF(N(OFFSET(GanttCalc!$B$5,0,7+N(Contracts!$Q$7)))-N(OFFSET(GanttCalc!$B$5,0,6+N(Contracts!$Q$7)))<=0,"",IF(N(OFFSET(GanttCalc!$B$5,0,7+N(Contracts!$Q$7)))-N(OFFSET(GanttCalc!$B$5,0,6+N(Contracts!$Q$7)))=1,"R"&OFFSET(GanttCalc!$B$5,0,7+N(Contracts!$Q$7)),"R"&(OFFSET(GanttCalc!$B$5,0,6+N(Contracts!$Q$7))+1)&"-"&OFFSET(GanttCalc!$B$5,0,7+N(Contracts!$Q$7))))) | L14: =IF($B$14="","",IF(N(OFFSET(GanttCalc!$B$5,0,8+N(Contracts!$Q$7)))-N(OFFSET(GanttCalc!$B$5,0,7+N(Contracts!$Q$7)))<=0,"",IF(N(OFFSET(GanttCalc!$B$5,0,8+N(Contracts!$Q$7)))-N(OFFSET(GanttCalc!$B$5,0,7+N(Contracts!$Q$7)))=1,"R"&OFFSET(GanttCalc!$B$5,0,8+N(Contracts!$Q$7)),"R"&(OFFSET(GanttCalc!$B$5,0,7+N(Contracts!$Q$7))+1)&"-"&OFFSET(GanttCalc!$B$5,0,8+N(Contracts!$Q$7))))) | M14: =IF($B$14="","",IF(N(OFFSET(GanttCalc!$B$5,0,9+N(Contracts!$Q$7)))-N(OFFSET(GanttCalc!$B$5,0,8+N(Contracts!$Q$7)))<=0,"",IF(N(OFFSET(GanttCalc!$B$5,0,9+N(Contracts!$Q$7)))-N(OFFSET(GanttCalc!$B$5,0,8+N(Contracts!$Q$7)))=1,"R"&OFFSET(GanttCalc!$B$5,0,9+N(Contracts!$Q$7)),"R"&(OFFSET(GanttCalc!$B$5,0,8+N(Contracts!$Q$7))+1)&"-"&OFFSET(GanttCalc!$B$5,0,9+N(Contracts!$Q$7))))) | N14: =IF($B$14="","",IF(N(OFFSET(GanttCalc!$B$5,0,10+N(Contracts!$Q$7)))-N(OFFSET(GanttCalc!$B$5,0,9+N(Contracts!$Q$7)))<=0,"",IF(N(OFFSET(GanttCalc!$B$5,0,10+N(Contracts!$Q$7)))-N(OFFSET(GanttCalc!$B$5,0,9+N(Contracts!$Q$7)))=1,"R"&OFFSET(GanttCalc!$B$5,0,10+N(Contracts!$Q$7)),"R"&(OFFSET(GanttCalc!$B$5,0,9+N(Contracts!$Q$7))+1)&"-"&OFFSET(GanttCalc!$B$5,0,10+N(Contracts!$Q$7))))) | O14: =IF($B$14="","",IF(N(OFFSET(GanttCalc!$B$5,0,11+N(Contracts!$Q$7)))-N(OFFSET(GanttCalc!$B$5,0,10+N(Contracts!$Q$7)))<=0,"",IF(N(OFFSET(GanttCalc!$B$5,0,11+N(Contracts!$Q$7)))-N(OFFSET(GanttCalc!$B$5,0,10+N(Contracts!$Q$7)))=1,"R"&OFFSET(GanttCalc!$B$5,0,11+N(Contracts!$Q$7)),"R"&(OFFSET(GanttCalc!$B$5,0,10+N(Contracts!$Q$7))+1)&"-"&OFFSET(GanttCalc!$B$5,0,11+N(Contracts!$Q$7))))) | P14: =IF($B$14="","",IF(N(OFFSET(GanttCalc!$B$5,0,12+N(Contracts!$Q$7)))-N(OFFSET(GanttCalc!$B$5,0,11+N(Contracts!$Q$7)))<=0,"",IF(N(OFFSET(GanttCalc!$B$5,0,12+N(Contracts!$Q$7)))-N(OFFSET(GanttCalc!$B$5,0,11+N(Contracts!$Q$7)))=1,"R"&OFFSET(GanttCalc!$B$5,0,12+N(Contracts!$Q$7)),"R"&(OFFSET(GanttCalc!$B$5,0,11+N(Contracts!$Q$7))+1)&"-"&OFFSET(GanttCalc!$B$5,0,12+N(Contracts!$Q$7))))) | Q14: =IF($B$14="","",IF(N(OFFSET(GanttCalc!$B$5,0,13+N(Contracts!$Q$7)))-N(OFFSET(GanttCalc!$B$5,0,12+N(Contracts!$Q$7)))<=0,"",IF(N(OFFSET(GanttCalc!$B$5,0,13+N(Contracts!$Q$7)))-N(OFFSET(GanttCalc!$B$5,0,12+N(Contracts!$Q$7)))=1,"R"&OFFSET(GanttCalc!$B$5,0,13+N(Contracts!$Q$7)),"R"&(OFFSET(GanttCalc!$B$5,0,12+N(Contracts!$Q$7))+1)&"-"&OFFSET(GanttCalc!$B$5,0,13+N(Contracts!$Q$7))))) | R14: =IF($B$14="","",IF(N(OFFSET(GanttCalc!$B$5,0,14+N(Contracts!$Q$7)))-N(OFFSET(GanttCalc!$B$5,0,13+N(Contracts!$Q$7)))<=0,"",IF(N(OFFSET(GanttCalc!$B$5,0,14+N(Contracts!$Q$7)))-N(OFFSET(GanttCalc!$B$5,0,13+N(Contracts!$Q$7)))=1,"R"&OFFSET(GanttCalc!$B$5,0,14+N(Contracts!$Q$7)),"R"&(OFFSET(GanttCalc!$B$5,0,13+N(Contracts!$Q$7))+1)&"-"&OFFSET(GanttCalc!$B$5,0,14+N(Contracts!$Q$7))))) | S14: =IF($B$14="","",IF(N(OFFSET(GanttCalc!$B$5,0,15+N(Contracts!$Q$7)))-N(OFFSET(GanttCalc!$B$5,0,14+N(Contracts!$Q$7)))<=0,"",IF(N(OFFSET(GanttCalc!$B$5,0,15+N(Contracts!$Q$7)))-N(OFFSET(GanttCalc!$B$5,0,14+N(Contracts!$Q$7)))=1,"R"&OFFSET(GanttCalc!$B$5,0,15+N(Contracts!$Q$7)),"R"&(OFFSET(GanttCalc!$B$5,0,14+N(Contracts!$Q$7))+1)&"-"&OFFSET(GanttCalc!$B$5,0,15+N(Contracts!$Q$7))))) | T14: =IF($B$14="","",IF(N(OFFSET(GanttCalc!$B$5,0,16+N(Contracts!$Q$7)))-N(OFFSET(GanttCalc!$B$5,0,15+N(Contracts!$Q$7)))<=0,"",IF(N(OFFSET(GanttCalc!$B$5,0,16+N(Contracts!$Q$7)))-N(OFFSET(GanttCalc!$B$5,0,15+N(Contracts!$Q$7)))=1,"R"&OFFSET(GanttCalc!$B$5,0,16+N(Contracts!$Q$7)),"R"&(OFFSET(GanttCalc!$B$5,0,15+N(Contracts!$Q$7))+1)&"-"&OFFSET(GanttCalc!$B$5,0,16+N(Contracts!$Q$7))))) | U14: =IF($B$14="","",IF(N(OFFSET(GanttCalc!$B$5,0,17+N(Contracts!$Q$7)))-N(OFFSET(GanttCalc!$B$5,0,16+N(Contracts!$Q$7)))<=0,"",IF(N(OFFSET(GanttCalc!$B$5,0,17+N(Contracts!$Q$7)))-N(OFFSET(GanttCalc!$B$5,0,16+N(Contracts!$Q$7)))=1,"R"&OFFSET(GanttCalc!$B$5,0,17+N(Contracts!$Q$7)),"R"&(OFFSET(GanttCalc!$B$5,0,16+N(Contracts!$Q$7))+1)&"-"&OFFSET(GanttCalc!$B$5,0,17+N(Contracts!$Q$7))))) | V14: =IF($B$14="","",IF(N(OFFSET(GanttCalc!$B$5,0,18+N(Contracts!$Q$7)))-N(OFFSET(GanttCalc!$B$5,0,17+N(Contracts!$Q$7)))<=0,"",IF(N(OFFSET(GanttCalc!$B$5,0,18+N(Contracts!$Q$7)))-N(OFFSET(GanttCalc!$B$5,0,17+N(Contracts!$Q$7)))=1,"R"&OFFSET(GanttCalc!$B$5,0,18+N(Contracts!$Q$7)),"R"&(OFFSET(GanttCalc!$B$5,0,17+N(Contracts!$Q$7))+1)&"-"&OFFSET(GanttCalc!$B$5,0,18+N(Contracts!$Q$7))))) | W14: =IF($B$14="","",IF(N(OFFSET(GanttCalc!$B$5,0,19+N(Contracts!$Q$7)))-N(OFFSET(GanttCalc!$B$5,0,18+N(Contracts!$Q$7)))<=0,"",IF(N(OFFSET(GanttCalc!$B$5,0,19+N(Contracts!$Q$7)))-N(OFFSET(GanttCalc!$B$5,0,18+N(Contracts!$Q$7)))=1,"R"&OFFSET(GanttCalc!$B$5,0,19+N(Contracts!$Q$7)),"R"&(OFFSET(GanttCalc!$B$5,0,18+N(Contracts!$Q$7))+1)&"-"&OFFSET(GanttCalc!$B$5,0,19+N(Contracts!$Q$7))))) | X14: =IF($B$14="","",IF(N(OFFSET(GanttCalc!$B$5,0,20+N(Contracts!$Q$7)))-N(OFFSET(GanttCalc!$B$5,0,19+N(Contracts!$Q$7)))<=0,"",IF(N(OFFSET(GanttCalc!$B$5,0,20+N(Contracts!$Q$7)))-N(OFFSET(GanttCalc!$B$5,0,19+N(Contracts!$Q$7)))=1,"R"&OFFSET(GanttCalc!$B$5,0,20+N(Contracts!$Q$7)),"R"&(OFFSET(GanttCalc!$B$5,0,19+N(Contracts!$Q$7))+1)&"-"&OFFSET(GanttCalc!$B$5,0,20+N(Contracts!$Q$7))))) | Y14: =IF($B$14="","",IF(N(OFFSET(GanttCalc!$B$5,0,21+N(Contracts!$Q$7)))-N(OFFSET(GanttCalc!$B$5,0,20+N(Contracts!$Q$7)))<=0,"",IF(N(OFFSET(GanttCalc!$B$5,0,21+N(Contracts!$Q$7)))-N(OFFSET(GanttCalc!$B$5,0,20+N(Contracts!$Q$7)))=1,"R"&OFFSET(GanttCalc!$B$5,0,21+N(Contracts!$Q$7)),"R"&(OFFSET(GanttCalc!$B$5,0,20+N(Contracts!$Q$7))+1)&"-"&OFFSET(GanttCalc!$B$5,0,21+N(Contracts!$Q$7))))) | Z14: =IF($B$14="","",IF(N(OFFSET(GanttCalc!$B$5,0,22+N(Contracts!$Q$7)))-N(OFFSET(GanttCalc!$B$5,0,21+N(Contracts!$Q$7)))<=0,"",IF(N(OFFSET(GanttCalc!$B$5,0,22+N(Contracts!$Q$7)))-N(OFFSET(GanttCalc!$B$5,0,21+N(Contracts!$Q$7)))=1,"R"&OFFSET(GanttCalc!$B$5,0,22+N(Contracts!$Q$7)),"R"&(OFFSET(GanttCalc!$B$5,0,21+N(Contracts!$Q$7))+1)&"-"&OFFSET(GanttCalc!$B$5,0,22+N(Contracts!$Q$7))))) | AA14: =IF($B$14="","",IF(N(OFFSET(GanttCalc!$B$5,0,23+N(Contracts!$Q$7)))-N(OFFSET(GanttCalc!$B$5,0,22+N(Contracts!$Q$7)))<=0,"",IF(N(OFFSET(GanttCalc!$B$5,0,23+N(Contracts!$Q$7)))-N(OFFSET(GanttCalc!$B$5,0,22+N(Contracts!$Q$7)))=1,"R"&OFFSET(GanttCalc!$B$5,0,23+N(Contracts!$Q$7)),"R"&(OFFSET(GanttCalc!$B$5,0,22+N(Contracts!$Q$7))+1)&"-"&OFFSET(GanttCalc!$B$5,0,23+N(Contracts!$Q$7))))) | AB14: =IF($B$14="","",IF(N(OFFSET(GanttCalc!$B$5,0,24+N(Contracts!$Q$7)))-N(OFFSET(GanttCalc!$B$5,0,23+N(Contracts!$Q$7)))<=0,"",IF(N(OFFSET(GanttCalc!$B$5,0,24+N(Contracts!$Q$7)))-N(OFFSET(GanttCalc!$B$5,0,23+N(Contracts!$Q$7)))=1,"R"&OFFSET(GanttCalc!$B$5,0,24+N(Contracts!$Q$7)),"R"&(OFFSET(GanttCalc!$B$5,0,23+N(Contracts!$Q$7))+1)&"-"&OFFSET(GanttCalc!$B$5,0,24+N(Contracts!$Q$7))))) | AC14: =IF($B$14="","",IF(N(OFFSET(GanttCalc!$B$5,0,25+N(Contracts!$Q$7)))-N(OFFSET(GanttCalc!$B$5,0,24+N(Contracts!$Q$7)))<=0,"",IF(N(OFFSET(GanttCalc!$B$5,0,25+N(Contracts!$Q$7)))-N(OFFSET(GanttCalc!$B$5,0,24+N(Contracts!$Q$7)))=1,"R"&OFFSET(GanttCalc!$B$5,0,25+N(Contracts!$Q$7)),"R"&(OFFSET(GanttCalc!$B$5,0,24+N(Contracts!$Q$7))+1)&"-"&OFFSET(GanttCalc!$B$5,0,25+N(Contracts!$Q$7))))) | AD14: =IF($B$14="","",IF(N(OFFSET(GanttCalc!$B$5,0,26+N(Contracts!$Q$7)))-N(OFFSET(GanttCalc!$B$5,0,25+N(Contracts!$Q$7)))<=0,"",IF(N(OFFSET(GanttCalc!$B$5,0,26+N(Contracts!$Q$7)))-N(OFFSET(GanttCalc!$B$5,0,25+N(Contracts!$Q$7)))=1,"R"&OFFSET(GanttCalc!$B$5,0,26+N(Contracts!$Q$7)),"R"&(OFFSET(GanttCalc!$B$5,0,25+N(Contracts!$Q$7))+1)&"-"&OFFSET(GanttCalc!$B$5,0,26+N(Contracts!$Q$7))))) | AE14: =IF($B$14="","",IF(N(OFFSET(GanttCalc!$B$5,0,27+N(Contracts!$Q$7)))-N(OFFSET(GanttCalc!$B$5,0,26+N(Contracts!$Q$7)))<=0,"",IF(N(OFFSET(GanttCalc!$B$5,0,27+N(Contracts!$Q$7)))-N(OFFSET(GanttCalc!$B$5,0,26+N(Contracts!$Q$7)))=1,"R"&OFFSET(GanttCalc!$B$5,0,27+N(Contracts!$Q$7)),"R"&(OFFSET(GanttCalc!$B$5,0,26+N(Contracts!$Q$7))+1)&"-"&OFFSET(GanttCalc!$B$5,0,27+N(Contracts!$Q$7))))) | AF14: =IF($B$14="","",IF(N(OFFSET(GanttCalc!$B$5,0,28+N(Contracts!$Q$7)))-N(OFFSET(GanttCalc!$B$5,0,27+N(Contracts!$Q$7)))<=0,"",IF(N(OFFSET(GanttCalc!$B$5,0,28+N(Contracts!$Q$7)))-N(OFFSET(GanttCalc!$B$5,0,27+N(Contracts!$Q$7)))=1,"R"&OFFSET(GanttCalc!$B$5,0,28+N(Contracts!$Q$7)),"R"&(OFFSET(GanttCalc!$B$5,0,27+N(Contracts!$Q$7))+1)&"-"&OFFSET(GanttCalc!$B$5,0,28+N(Contracts!$Q$7))))) | AG14: =IF($B$14="","",IF(N(OFFSET(GanttCalc!$B$5,0,29+N(Contracts!$Q$7)))-N(OFFSET(GanttCalc!$B$5,0,28+N(Contracts!$Q$7)))<=0,"",IF(N(OFFSET(GanttCalc!$B$5,0,29+N(Contracts!$Q$7)))-N(OFFSET(GanttCalc!$B$5,0,28+N(Contracts!$Q$7)))=1,"R"&OFFSET(GanttCalc!$B$5,0,29+N(Contracts!$Q$7)),"R"&(OFFSET(GanttCalc!$B$5,0,28+N(Contracts!$Q$7))+1)&"-"&OFFSET(GanttCalc!$B$5,0,29+N(Contracts!$Q$7))))) | AH14: =IF($B$14="","",IF(N(OFFSET(GanttCalc!$B$5,0,30+N(Contracts!$Q$7)))-N(OFFSET(GanttCalc!$B$5,0,29+N(Contracts!$Q$7)))<=0,"",IF(N(OFFSET(GanttCalc!$B$5,0,30+N(Contracts!$Q$7)))-N(OFFSET(GanttCalc!$B$5,0,29+N(Contracts!$Q$7)))=1,"R"&OFFSET(GanttCalc!$B$5,0,30+N(Contracts!$Q$7)),"R"&(OFFSET(GanttCalc!$B$5,0,29+N(Contracts!$Q$7))+1)&"-"&OFFSET(GanttCalc!$B$5,0,30+N(Contracts!$Q$7))))) | AI14: =IF($B$14="","",IF(N(OFFSET(GanttCalc!$B$5,0,31+N(Contracts!$Q$7)))-N(OFFSET(GanttCalc!$B$5,0,30+N(Contracts!$Q$7)))<=0,"",IF(N(OFFSET(GanttCalc!$B$5,0,31+N(Contracts!$Q$7)))-N(OFFSET(GanttCalc!$B$5,0,30+N(Contracts!$Q$7)))=1,"R"&OFFSET(GanttCalc!$B$5,0,31+N(Contracts!$Q$7)),"R"&(OFFSET(GanttCalc!$B$5,0,30+N(Contracts!$Q$7))+1)&"-"&OFFSET(GanttCalc!$B$5,0,31+N(Contracts!$Q$7))))) | AJ14: =IF($B$14="","",IF(N(OFFSET(GanttCalc!$B$5,0,32+N(Contracts!$Q$7)))-N(OFFSET(GanttCalc!$B$5,0,31+N(Contracts!$Q$7)))<=0,"",IF(N(OFFSET(GanttCalc!$B$5,0,32+N(Contracts!$Q$7)))-N(OFFSET(GanttCalc!$B$5,0,31+N(Contracts!$Q$7)))=1,"R"&OFFSET(GanttCalc!$B$5,0,32+N(Contracts!$Q$7)),"R"&(OFFSET(GanttCalc!$B$5,0,31+N(Contracts!$Q$7))+1)&"-"&OFFSET(GanttCalc!$B$5,0,32+N(Contracts!$Q$7))))) | AK14: =IF($B$14="","",IF(N(OFFSET(GanttCalc!$B$5,0,33+N(Contracts!$Q$7)))-N(OFFSET(GanttCalc!$B$5,0,32+N(Contracts!$Q$7)))<=0,"",IF(N(OFFSET(GanttCalc!$B$5,0,33+N(Contracts!$Q$7)))-N(OFFSET(GanttCalc!$B$5,0,32+N(Contracts!$Q$7)))=1,"R"&OFFSET(GanttCalc!$B$5,0,33+N(Contracts!$Q$7)),"R"&(OFFSET(GanttCalc!$B$5,0,32+N(Contracts!$Q$7))+1)&"-"&OFFSET(GanttCalc!$B$5,0,33+N(Contracts!$Q$7))))) | AL14: =IF($B$14="","",IF(N(OFFSET(GanttCalc!$B$5,0,34+N(Contracts!$Q$7)))-N(OFFSET(GanttCalc!$B$5,0,33+N(Contracts!$Q$7)))<=0,"",IF(N(OFFSET(GanttCalc!$B$5,0,34+N(Contracts!$Q$7)))-N(OFFSET(GanttCalc!$B$5,0,33+N(Contracts!$Q$7)))=1,"R"&OFFSET(GanttCalc!$B$5,0,34+N(Contracts!$Q$7)),"R"&(OFFSET(GanttCalc!$B$5,0,33+N(Contracts!$Q$7))+1)&"-"&OFFSET(GanttCalc!$B$5,0,34+N(Contracts!$Q$7))))) | AM14: =IF($B$14="","",IF(N(OFFSET(GanttCalc!$B$5,0,35+N(Contracts!$Q$7)))-N(OFFSET(GanttCalc!$B$5,0,34+N(Contracts!$Q$7)))<=0,"",IF(N(OFFSET(GanttCalc!$B$5,0,35+N(Contracts!$Q$7)))-N(OFFSET(GanttCalc!$B$5,0,34+N(Contracts!$Q$7)))=1,"R"&OFFSET(GanttCalc!$B$5,0,35+N(Contracts!$Q$7)),"R"&(OFFSET(GanttCalc!$B$5,0,34+N(Contracts!$Q$7))+1)&"-"&OFFSET(GanttCalc!$B$5,0,35+N(Contracts!$Q$7))))) | AN14: =IF($B$14="","",IF(N(OFFSET(GanttCalc!$B$5,0,36+N(Contracts!$Q$7)))-N(OFFSET(GanttCalc!$B$5,0,35+N(Contracts!$Q$7)))<=0,"",IF(N(OFFSET(GanttCalc!$B$5,0,36+N(Contracts!$Q$7)))-N(OFFSET(GanttCalc!$B$5,0,35+N(Contracts!$Q$7)))=1,"R"&OFFSET(GanttCalc!$B$5,0,36+N(Contracts!$Q$7)),"R"&(OFFSET(GanttCalc!$B$5,0,35+N(Contracts!$Q$7))+1)&"-"&OFFSET(GanttCalc!$B$5,0,36+N(Contracts!$Q$7))))) | AO14: =IF($B$14="","",IF(N(OFFSET(GanttCalc!$B$5,0,37+N(Contracts!$Q$7)))-N(OFFSET(GanttCalc!$B$5,0,36+N(Contracts!$Q$7)))<=0,"",IF(N(OFFSET(GanttCalc!$B$5,0,37+N(Contracts!$Q$7)))-N(OFFSET(GanttCalc!$B$5,0,36+N(Contracts!$Q$7)))=1,"R"&OFFSET(GanttCalc!$B$5,0,37+N(Contracts!$Q$7)),"R"&(OFFSET(GanttCalc!$B$5,0,36+N(Contracts!$Q$7))+1)&"-"&OFFSET(GanttCalc!$B$5,0,37+N(Contracts!$Q$7))))) | AP14: =IF($B$14="","",IF(N(OFFSET(GanttCalc!$B$5,0,38+N(Contracts!$Q$7)))-N(OFFSET(GanttCalc!$B$5,0,37+N(Contracts!$Q$7)))<=0,"",IF(N(OFFSET(GanttCalc!$B$5,0,38+N(Contracts!$Q$7)))-N(OFFSET(GanttCalc!$B$5,0,37+N(Contracts!$Q$7)))=1,"R"&OFFSET(GanttCalc!$B$5,0,38+N(Contracts!$Q$7)),"R"&(OFFSET(GanttCalc!$B$5,0,37+N(Contracts!$Q$7))+1)&"-"&OFFSET(GanttCalc!$B$5,0,38+N(Contracts!$Q$7))))) | AQ14: =IF($B$14="","",IF(N(OFFSET(GanttCalc!$B$5,0,39+N(Contracts!$Q$7)))-N(OFFSET(GanttCalc!$B$5,0,38+N(Contracts!$Q$7)))<=0,"",IF(N(OFFSET(GanttCalc!$B$5,0,39+N(Contracts!$Q$7)))-N(OFFSET(GanttCalc!$B$5,0,38+N(Contracts!$Q$7)))=1,"R"&OFFSET(GanttCalc!$B$5,0,39+N(Contracts!$Q$7)),"R"&(OFFSET(GanttCalc!$B$5,0,38+N(Contracts!$Q$7))+1)&"-"&OFFSET(GanttCalc!$B$5,0,39+N(Contracts!$Q$7))))) | AR14: =IF($B$14="","",IF(N(OFFSET(GanttCalc!$B$5,0,40+N(Contracts!$Q$7)))-N(OFFSET(GanttCalc!$B$5,0,39+N(Contracts!$Q$7)))<=0,"",IF(N(OFFSET(GanttCalc!$B$5,0,40+N(Contracts!$Q$7)))-N(OFFSET(GanttCalc!$B$5,0,39+N(Contracts!$Q$7)))=1,"R"&OFFSET(GanttCalc!$B$5,0,40+N(Contracts!$Q$7)),"R"&(OFFSET(GanttCalc!$B$5,0,39+N(Contracts!$Q$7))+1)&"-"&OFFSET(GanttCalc!$B$5,0,40+N(Contracts!$Q$7))))) | AS14: =IF($B$14="","",IF(N(OFFSET(GanttCalc!$B$5,0,41+N(Contracts!$Q$7)))-N(OFFSET(GanttCalc!$B$5,0,40+N(Contracts!$Q$7)))<=0,"",IF(N(OFFSET(GanttCalc!$B$5,0,41+N(Contracts!$Q$7)))-N(OFFSET(GanttCalc!$B$5,0,40+N(Contracts!$Q$7)))=1,"R"&OFFSET(GanttCalc!$B$5,0,41+N(Contracts!$Q$7)),"R"&(OFFSET(GanttCalc!$B$5,0,40+N(Contracts!$Q$7))+1)&"-"&OFFSET(GanttCalc!$B$5,0,41+N(Contracts!$Q$7))))) | AT14: =IF($B$14="","",IF(N(OFFSET(GanttCalc!$B$5,0,42+N(Contracts!$Q$7)))-N(OFFSET(GanttCalc!$B$5,0,41+N(Contracts!$Q$7)))<=0,"",IF(N(OFFSET(GanttCalc!$B$5,0,42+N(Contracts!$Q$7)))-N(OFFSET(GanttCalc!$B$5,0,41+N(Contracts!$Q$7)))=1,"R"&OFFSET(GanttCalc!$B$5,0,42+N(Contracts!$Q$7)),"R"&(OFFSET(GanttCalc!$B$5,0,41+N(Contracts!$Q$7))+1)&"-"&OFFSET(GanttCalc!$B$5,0,42+N(Contracts!$Q$7))))) | AU14: =IF($B$14="","",IF(N(OFFSET(GanttCalc!$B$5,0,43+N(Contracts!$Q$7)))-N(OFFSET(GanttCalc!$B$5,0,42+N(Contracts!$Q$7)))<=0,"",IF(N(OFFSET(GanttCalc!$B$5,0,43+N(Contracts!$Q$7)))-N(OFFSET(GanttCalc!$B$5,0,42+N(Contracts!$Q$7)))=1,"R"&OFFSET(GanttCalc!$B$5,0,43+N(Contracts!$Q$7)),"R"&(OFFSET(GanttCalc!$B$5,0,42+N(Contracts!$Q$7))+1)&"-"&OFFSET(GanttCalc!$B$5,0,43+N(Contracts!$Q$7))))) | AV14: =IF($B$14="","",IF(N(OFFSET(GanttCalc!$B$5,0,44+N(Contracts!$Q$7)))-N(OFFSET(GanttCalc!$B$5,0,43+N(Contracts!$Q$7)))<=0,"",IF(N(OFFSET(GanttCalc!$B$5,0,44+N(Contracts!$Q$7)))-N(OFFSET(GanttCalc!$B$5,0,43+N(Contracts!$Q$7)))=1,"R"&OFFSET(GanttCalc!$B$5,0,44+N(Contracts!$Q$7)),"R"&(OFFSET(GanttCalc!$B$5,0,43+N(Contracts!$Q$7))+1)&"-"&OFFSET(GanttCalc!$B$5,0,44+N(Contracts!$Q$7))))) | AW14: =IF($B$14="","",IF(N(OFFSET(GanttCalc!$B$5,0,45+N(Contracts!$Q$7)))-N(OFFSET(GanttCalc!$B$5,0,44+N(Contracts!$Q$7)))<=0,"",IF(N(OFFSET(GanttCalc!$B$5,0,45+N(Contracts!$Q$7)))-N(OFFSET(GanttCalc!$B$5,0,44+N(Contracts!$Q$7)))=1,"R"&OFFSET(GanttCalc!$B$5,0,45+N(Contracts!$Q$7)),"R"&(OFFSET(GanttCalc!$B$5,0,44+N(Contracts!$Q$7))+1)&"-"&OFFSET(GanttCalc!$B$5,0,45+N(Contracts!$Q$7))))) | AX14: =IF($B$14="","",IF(N(OFFSET(GanttCalc!$B$5,0,46+N(Contracts!$Q$7)))-N(OFFSET(GanttCalc!$B$5,0,45+N(Contracts!$Q$7)))<=0,"",IF(N(OFFSET(GanttCalc!$B$5,0,46+N(Contracts!$Q$7)))-N(OFFSET(GanttCalc!$B$5,0,45+N(Contracts!$Q$7)))=1,"R"&OFFSET(GanttCalc!$B$5,0,46+N(Contracts!$Q$7)),"R"&(OFFSET(GanttCalc!$B$5,0,45+N(Contracts!$Q$7))+1)&"-"&OFFSET(GanttCalc!$B$5,0,46+N(Contracts!$Q$7))))) | AY14: =IF($B$14="","",IF(N(OFFSET(GanttCalc!$B$5,0,47+N(Contracts!$Q$7)))-N(OFFSET(GanttCalc!$B$5,0,46+N(Contracts!$Q$7)))<=0,"",IF(N(OFFSET(GanttCalc!$B$5,0,47+N(Contracts!$Q$7)))-N(OFFSET(GanttCalc!$B$5,0,46+N(Contracts!$Q$7)))=1,"R"&OFFSET(GanttCalc!$B$5,0,47+N(Contracts!$Q$7)),"R"&(OFFSET(GanttCalc!$B$5,0,46+N(Contracts!$Q$7))+1)&"-"&OFFSET(GanttCalc!$B$5,0,47+N(Contracts!$Q$7))))) | AZ14: =IF($B$14="","",IF(N(OFFSET(GanttCalc!$B$5,0,48+N(Contracts!$Q$7)))-N(OFFSET(GanttCalc!$B$5,0,47+N(Contracts!$Q$7)))<=0,"",IF(N(OFFSET(GanttCalc!$B$5,0,48+N(Contracts!$Q$7)))-N(OFFSET(GanttCalc!$B$5,0,47+N(Contracts!$Q$7)))=1,"R"&OFFSET(GanttCalc!$B$5,0,48+N(Contracts!$Q$7)),"R"&(OFFSET(GanttCalc!$B$5,0,47+N(Contracts!$Q$7))+1)&"-"&OFFSET(GanttCalc!$B$5,0,48+N(Contracts!$Q$7))))) | BA14: =IF($B$14="","",IF(N(OFFSET(GanttCalc!$B$5,0,49+N(Contracts!$Q$7)))-N(OFFSET(GanttCalc!$B$5,0,48+N(Contracts!$Q$7)))<=0,"",IF(N(OFFSET(GanttCalc!$B$5,0,49+N(Contracts!$Q$7)))-N(OFFSET(GanttCalc!$B$5,0,48+N(Contracts!$Q$7)))=1,"R"&OFFSET(GanttCalc!$B$5,0,49+N(Contracts!$Q$7)),"R"&(OFFSET(GanttCalc!$B$5,0,48+N(Contracts!$Q$7))+1)&"-"&OFFSET(GanttCalc!$B$5,0,49+N(Contracts!$Q$7))))) | BB14: =IF($B$14="","",IF(N(OFFSET(GanttCalc!$B$5,0,50+N(Contracts!$Q$7)))-N(OFFSET(GanttCalc!$B$5,0,49+N(Contracts!$Q$7)))<=0,"",IF(N(OFFSET(GanttCalc!$B$5,0,50+N(Contracts!$Q$7)))-N(OFFSET(GanttCalc!$B$5,0,49+N(Contracts!$Q$7)))=1,"R"&OFFSET(GanttCalc!$B$5,0,50+N(Contracts!$Q$7)),"R"&(OFFSET(GanttCalc!$B$5,0,49+N(Contracts!$Q$7))+1)&"-"&OFFSET(GanttCalc!$B$5,0,50+N(Contracts!$Q$7))))) | BC14: =IF($B$14="","",IF(N(OFFSET(GanttCalc!$B$5,0,51+N(Contracts!$Q$7)))-N(OFFSET(GanttCalc!$B$5,0,50+N(Contracts!$Q$7)))<=0,"",IF(N(OFFSET(GanttCalc!$B$5,0,51+N(Contracts!$Q$7)))-N(OFFSET(GanttCalc!$B$5,0,50+N(Contracts!$Q$7)))=1,"R"&OFFSET(GanttCalc!$B$5,0,51+N(Contracts!$Q$7)),"R"&(OFFSET(GanttCalc!$B$5,0,50+N(Contracts!$Q$7))+1)&"-"&OFFSET(GanttCalc!$B$5,0,51+N(Contracts!$Q$7))))) | BD14: =IF($B$14="","",IF(N(OFFSET(GanttCalc!$B$5,0,52+N(Contracts!$Q$7)))-N(OFFSET(GanttCalc!$B$5,0,51+N(Contracts!$Q$7)))<=0,"",IF(N(OFFSET(GanttCalc!$B$5,0,52+N(Contracts!$Q$7)))-N(OFFSET(GanttCalc!$B$5,0,51+N(Contracts!$Q$7)))=1,"R"&OFFSET(GanttCalc!$B$5,0,52+N(Contracts!$Q$7)),"R"&(OFFSET(GanttCalc!$B$5,0,51+N(Contracts!$Q$7))+1)&"-"&OFFSET(GanttCalc!$B$5,0,52+N(Contracts!$Q$7)))))
B15: =IF(Contracts!$A$7="","",Contracts!$C$7) -> 92ERP24545A++ | C15: =IF(Contracts!$A$7="","","AMPS build") -> AMPS build | D15: =IF($B$14="","",SUMPRODUCT(--(E15:BD15<>""))&" wks") -> 0 wks | E15: =IF($B$14="","",IF(N(GanttCalc!D5)-N(GanttCalc!C5)<=0,"",IF(N(GanttCalc!D5)-N(GanttCalc!C5)=1,"R"&GanttCalc!D5,"R"&(GanttCalc!C5+1)&"-"&GanttCalc!D5))) | F15: =IF($B$14="","",IF(N(GanttCalc!E5)-N(GanttCalc!D5)<=0,"",IF(N(GanttCalc!E5)-N(GanttCalc!D5)=1,"R"&GanttCalc!E5,"R"&(GanttCalc!D5+1)&"-"&GanttCalc!E5))) | G15: =IF($B$14="","",IF(N(GanttCalc!F5)-N(GanttCalc!E5)<=0,"",IF(N(GanttCalc!F5)-N(GanttCalc!E5)=1,"R"&GanttCalc!F5,"R"&(GanttCalc!E5+1)&"-"&GanttCalc!F5))) | H15: =IF($B$14="","",IF(N(GanttCalc!G5)-N(GanttCalc!F5)<=0,"",IF(N(GanttCalc!G5)-N(GanttCalc!F5)=1,"R"&GanttCalc!G5,"R"&(GanttCalc!F5+1)&"-"&GanttCalc!G5))) | I15: =IF($B$14="","",IF(N(GanttCalc!H5)-N(GanttCalc!G5)<=0,"",IF(N(GanttCalc!H5)-N(GanttCalc!G5)=1,"R"&GanttCalc!H5,"R"&(GanttCalc!G5+1)&"-"&GanttCalc!H5))) | J15: =IF($B$14="","",IF(N(GanttCalc!I5)-N(GanttCalc!H5)<=0,"",IF(N(GanttCalc!I5)-N(GanttCalc!H5)=1,"R"&GanttCalc!I5,"R"&(GanttCalc!H5+1)&"-"&GanttCalc!I5))) | K15: =IF($B$14="","",IF(N(GanttCalc!J5)-N(GanttCalc!I5)<=0,"",IF(N(GanttCalc!J5)-N(GanttCalc!I5)=1,"R"&GanttCalc!J5,"R"&(GanttCalc!I5+1)&"-"&GanttCalc!J5))) | L15: =IF($B$14="","",IF(N(GanttCalc!K5)-N(GanttCalc!J5)<=0,"",IF(N(GanttCalc!K5)-N(GanttCalc!J5)=1,"R"&GanttCalc!K5,"R"&(GanttCalc!J5+1)&"-"&GanttCalc!K5))) | ... BD15: =IF($B$14="","",IF(N(GanttCalc!BC5)-N(GanttCalc!BB5)<=0,"",IF(N(GanttCalc!BC5)-N(GanttCalc!BB5)=1,"R"&GanttCalc!BC5,"R"&(GanttCalc!BB5+1)&"-"&GanttCalc!BC5)))
B16: =IF(Contracts!$A$7="","",IF(Contracts!$I$7="","no kit list","kitted: "&Contracts!$I$7&" / "&Contracts!$F$7)) -> no kit list | C16: =IF(Contracts!$A$7="","","Final build") -> Final build | D16: =IF($B$14="","",SUMPRODUCT(--(E16:BD16<>""))&" wks") -> 0 wks | E16: =IF($B$14="","",IF(N(GanttCalc!C5)-N(GanttCalc!B5)<=0,"",IF(N(GanttCalc!C5)-N(GanttCalc!B5)=1,"R"&GanttCalc!C5,"R"&(GanttCalc!B5+1)&"-"&GanttCalc!C5))) | F16: =IF($B$14="","",IF(N(GanttCalc!D5)-N(GanttCalc!C5)<=0,"",IF(N(GanttCalc!D5)-N(GanttCalc!C5)=1,"R"&GanttCalc!D5,"R"&(GanttCalc!C5+1)&"-"&GanttCalc!D5))) | G16: =IF($B$14="","",IF(N(GanttCalc!E5)-N(GanttCalc!D5)<=0,"",IF(N(GanttCalc!E5)-N(GanttCalc!D5)=1,"R"&GanttCalc!E5,"R"&(GanttCalc!D5+1)&"-"&GanttCalc!E5))) | H16: =IF($B$14="","",IF(N(GanttCalc!F5)-N(GanttCalc!E5)<=0,"",IF(N(GanttCalc!F5)-N(GanttCalc!E5)=1,"R"&GanttCalc!F5,"R"&(GanttCalc!E5+1)&"-"&GanttCalc!F5))) | I16: =IF($B$14="","",IF(N(GanttCalc!G5)-N(GanttCalc!F5)<=0,"",IF(N(GanttCalc!G5)-N(GanttCalc!F5)=1,"R"&GanttCalc!G5,"R"&(GanttCalc!F5+1)&"-"&GanttCalc!G5))) | J16: =IF($B$14="","",IF(N(GanttCalc!H5)-N(GanttCalc!G5)<=0,"",IF(N(GanttCalc!H5)-N(GanttCalc!G5)=1,"R"&GanttCalc!H5,"R"&(GanttCalc!G5+1)&"-"&GanttCalc!H5))) | K16: =IF($B$14="","",IF(N(GanttCalc!I5)-N(GanttCalc!H5)<=0,"",IF(N(GanttCalc!I5)-N(GanttCalc!H5)=1,"R"&GanttCalc!I5,"R"&(GanttCalc!H5+1)&"-"&GanttCalc!I5))) | L16: =IF($B$14="","",IF(N(GanttCalc!J5)-N(GanttCalc!I5)<=0,"",IF(N(GanttCalc!J5)-N(GanttCalc!I5)=1,"R"&GanttCalc!J5,"R"&(GanttCalc!I5+1)&"-"&GanttCalc!J5))) | ... BD16: =IF($B$14="","",IF(N(GanttCalc!BB5)-N(GanttCalc!BA5)<=0,"",IF(N(GanttCalc!BB5)-N(GanttCalc!BA5)=1,"R"&GanttCalc!BB5,"R"&(GanttCalc!BA5+1)&"-"&GanttCalc!BB5)))
B18: =IF(Contracts!$A$8="","",Contracts!$A$8) -> E2A-R4P-T1-C | C18: =IF(Contracts!$A$8="","","Kit release") -> Kit release | D18: =IF($B$18="","",SUMPRODUCT(--(E18:BD18<>""))&" wks") -> 6 wks | E18: =IF($B$18="","",IF(N(OFFSET(GanttCalc!$B$6,0,1+N(Contracts!$Q$8)))-N(OFFSET(GanttCalc!$B$6,0,0+N(Contracts!$Q$8)))<=0,"",IF(N(OFFSET(GanttCalc!$B$6,0,1+N(Contracts!$Q$8)))-N(OFFSET(GanttCalc!$B$6,0,0+N(Contracts!$Q$8)))=1,"R"&OFFSET(GanttCalc!$B$6,0,1+N(Contracts!$Q$8)),"R"&(OFFSET(GanttCalc!$B$6,0,0+N(Contracts!$Q$8))+1)&"-"&OFFSET(GanttCalc!$B$6,0,1+N(Contracts!$Q$8))))) | F18: =IF($B$18="","",IF(N(OFFSET(GanttCalc!$B$6,0,2+N(Contracts!$Q$8)))-N(OFFSET(GanttCalc!$B$6,0,1+N(Contracts!$Q$8)))<=0,"",IF(N(OFFSET(GanttCalc!$B$6,0,2+N(Contracts!$Q$8)))-N(OFFSET(GanttCalc!$B$6,0,1+N(Contracts!$Q$8)))=1,"R"&OFFSET(GanttCalc!$B$6,0,2+N(Contracts!$Q$8)),"R"&(OFFSET(GanttCalc!$B$6,0,1+N(Contracts!$Q$8))+1)&"-"&OFFSET(GanttCalc!$B$6,0,2+N(Contracts!$Q$8))))) | G18: =IF($B$18="","",IF(N(OFFSET(GanttCalc!$B$6,0,3+N(Contracts!$Q$8)))-N(OFFSET(GanttCalc!$B$6,0,2+N(Contracts!$Q$8)))<=0,"",IF(N(OFFSET(GanttCalc!$B$6,0,3+N(Contracts!$Q$8)))-N(OFFSET(GanttCalc!$B$6,0,2+N(Contracts!$Q$8)))=1,"R"&OFFSET(GanttCalc!$B$6,0,3+N(Contracts!$Q$8)),"R"&(OFFSET(GanttCalc!$B$6,0,2+N(Contracts!$Q$8))+1)&"-"&OFFSET(GanttCalc!$B$6,0,3+N(Contracts!$Q$8))))) | H18: =IF($B$18="","",IF(N(OFFSET(GanttCalc!$B$6,0,4+N(Contracts!$Q$8)))-N(OFFSET(GanttCalc!$B$6,0,3+N(Contracts!$Q$8)))<=0,"",IF(N(OFFSET(GanttCalc!$B$6,0,4+N(Contracts!$Q$8)))-N(OFFSET(GanttCalc!$B$6,0,3+N(Contracts!$Q$8)))=1,"R"&OFFSET(GanttCalc!$B$6,0,4+N(Contracts!$Q$8)),"R"&(OFFSET(GanttCalc!$B$6,0,3+N(Contracts!$Q$8))+1)&"-"&OFFSET(GanttCalc!$B$6,0,4+N(Contracts!$Q$8))))) | I18: =IF($B$18="","",IF(N(OFFSET(GanttCalc!$B$6,0,5+N(Contracts!$Q$8)))-N(OFFSET(GanttCalc!$B$6,0,4+N(Contracts!$Q$8)))<=0,"",IF(N(OFFSET(GanttCalc!$B$6,0,5+N(Contracts!$Q$8)))-N(OFFSET(GanttCalc!$B$6,0,4+N(Contracts!$Q$8)))=1,"R"&OFFSET(GanttCalc!$B$6,0,5+N(Contracts!$Q$8)),"R"&(OFFSET(GanttCalc!$B$6,0,4+N(Contracts!$Q$8))+1)&"-"&OFFSET(GanttCalc!$B$6,0,5+N(Contracts!$Q$8))))) | J18: =IF($B$18="","",IF(N(OFFSET(GanttCalc!$B$6,0,6+N(Contracts!$Q$8)))-N(OFFSET(GanttCalc!$B$6,0,5+N(Contracts!$Q$8)))<=0,"",IF(N(OFFSET(GanttCalc!$B$6,0,6+N(Contracts!$Q$8)))-N(OFFSET(GanttCalc!$B$6,0,5+N(Contracts!$Q$8)))=1,"R"&OFFSET(GanttCalc!$B$6,0,6+N(Contracts!$Q$8)),"R"&(OFFSET(GanttCalc!$B$6,0,5+N(Contracts!$Q$8))+1)&"-"&OFFSET(GanttCalc!$B$6,0,6+N(Contracts!$Q$8))))) | K18: =IF($B$18="","",IF(N(OFFSET(GanttCalc!$B$6,0,7+N(Contracts!$Q$8)))-N(OFFSET(GanttCalc!$B$6,0,6+N(Contracts!$Q$8)))<=0,"",IF(N(OFFSET(GanttCalc!$B$6,0,7+N(Contracts!$Q$8)))-N(OFFSET(GanttCalc!$B$6,0,6+N(Contracts!$Q$8)))=1,"R"&OFFSET(GanttCalc!$B$6,0,7+N(Contracts!$Q$8)),"R"&(OFFSET(GanttCalc!$B$6,0,6+N(Contracts!$Q$8))+1)&"-"&OFFSET(GanttCalc!$B$6,0,7+N(Contracts!$Q$8))))) | L18: =IF($B$18="","",IF(N(OFFSET(GanttCalc!$B$6,0,8+N(Contracts!$Q$8)))-N(OFFSET(GanttCalc!$B$6,0,7+N(Contracts!$Q$8)))<=0,"",IF(N(OFFSET(GanttCalc!$B$6,0,8+N(Contracts!$Q$8)))-N(OFFSET(GanttCalc!$B$6,0,7+N(Contracts!$Q$8)))=1,"R"&OFFSET(GanttCalc!$B$6,0,8+N(Contracts!$Q$8)),"R"&(OFFSET(GanttCalc!$B$6,0,7+N(Contracts!$Q$8))+1)&"-"&OFFSET(GanttCalc!$B$6,0,8+N(Contracts!$Q$8))))) | M18: =IF($B$18="","",IF(N(OFFSET(GanttCalc!$B$6,0,9+N(Contracts!$Q$8)))-N(OFFSET(GanttCalc!$B$6,0,8+N(Contracts!$Q$8)))<=0,"",IF(N(OFFSET(GanttCalc!$B$6,0,9+N(Contracts!$Q$8)))-N(OFFSET(GanttCalc!$B$6,0,8+N(Contracts!$Q$8)))=1,"R"&OFFSET(GanttCalc!$B$6,0,9+N(Contracts!$Q$8)),"R"&(OFFSET(GanttCalc!$B$6,0,8+N(Contracts!$Q$8))+1)&"-"&OFFSET(GanttCalc!$B$6,0,9+N(Contracts!$Q$8))))) | N18: =IF($B$18="","",IF(N(OFFSET(GanttCalc!$B$6,0,10+N(Contracts!$Q$8)))-N(OFFSET(GanttCalc!$B$6,0,9+N(Contracts!$Q$8)))<=0,"",IF(N(OFFSET(GanttCalc!$B$6,0,10+N(Contracts!$Q$8)))-N(OFFSET(GanttCalc!$B$6,0,9+N(Contracts!$Q$8)))=1,"R"&OFFSET(GanttCalc!$B$6,0,10+N(Contracts!$Q$8)),"R"&(OFFSET(GanttCalc!$B$6,0,9+N(Contracts!$Q$8))+1)&"-"&OFFSET(GanttCalc!$B$6,0,10+N(Contracts!$Q$8))))) -> R1-5 | O18: =IF($B$18="","",IF(N(OFFSET(GanttCalc!$B$6,0,11+N(Contracts!$Q$8)))-N(OFFSET(GanttCalc!$B$6,0,10+N(Contracts!$Q$8)))<=0,"",IF(N(OFFSET(GanttCalc!$B$6,0,11+N(Contracts!$Q$8)))-N(OFFSET(GanttCalc!$B$6,0,10+N(Contracts!$Q$8)))=1,"R"&OFFSET(GanttCalc!$B$6,0,11+N(Contracts!$Q$8)),"R"&(OFFSET(GanttCalc!$B$6,0,10+N(Contracts!$Q$8))+1)&"-"&OFFSET(GanttCalc!$B$6,0,11+N(Contracts!$Q$8))))) -> R6-11 | P18: =IF($B$18="","",IF(N(OFFSET(GanttCalc!$B$6,0,12+N(Contracts!$Q$8)))-N(OFFSET(GanttCalc!$B$6,0,11+N(Contracts!$Q$8)))<=0,"",IF(N(OFFSET(GanttCalc!$B$6,0,12+N(Contracts!$Q$8)))-N(OFFSET(GanttCalc!$B$6,0,11+N(Contracts!$Q$8)))=1,"R"&OFFSET(GanttCalc!$B$6,0,12+N(Contracts!$Q$8)),"R"&(OFFSET(GanttCalc!$B$6,0,11+N(Contracts!$Q$8))+1)&"-"&OFFSET(GanttCalc!$B$6,0,12+N(Contracts!$Q$8))))) -> R12 | Q18: =IF($B$18="","",IF(N(OFFSET(GanttCalc!$B$6,0,13+N(Contracts!$Q$8)))-N(OFFSET(GanttCalc!$B$6,0,12+N(Contracts!$Q$8)))<=0,"",IF(N(OFFSET(GanttCalc!$B$6,0,13+N(Contracts!$Q$8)))-N(OFFSET(GanttCalc!$B$6,0,12+N(Contracts!$Q$8)))=1,"R"&OFFSET(GanttCalc!$B$6,0,13+N(Contracts!$Q$8)),"R"&(OFFSET(GanttCalc!$B$6,0,12+N(Contracts!$Q$8))+1)&"-"&OFFSET(GanttCalc!$B$6,0,13+N(Contracts!$Q$8))))) -> R13-20 | R18: =IF($B$18="","",IF(N(OFFSET(GanttCalc!$B$6,0,14+N(Contracts!$Q$8)))-N(OFFSET(GanttCalc!$B$6,0,13+N(Contracts!$Q$8)))<=0,"",IF(N(OFFSET(GanttCalc!$B$6,0,14+N(Contracts!$Q$8)))-N(OFFSET(GanttCalc!$B$6,0,13+N(Contracts!$Q$8)))=1,"R"&OFFSET(GanttCalc!$B$6,0,14+N(Contracts!$Q$8)),"R"&(OFFSET(GanttCalc!$B$6,0,13+N(Contracts!$Q$8))+1)&"-"&OFFSET(GanttCalc!$B$6,0,14+N(Contracts!$Q$8))))) -> R21-28 | S18: =IF($B$18="","",IF(N(OFFSET(GanttCalc!$B$6,0,15+N(Contracts!$Q$8)))-N(OFFSET(GanttCalc!$B$6,0,14+N(Contracts!$Q$8)))<=0,"",IF(N(OFFSET(GanttCalc!$B$6,0,15+N(Contracts!$Q$8)))-N(OFFSET(GanttCalc!$B$6,0,14+N(Contracts!$Q$8)))=1,"R"&OFFSET(GanttCalc!$B$6,0,15+N(Contracts!$Q$8)),"R"&(OFFSET(GanttCalc!$B$6,0,14+N(Contracts!$Q$8))+1)&"-"&OFFSET(GanttCalc!$B$6,0,15+N(Contracts!$Q$8))))) | T18: =IF($B$18="","",IF(N(OFFSET(GanttCalc!$B$6,0,16+N(Contracts!$Q$8)))-N(OFFSET(GanttCalc!$B$6,0,15+N(Contracts!$Q$8)))<=0,"",IF(N(OFFSET(GanttCalc!$B$6,0,16+N(Contracts!$Q$8)))-N(OFFSET(GanttCalc!$B$6,0,15+N(Contracts!$Q$8)))=1,"R"&OFFSET(GanttCalc!$B$6,0,16+N(Contracts!$Q$8)),"R"&(OFFSET(GanttCalc!$B$6,0,15+N(Contracts!$Q$8))+1)&"-"&OFFSET(GanttCalc!$B$6,0,16+N(Contracts!$Q$8))))) | U18: =IF($B$18="","",IF(N(OFFSET(GanttCalc!$B$6,0,17+N(Contracts!$Q$8)))-N(OFFSET(GanttCalc!$B$6,0,16+N(Contracts!$Q$8)))<=0,"",IF(N(OFFSET(GanttCalc!$B$6,0,17+N(Contracts!$Q$8)))-N(OFFSET(GanttCalc!$B$6,0,16+N(Contracts!$Q$8)))=1,"R"&OFFSET(GanttCalc!$B$6,0,17+N(Contracts!$Q$8)),"R"&(OFFSET(GanttCalc!$B$6,0,16+N(Contracts!$Q$8))+1)&"-"&OFFSET(GanttCalc!$B$6,0,17+N(Contracts!$Q$8))))) | V18: =IF($B$18="","",IF(N(OFFSET(GanttCalc!$B$6,0,18+N(Contracts!$Q$8)))-N(OFFSET(GanttCalc!$B$6,0,17+N(Contracts!$Q$8)))<=0,"",IF(N(OFFSET(GanttCalc!$B$6,0,18+N(Contracts!$Q$8)))-N(OFFSET(GanttCalc!$B$6,0,17+N(Contracts!$Q$8)))=1,"R"&OFFSET(GanttCalc!$B$6,0,18+N(Contracts!$Q$8)),"R"&(OFFSET(GanttCalc!$B$6,0,17+N(Contracts!$Q$8))+1)&"-"&OFFSET(GanttCalc!$B$6,0,18+N(Contracts!$Q$8))))) | W18: =IF($B$18="","",IF(N(OFFSET(GanttCalc!$B$6,0,19+N(Contracts!$Q$8)))-N(OFFSET(GanttCalc!$B$6,0,18+N(Contracts!$Q$8)))<=0,"",IF(N(OFFSET(GanttCalc!$B$6,0,19+N(Contracts!$Q$8)))-N(OFFSET(GanttCalc!$B$6,0,18+N(Contracts!$Q$8)))=1,"R"&OFFSET(GanttCalc!$B$6,0,19+N(Contracts!$Q$8)),"R"&(OFFSET(GanttCalc!$B$6,0,18+N(Contracts!$Q$8))+1)&"-"&OFFSET(GanttCalc!$B$6,0,19+N(Contracts!$Q$8))))) | X18: =IF($B$18="","",IF(N(OFFSET(GanttCalc!$B$6,0,20+N(Contracts!$Q$8)))-N(OFFSET(GanttCalc!$B$6,0,19+N(Contracts!$Q$8)))<=0,"",IF(N(OFFSET(GanttCalc!$B$6,0,20+N(Contracts!$Q$8)))-N(OFFSET(GanttCalc!$B$6,0,19+N(Contracts!$Q$8)))=1,"R"&OFFSET(GanttCalc!$B$6,0,20+N(Contracts!$Q$8)),"R"&(OFFSET(GanttCalc!$B$6,0,19+N(Contracts!$Q$8))+1)&"-"&OFFSET(GanttCalc!$B$6,0,20+N(Contracts!$Q$8))))) | Y18: =IF($B$18="","",IF(N(OFFSET(GanttCalc!$B$6,0,21+N(Contracts!$Q$8)))-N(OFFSET(GanttCalc!$B$6,0,20+N(Contracts!$Q$8)))<=0,"",IF(N(OFFSET(GanttCalc!$B$6,0,21+N(Contracts!$Q$8)))-N(OFFSET(GanttCalc!$B$6,0,20+N(Contracts!$Q$8)))=1,"R"&OFFSET(GanttCalc!$B$6,0,21+N(Contracts!$Q$8)),"R"&(OFFSET(GanttCalc!$B$6,0,20+N(Contracts!$Q$8))+1)&"-"&OFFSET(GanttCalc!$B$6,0,21+N(Contracts!$Q$8))))) -> R29-39 | Z18: =IF($B$18="","",IF(N(OFFSET(GanttCalc!$B$6,0,22+N(Contracts!$Q$8)))-N(OFFSET(GanttCalc!$B$6,0,21+N(Contracts!$Q$8)))<=0,"",IF(N(OFFSET(GanttCalc!$B$6,0,22+N(Contracts!$Q$8)))-N(OFFSET(GanttCalc!$B$6,0,21+N(Contracts!$Q$8)))=1,"R"&OFFSET(GanttCalc!$B$6,0,22+N(Contracts!$Q$8)),"R"&(OFFSET(GanttCalc!$B$6,0,21+N(Contracts!$Q$8))+1)&"-"&OFFSET(GanttCalc!$B$6,0,22+N(Contracts!$Q$8))))) | AA18: =IF($B$18="","",IF(N(OFFSET(GanttCalc!$B$6,0,23+N(Contracts!$Q$8)))-N(OFFSET(GanttCalc!$B$6,0,22+N(Contracts!$Q$8)))<=0,"",IF(N(OFFSET(GanttCalc!$B$6,0,23+N(Contracts!$Q$8)))-N(OFFSET(GanttCalc!$B$6,0,22+N(Contracts!$Q$8)))=1,"R"&OFFSET(GanttCalc!$B$6,0,23+N(Contracts!$Q$8)),"R"&(OFFSET(GanttCalc!$B$6,0,22+N(Contracts!$Q$8))+1)&"-"&OFFSET(GanttCalc!$B$6,0,23+N(Contracts!$Q$8))))) | AB18: =IF($B$18="","",IF(N(OFFSET(GanttCalc!$B$6,0,24+N(Contracts!$Q$8)))-N(OFFSET(GanttCalc!$B$6,0,23+N(Contracts!$Q$8)))<=0,"",IF(N(OFFSET(GanttCalc!$B$6,0,24+N(Contracts!$Q$8)))-N(OFFSET(GanttCalc!$B$6,0,23+N(Contracts!$Q$8)))=1,"R"&OFFSET(GanttCalc!$B$6,0,24+N(Contracts!$Q$8)),"R"&(OFFSET(GanttCalc!$B$6,0,23+N(Contracts!$Q$8))+1)&"-"&OFFSET(GanttCalc!$B$6,0,24+N(Contracts!$Q$8))))) | AC18: =IF($B$18="","",IF(N(OFFSET(GanttCalc!$B$6,0,25+N(Contracts!$Q$8)))-N(OFFSET(GanttCalc!$B$6,0,24+N(Contracts!$Q$8)))<=0,"",IF(N(OFFSET(GanttCalc!$B$6,0,25+N(Contracts!$Q$8)))-N(OFFSET(GanttCalc!$B$6,0,24+N(Contracts!$Q$8)))=1,"R"&OFFSET(GanttCalc!$B$6,0,25+N(Contracts!$Q$8)),"R"&(OFFSET(GanttCalc!$B$6,0,24+N(Contracts!$Q$8))+1)&"-"&OFFSET(GanttCalc!$B$6,0,25+N(Contracts!$Q$8))))) | AD18: =IF($B$18="","",IF(N(OFFSET(GanttCalc!$B$6,0,26+N(Contracts!$Q$8)))-N(OFFSET(GanttCalc!$B$6,0,25+N(Contracts!$Q$8)))<=0,"",IF(N(OFFSET(GanttCalc!$B$6,0,26+N(Contracts!$Q$8)))-N(OFFSET(GanttCalc!$B$6,0,25+N(Contracts!$Q$8)))=1,"R"&OFFSET(GanttCalc!$B$6,0,26+N(Contracts!$Q$8)),"R"&(OFFSET(GanttCalc!$B$6,0,25+N(Contracts!$Q$8))+1)&"-"&OFFSET(GanttCalc!$B$6,0,26+N(Contracts!$Q$8))))) | AE18: =IF($B$18="","",IF(N(OFFSET(GanttCalc!$B$6,0,27+N(Contracts!$Q$8)))-N(OFFSET(GanttCalc!$B$6,0,26+N(Contracts!$Q$8)))<=0,"",IF(N(OFFSET(GanttCalc!$B$6,0,27+N(Contracts!$Q$8)))-N(OFFSET(GanttCalc!$B$6,0,26+N(Contracts!$Q$8)))=1,"R"&OFFSET(GanttCalc!$B$6,0,27+N(Contracts!$Q$8)),"R"&(OFFSET(GanttCalc!$B$6,0,26+N(Contracts!$Q$8))+1)&"-"&OFFSET(GanttCalc!$B$6,0,27+N(Contracts!$Q$8))))) | AF18: =IF($B$18="","",IF(N(OFFSET(GanttCalc!$B$6,0,28+N(Contracts!$Q$8)))-N(OFFSET(GanttCalc!$B$6,0,27+N(Contracts!$Q$8)))<=0,"",IF(N(OFFSET(GanttCalc!$B$6,0,28+N(Contracts!$Q$8)))-N(OFFSET(GanttCalc!$B$6,0,27+N(Contracts!$Q$8)))=1,"R"&OFFSET(GanttCalc!$B$6,0,28+N(Contracts!$Q$8)),"R"&(OFFSET(GanttCalc!$B$6,0,27+N(Contracts!$Q$8))+1)&"-"&OFFSET(GanttCalc!$B$6,0,28+N(Contracts!$Q$8))))) | AG18: =IF($B$18="","",IF(N(OFFSET(GanttCalc!$B$6,0,29+N(Contracts!$Q$8)))-N(OFFSET(GanttCalc!$B$6,0,28+N(Contracts!$Q$8)))<=0,"",IF(N(OFFSET(GanttCalc!$B$6,0,29+N(Contracts!$Q$8)))-N(OFFSET(GanttCalc!$B$6,0,28+N(Contracts!$Q$8)))=1,"R"&OFFSET(GanttCalc!$B$6,0,29+N(Contracts!$Q$8)),"R"&(OFFSET(GanttCalc!$B$6,0,28+N(Contracts!$Q$8))+1)&"-"&OFFSET(GanttCalc!$B$6,0,29+N(Contracts!$Q$8))))) | AH18: =IF($B$18="","",IF(N(OFFSET(GanttCalc!$B$6,0,30+N(Contracts!$Q$8)))-N(OFFSET(GanttCalc!$B$6,0,29+N(Contracts!$Q$8)))<=0,"",IF(N(OFFSET(GanttCalc!$B$6,0,30+N(Contracts!$Q$8)))-N(OFFSET(GanttCalc!$B$6,0,29+N(Contracts!$Q$8)))=1,"R"&OFFSET(GanttCalc!$B$6,0,30+N(Contracts!$Q$8)),"R"&(OFFSET(GanttCalc!$B$6,0,29+N(Contracts!$Q$8))+1)&"-"&OFFSET(GanttCalc!$B$6,0,30+N(Contracts!$Q$8))))) | AI18: =IF($B$18="","",IF(N(OFFSET(GanttCalc!$B$6,0,31+N(Contracts!$Q$8)))-N(OFFSET(GanttCalc!$B$6,0,30+N(Contracts!$Q$8)))<=0,"",IF(N(OFFSET(GanttCalc!$B$6,0,31+N(Contracts!$Q$8)))-N(OFFSET(GanttCalc!$B$6,0,30+N(Contracts!$Q$8)))=1,"R"&OFFSET(GanttCalc!$B$6,0,31+N(Contracts!$Q$8)),"R"&(OFFSET(GanttCalc!$B$6,0,30+N(Contracts!$Q$8))+1)&"-"&OFFSET(GanttCalc!$B$6,0,31+N(Contracts!$Q$8))))) | AJ18: =IF($B$18="","",IF(N(OFFSET(GanttCalc!$B$6,0,32+N(Contracts!$Q$8)))-N(OFFSET(GanttCalc!$B$6,0,31+N(Contracts!$Q$8)))<=0,"",IF(N(OFFSET(GanttCalc!$B$6,0,32+N(Contracts!$Q$8)))-N(OFFSET(GanttCalc!$B$6,0,31+N(Contracts!$Q$8)))=1,"R"&OFFSET(GanttCalc!$B$6,0,32+N(Contracts!$Q$8)),"R"&(OFFSET(GanttCalc!$B$6,0,31+N(Contracts!$Q$8))+1)&"-"&OFFSET(GanttCalc!$B$6,0,32+N(Contracts!$Q$8))))) | AK18: =IF($B$18="","",IF(N(OFFSET(GanttCalc!$B$6,0,33+N(Contracts!$Q$8)))-N(OFFSET(GanttCalc!$B$6,0,32+N(Contracts!$Q$8)))<=0,"",IF(N(OFFSET(GanttCalc!$B$6,0,33+N(Contracts!$Q$8)))-N(OFFSET(GanttCalc!$B$6,0,32+N(Contracts!$Q$8)))=1,"R"&OFFSET(GanttCalc!$B$6,0,33+N(Contracts!$Q$8)),"R"&(OFFSET(GanttCalc!$B$6,0,32+N(Contracts!$Q$8))+1)&"-"&OFFSET(GanttCalc!$B$6,0,33+N(Contracts!$Q$8))))) | AL18: =IF($B$18="","",IF(N(OFFSET(GanttCalc!$B$6,0,34+N(Contracts!$Q$8)))-N(OFFSET(GanttCalc!$B$6,0,33+N(Contracts!$Q$8)))<=0,"",IF(N(OFFSET(GanttCalc!$B$6,0,34+N(Contracts!$Q$8)))-N(OFFSET(GanttCalc!$B$6,0,33+N(Contracts!$Q$8)))=1,"R"&OFFSET(GanttCalc!$B$6,0,34+N(Contracts!$Q$8)),"R"&(OFFSET(GanttCalc!$B$6,0,33+N(Contracts!$Q$8))+1)&"-"&OFFSET(GanttCalc!$B$6,0,34+N(Contracts!$Q$8))))) | AM18: =IF($B$18="","",IF(N(OFFSET(GanttCalc!$B$6,0,35+N(Contracts!$Q$8)))-N(OFFSET(GanttCalc!$B$6,0,34+N(Contracts!$Q$8)))<=0,"",IF(N(OFFSET(GanttCalc!$B$6,0,35+N(Contracts!$Q$8)))-N(OFFSET(GanttCalc!$B$6,0,34+N(Contracts!$Q$8)))=1,"R"&OFFSET(GanttCalc!$B$6,0,35+N(Contracts!$Q$8)),"R"&(OFFSET(GanttCalc!$B$6,0,34+N(Contracts!$Q$8))+1)&"-"&OFFSET(GanttCalc!$B$6,0,35+N(Contracts!$Q$8))))) | AN18: =IF($B$18="","",IF(N(OFFSET(GanttCalc!$B$6,0,36+N(Contracts!$Q$8)))-N(OFFSET(GanttCalc!$B$6,0,35+N(Contracts!$Q$8)))<=0,"",IF(N(OFFSET(GanttCalc!$B$6,0,36+N(Contracts!$Q$8)))-N(OFFSET(GanttCalc!$B$6,0,35+N(Contracts!$Q$8)))=1,"R"&OFFSET(GanttCalc!$B$6,0,36+N(Contracts!$Q$8)),"R"&(OFFSET(GanttCalc!$B$6,0,35+N(Contracts!$Q$8))+1)&"-"&OFFSET(GanttCalc!$B$6,0,36+N(Contracts!$Q$8))))) | AO18: =IF($B$18="","",IF(N(OFFSET(GanttCalc!$B$6,0,37+N(Contracts!$Q$8)))-N(OFFSET(GanttCalc!$B$6,0,36+N(Contracts!$Q$8)))<=0,"",IF(N(OFFSET(GanttCalc!$B$6,0,37+N(Contracts!$Q$8)))-N(OFFSET(GanttCalc!$B$6,0,36+N(Contracts!$Q$8)))=1,"R"&OFFSET(GanttCalc!$B$6,0,37+N(Contracts!$Q$8)),"R"&(OFFSET(GanttCalc!$B$6,0,36+N(Contracts!$Q$8))+1)&"-"&OFFSET(GanttCalc!$B$6,0,37+N(Contracts!$Q$8))))) | AP18: =IF($B$18="","",IF(N(OFFSET(GanttCalc!$B$6,0,38+N(Contracts!$Q$8)))-N(OFFSET(GanttCalc!$B$6,0,37+N(Contracts!$Q$8)))<=0,"",IF(N(OFFSET(GanttCalc!$B$6,0,38+N(Contracts!$Q$8)))-N(OFFSET(GanttCalc!$B$6,0,37+N(Contracts!$Q$8)))=1,"R"&OFFSET(GanttCalc!$B$6,0,38+N(Contracts!$Q$8)),"R"&(OFFSET(GanttCalc!$B$6,0,37+N(Contracts!$Q$8))+1)&"-"&OFFSET(GanttCalc!$B$6,0,38+N(Contracts!$Q$8))))) | AQ18: =IF($B$18="","",IF(N(OFFSET(GanttCalc!$B$6,0,39+N(Contracts!$Q$8)))-N(OFFSET(GanttCalc!$B$6,0,38+N(Contracts!$Q$8)))<=0,"",IF(N(OFFSET(GanttCalc!$B$6,0,39+N(Contracts!$Q$8)))-N(OFFSET(GanttCalc!$B$6,0,38+N(Contracts!$Q$8)))=1,"R"&OFFSET(GanttCalc!$B$6,0,39+N(Contracts!$Q$8)),"R"&(OFFSET(GanttCalc!$B$6,0,38+N(Contracts!$Q$8))+1)&"-"&OFFSET(GanttCalc!$B$6,0,39+N(Contracts!$Q$8))))) | AR18: =IF($B$18="","",IF(N(OFFSET(GanttCalc!$B$6,0,40+N(Contracts!$Q$8)))-N(OFFSET(GanttCalc!$B$6,0,39+N(Contracts!$Q$8)))<=0,"",IF(N(OFFSET(GanttCalc!$B$6,0,40+N(Contracts!$Q$8)))-N(OFFSET(GanttCalc!$B$6,0,39+N(Contracts!$Q$8)))=1,"R"&OFFSET(GanttCalc!$B$6,0,40+N(Contracts!$Q$8)),"R"&(OFFSET(GanttCalc!$B$6,0,39+N(Contracts!$Q$8))+1)&"-"&OFFSET(GanttCalc!$B$6,0,40+N(Contracts!$Q$8))))) | AS18: =IF($B$18="","",IF(N(OFFSET(GanttCalc!$B$6,0,41+N(Contracts!$Q$8)))-N(OFFSET(GanttCalc!$B$6,0,40+N(Contracts!$Q$8)))<=0,"",IF(N(OFFSET(GanttCalc!$B$6,0,41+N(Contracts!$Q$8)))-N(OFFSET(GanttCalc!$B$6,0,40+N(Contracts!$Q$8)))=1,"R"&OFFSET(GanttCalc!$B$6,0,41+N(Contracts!$Q$8)),"R"&(OFFSET(GanttCalc!$B$6,0,40+N(Contracts!$Q$8))+1)&"-"&OFFSET(GanttCalc!$B$6,0,41+N(Contracts!$Q$8))))) | AT18: =IF($B$18="","",IF(N(OFFSET(GanttCalc!$B$6,0,42+N(Contracts!$Q$8)))-N(OFFSET(GanttCalc!$B$6,0,41+N(Contracts!$Q$8)))<=0,"",IF(N(OFFSET(GanttCalc!$B$6,0,42+N(Contracts!$Q$8)))-N(OFFSET(GanttCalc!$B$6,0,41+N(Contracts!$Q$8)))=1,"R"&OFFSET(GanttCalc!$B$6,0,42+N(Contracts!$Q$8)),"R"&(OFFSET(GanttCalc!$B$6,0,41+N(Contracts!$Q$8))+1)&"-"&OFFSET(GanttCalc!$B$6,0,42+N(Contracts!$Q$8))))) | AU18: =IF($B$18="","",IF(N(OFFSET(GanttCalc!$B$6,0,43+N(Contracts!$Q$8)))-N(OFFSET(GanttCalc!$B$6,0,42+N(Contracts!$Q$8)))<=0,"",IF(N(OFFSET(GanttCalc!$B$6,0,43+N(Contracts!$Q$8)))-N(OFFSET(GanttCalc!$B$6,0,42+N(Contracts!$Q$8)))=1,"R"&OFFSET(GanttCalc!$B$6,0,43+N(Contracts!$Q$8)),"R"&(OFFSET(GanttCalc!$B$6,0,42+N(Contracts!$Q$8))+1)&"-"&OFFSET(GanttCalc!$B$6,0,43+N(Contracts!$Q$8))))) | AV18: =IF($B$18="","",IF(N(OFFSET(GanttCalc!$B$6,0,44+N(Contracts!$Q$8)))-N(OFFSET(GanttCalc!$B$6,0,43+N(Contracts!$Q$8)))<=0,"",IF(N(OFFSET(GanttCalc!$B$6,0,44+N(Contracts!$Q$8)))-N(OFFSET(GanttCalc!$B$6,0,43+N(Contracts!$Q$8)))=1,"R"&OFFSET(GanttCalc!$B$6,0,44+N(Contracts!$Q$8)),"R"&(OFFSET(GanttCalc!$B$6,0,43+N(Contracts!$Q$8))+1)&"-"&OFFSET(GanttCalc!$B$6,0,44+N(Contracts!$Q$8))))) | AW18: =IF($B$18="","",IF(N(OFFSET(GanttCalc!$B$6,0,45+N(Contracts!$Q$8)))-N(OFFSET(GanttCalc!$B$6,0,44+N(Contracts!$Q$8)))<=0,"",IF(N(OFFSET(GanttCalc!$B$6,0,45+N(Contracts!$Q$8)))-N(OFFSET(GanttCalc!$B$6,0,44+N(Contracts!$Q$8)))=1,"R"&OFFSET(GanttCalc!$B$6,0,45+N(Contracts!$Q$8)),"R"&(OFFSET(GanttCalc!$B$6,0,44+N(Contracts!$Q$8))+1)&"-"&OFFSET(GanttCalc!$B$6,0,45+N(Contracts!$Q$8))))) | AX18: =IF($B$18="","",IF(N(OFFSET(GanttCalc!$B$6,0,46+N(Contracts!$Q$8)))-N(OFFSET(GanttCalc!$B$6,0,45+N(Contracts!$Q$8)))<=0,"",IF(N(OFFSET(GanttCalc!$B$6,0,46+N(Contracts!$Q$8)))-N(OFFSET(GanttCalc!$B$6,0,45+N(Contracts!$Q$8)))=1,"R"&OFFSET(GanttCalc!$B$6,0,46+N(Contracts!$Q$8)),"R"&(OFFSET(GanttCalc!$B$6,0,45+N(Contracts!$Q$8))+1)&"-"&OFFSET(GanttCalc!$B$6,0,46+N(Contracts!$Q$8))))) | AY18: =IF($B$18="","",IF(N(OFFSET(GanttCalc!$B$6,0,47+N(Contracts!$Q$8)))-N(OFFSET(GanttCalc!$B$6,0,46+N(Contracts!$Q$8)))<=0,"",IF(N(OFFSET(GanttCalc!$B$6,0,47+N(Contracts!$Q$8)))-N(OFFSET(GanttCalc!$B$6,0,46+N(Contracts!$Q$8)))=1,"R"&OFFSET(GanttCalc!$B$6,0,47+N(Contracts!$Q$8)),"R"&(OFFSET(GanttCalc!$B$6,0,46+N(Contracts!$Q$8))+1)&"-"&OFFSET(GanttCalc!$B$6,0,47+N(Contracts!$Q$8))))) | AZ18: =IF($B$18="","",IF(N(OFFSET(GanttCalc!$B$6,0,48+N(Contracts!$Q$8)))-N(OFFSET(GanttCalc!$B$6,0,47+N(Contracts!$Q$8)))<=0,"",IF(N(OFFSET(GanttCalc!$B$6,0,48+N(Contracts!$Q$8)))-N(OFFSET(GanttCalc!$B$6,0,47+N(Contracts!$Q$8)))=1,"R"&OFFSET(GanttCalc!$B$6,0,48+N(Contracts!$Q$8)),"R"&(OFFSET(GanttCalc!$B$6,0,47+N(Contracts!$Q$8))+1)&"-"&OFFSET(GanttCalc!$B$6,0,48+N(Contracts!$Q$8))))) | BA18: =IF($B$18="","",IF(N(OFFSET(GanttCalc!$B$6,0,49+N(Contracts!$Q$8)))-N(OFFSET(GanttCalc!$B$6,0,48+N(Contracts!$Q$8)))<=0,"",IF(N(OFFSET(GanttCalc!$B$6,0,49+N(Contracts!$Q$8)))-N(OFFSET(GanttCalc!$B$6,0,48+N(Contracts!$Q$8)))=1,"R"&OFFSET(GanttCalc!$B$6,0,49+N(Contracts!$Q$8)),"R"&(OFFSET(GanttCalc!$B$6,0,48+N(Contracts!$Q$8))+1)&"-"&OFFSET(GanttCalc!$B$6,0,49+N(Contracts!$Q$8))))) | BB18: =IF($B$18="","",IF(N(OFFSET(GanttCalc!$B$6,0,50+N(Contracts!$Q$8)))-N(OFFSET(GanttCalc!$B$6,0,49+N(Contracts!$Q$8)))<=0,"",IF(N(OFFSET(GanttCalc!$B$6,0,50+N(Contracts!$Q$8)))-N(OFFSET(GanttCalc!$B$6,0,49+N(Contracts!$Q$8)))=1,"R"&OFFSET(GanttCalc!$B$6,0,50+N(Contracts!$Q$8)),"R"&(OFFSET(GanttCalc!$B$6,0,49+N(Contracts!$Q$8))+1)&"-"&OFFSET(GanttCalc!$B$6,0,50+N(Contracts!$Q$8))))) | BC18: =IF($B$18="","",IF(N(OFFSET(GanttCalc!$B$6,0,51+N(Contracts!$Q$8)))-N(OFFSET(GanttCalc!$B$6,0,50+N(Contracts!$Q$8)))<=0,"",IF(N(OFFSET(GanttCalc!$B$6,0,51+N(Contracts!$Q$8)))-N(OFFSET(GanttCalc!$B$6,0,50+N(Contracts!$Q$8)))=1,"R"&OFFSET(GanttCalc!$B$6,0,51+N(Contracts!$Q$8)),"R"&(OFFSET(GanttCalc!$B$6,0,50+N(Contracts!$Q$8))+1)&"-"&OFFSET(GanttCalc!$B$6,0,51+N(Contracts!$Q$8))))) | BD18: =IF($B$18="","",IF(N(OFFSET(GanttCalc!$B$6,0,52+N(Contracts!$Q$8)))-N(OFFSET(GanttCalc!$B$6,0,51+N(Contracts!$Q$8)))<=0,"",IF(N(OFFSET(GanttCalc!$B$6,0,52+N(Contracts!$Q$8)))-N(OFFSET(GanttCalc!$B$6,0,51+N(Contracts!$Q$8)))=1,"R"&OFFSET(GanttCalc!$B$6,0,52+N(Contracts!$Q$8)),"R"&(OFFSET(GanttCalc!$B$6,0,51+N(Contracts!$Q$8))+1)&"-"&OFFSET(GanttCalc!$B$6,0,52+N(Contracts!$Q$8)))))
B19: =IF(Contracts!$A$8="","",Contracts!$C$8) -> 92ERP04548A++ | C19: =IF(Contracts!$A$8="","","AMPS build") -> AMPS build | D19: =IF($B$18="","",SUMPRODUCT(--(E19:BD19<>""))&" wks") -> 6 wks | E19: =IF($B$18="","",IF(N(GanttCalc!D6)-N(GanttCalc!C6)<=0,"",IF(N(GanttCalc!D6)-N(GanttCalc!C6)=1,"R"&GanttCalc!D6,"R"&(GanttCalc!C6+1)&"-"&GanttCalc!D6))) | F19: =IF($B$18="","",IF(N(GanttCalc!E6)-N(GanttCalc!D6)<=0,"",IF(N(GanttCalc!E6)-N(GanttCalc!D6)=1,"R"&GanttCalc!E6,"R"&(GanttCalc!D6+1)&"-"&GanttCalc!E6))) | G19: =IF($B$18="","",IF(N(GanttCalc!F6)-N(GanttCalc!E6)<=0,"",IF(N(GanttCalc!F6)-N(GanttCalc!E6)=1,"R"&GanttCalc!F6,"R"&(GanttCalc!E6+1)&"-"&GanttCalc!F6))) | H19: =IF($B$18="","",IF(N(GanttCalc!G6)-N(GanttCalc!F6)<=0,"",IF(N(GanttCalc!G6)-N(GanttCalc!F6)=1,"R"&GanttCalc!G6,"R"&(GanttCalc!F6+1)&"-"&GanttCalc!G6))) | I19: =IF($B$18="","",IF(N(GanttCalc!H6)-N(GanttCalc!G6)<=0,"",IF(N(GanttCalc!H6)-N(GanttCalc!G6)=1,"R"&GanttCalc!H6,"R"&(GanttCalc!G6+1)&"-"&GanttCalc!H6))) | J19: =IF($B$18="","",IF(N(GanttCalc!I6)-N(GanttCalc!H6)<=0,"",IF(N(GanttCalc!I6)-N(GanttCalc!H6)=1,"R"&GanttCalc!I6,"R"&(GanttCalc!H6+1)&"-"&GanttCalc!I6))) | K19: =IF($B$18="","",IF(N(GanttCalc!J6)-N(GanttCalc!I6)<=0,"",IF(N(GanttCalc!J6)-N(GanttCalc!I6)=1,"R"&GanttCalc!J6,"R"&(GanttCalc!I6+1)&"-"&GanttCalc!J6))) | L19: =IF($B$18="","",IF(N(GanttCalc!K6)-N(GanttCalc!J6)<=0,"",IF(N(GanttCalc!K6)-N(GanttCalc!J6)=1,"R"&GanttCalc!K6,"R"&(GanttCalc!J6+1)&"-"&GanttCalc!K6))) | ... BD19: =IF($B$18="","",IF(N(GanttCalc!BC6)-N(GanttCalc!BB6)<=0,"",IF(N(GanttCalc!BC6)-N(GanttCalc!BB6)=1,"R"&GanttCalc!BC6,"R"&(GanttCalc!BB6+1)&"-"&GanttCalc!BC6)))
B20: =IF(Contracts!$A$8="","",IF(Contracts!$I$8="","no kit list","kitted: "&Contracts!$I$8&" / "&Contracts!$F$8)) -> no kit list | C20: =IF(Contracts!$A$8="","","Final build") -> Final build | D20: =IF($B$18="","",SUMPRODUCT(--(E20:BD20<>""))&" wks") -> 6 wks | E20: =IF($B$18="","",IF(N(GanttCalc!C6)-N(GanttCalc!B6)<=0,"",IF(N(GanttCalc!C6)-N(GanttCalc!B6)=1,"R"&GanttCalc!C6,"R"&(GanttCalc!B6+1)&"-"&GanttCalc!C6))) | F20: =IF($B$18="","",IF(N(GanttCalc!D6)-N(GanttCalc!C6)<=0,"",IF(N(GanttCalc!D6)-N(GanttCalc!C6)=1,"R"&GanttCalc!D6,"R"&(GanttCalc!C6+1)&"-"&GanttCalc!D6))) | G20: =IF($B$18="","",IF(N(GanttCalc!E6)-N(GanttCalc!D6)<=0,"",IF(N(GanttCalc!E6)-N(GanttCalc!D6)=1,"R"&GanttCalc!E6,"R"&(GanttCalc!D6+1)&"-"&GanttCalc!E6))) | H20: =IF($B$18="","",IF(N(GanttCalc!F6)-N(GanttCalc!E6)<=0,"",IF(N(GanttCalc!F6)-N(GanttCalc!E6)=1,"R"&GanttCalc!F6,"R"&(GanttCalc!E6+1)&"-"&GanttCalc!F6))) | I20: =IF($B$18="","",IF(N(GanttCalc!G6)-N(GanttCalc!F6)<=0,"",IF(N(GanttCalc!G6)-N(GanttCalc!F6)=1,"R"&GanttCalc!G6,"R"&(GanttCalc!F6+1)&"-"&GanttCalc!G6))) | J20: =IF($B$18="","",IF(N(GanttCalc!H6)-N(GanttCalc!G6)<=0,"",IF(N(GanttCalc!H6)-N(GanttCalc!G6)=1,"R"&GanttCalc!H6,"R"&(GanttCalc!G6+1)&"-"&GanttCalc!H6))) | K20: =IF($B$18="","",IF(N(GanttCalc!I6)-N(GanttCalc!H6)<=0,"",IF(N(GanttCalc!I6)-N(GanttCalc!H6)=1,"R"&GanttCalc!I6,"R"&(GanttCalc!H6+1)&"-"&GanttCalc!I6))) | L20: =IF($B$18="","",IF(N(GanttCalc!J6)-N(GanttCalc!I6)<=0,"",IF(N(GanttCalc!J6)-N(GanttCalc!I6)=1,"R"&GanttCalc!J6,"R"&(GanttCalc!I6+1)&"-"&GanttCalc!J6))) | ... BD20: =IF($B$18="","",IF(N(GanttCalc!BB6)-N(GanttCalc!BA6)<=0,"",IF(N(GanttCalc!BB6)-N(GanttCalc!BA6)=1,"R"&GanttCalc!BB6,"R"&(GanttCalc!BA6+1)&"-"&GanttCalc!BB6)))
B22: =IF(Contracts!$A$9="","",Contracts!$A$9) -> E2A-R4P-T2-M | C22: =IF(Contracts!$A$9="","","Kit release") -> Kit release | D22: =IF($B$22="","",SUMPRODUCT(--(E22:BD22<>""))&" wks") -> 6 wks | E22: =IF($B$22="","",IF(N(OFFSET(GanttCalc!$B$7,0,1+N(Contracts!$Q$9)))-N(OFFSET(GanttCalc!$B$7,0,0+N(Contracts!$Q$9)))<=0,"",IF(N(OFFSET(GanttCalc!$B$7,0,1+N(Contracts!$Q$9)))-N(OFFSET(GanttCalc!$B$7,0,0+N(Contracts!$Q$9)))=1,"R"&OFFSET(GanttCalc!$B$7,0,1+N(Contracts!$Q$9)),"R"&(OFFSET(GanttCalc!$B$7,0,0+N(Contracts!$Q$9))+1)&"-"&OFFSET(GanttCalc!$B$7,0,1+N(Contracts!$Q$9))))) | F22: =IF($B$22="","",IF(N(OFFSET(GanttCalc!$B$7,0,2+N(Contracts!$Q$9)))-N(OFFSET(GanttCalc!$B$7,0,1+N(Contracts!$Q$9)))<=0,"",IF(N(OFFSET(GanttCalc!$B$7,0,2+N(Contracts!$Q$9)))-N(OFFSET(GanttCalc!$B$7,0,1+N(Contracts!$Q$9)))=1,"R"&OFFSET(GanttCalc!$B$7,0,2+N(Contracts!$Q$9)),"R"&(OFFSET(GanttCalc!$B$7,0,1+N(Contracts!$Q$9))+1)&"-"&OFFSET(GanttCalc!$B$7,0,2+N(Contracts!$Q$9))))) | G22: =IF($B$22="","",IF(N(OFFSET(GanttCalc!$B$7,0,3+N(Contracts!$Q$9)))-N(OFFSET(GanttCalc!$B$7,0,2+N(Contracts!$Q$9)))<=0,"",IF(N(OFFSET(GanttCalc!$B$7,0,3+N(Contracts!$Q$9)))-N(OFFSET(GanttCalc!$B$7,0,2+N(Contracts!$Q$9)))=1,"R"&OFFSET(GanttCalc!$B$7,0,3+N(Contracts!$Q$9)),"R"&(OFFSET(GanttCalc!$B$7,0,2+N(Contracts!$Q$9))+1)&"-"&OFFSET(GanttCalc!$B$7,0,3+N(Contracts!$Q$9))))) | H22: =IF($B$22="","",IF(N(OFFSET(GanttCalc!$B$7,0,4+N(Contracts!$Q$9)))-N(OFFSET(GanttCalc!$B$7,0,3+N(Contracts!$Q$9)))<=0,"",IF(N(OFFSET(GanttCalc!$B$7,0,4+N(Contracts!$Q$9)))-N(OFFSET(GanttCalc!$B$7,0,3+N(Contracts!$Q$9)))=1,"R"&OFFSET(GanttCalc!$B$7,0,4+N(Contracts!$Q$9)),"R"&(OFFSET(GanttCalc!$B$7,0,3+N(Contracts!$Q$9))+1)&"-"&OFFSET(GanttCalc!$B$7,0,4+N(Contracts!$Q$9))))) | I22: =IF($B$22="","",IF(N(OFFSET(GanttCalc!$B$7,0,5+N(Contracts!$Q$9)))-N(OFFSET(GanttCalc!$B$7,0,4+N(Contracts!$Q$9)))<=0,"",IF(N(OFFSET(GanttCalc!$B$7,0,5+N(Contracts!$Q$9)))-N(OFFSET(GanttCalc!$B$7,0,4+N(Contracts!$Q$9)))=1,"R"&OFFSET(GanttCalc!$B$7,0,5+N(Contracts!$Q$9)),"R"&(OFFSET(GanttCalc!$B$7,0,4+N(Contracts!$Q$9))+1)&"-"&OFFSET(GanttCalc!$B$7,0,5+N(Contracts!$Q$9))))) | J22: =IF($B$22="","",IF(N(OFFSET(GanttCalc!$B$7,0,6+N(Contracts!$Q$9)))-N(OFFSET(GanttCalc!$B$7,0,5+N(Contracts!$Q$9)))<=0,"",IF(N(OFFSET(GanttCalc!$B$7,0,6+N(Contracts!$Q$9)))-N(OFFSET(GanttCalc!$B$7,0,5+N(Contracts!$Q$9)))=1,"R"&OFFSET(GanttCalc!$B$7,0,6+N(Contracts!$Q$9)),"R"&(OFFSET(GanttCalc!$B$7,0,5+N(Contracts!$Q$9))+1)&"-"&OFFSET(GanttCalc!$B$7,0,6+N(Contracts!$Q$9))))) | K22: =IF($B$22="","",IF(N(OFFSET(GanttCalc!$B$7,0,7+N(Contracts!$Q$9)))-N(OFFSET(GanttCalc!$B$7,0,6+N(Contracts!$Q$9)))<=0,"",IF(N(OFFSET(GanttCalc!$B$7,0,7+N(Contracts!$Q$9)))-N(OFFSET(GanttCalc!$B$7,0,6+N(Contracts!$Q$9)))=1,"R"&OFFSET(GanttCalc!$B$7,0,7+N(Contracts!$Q$9)),"R"&(OFFSET(GanttCalc!$B$7,0,6+N(Contracts!$Q$9))+1)&"-"&OFFSET(GanttCalc!$B$7,0,7+N(Contracts!$Q$9))))) | L22: =IF($B$22="","",IF(N(OFFSET(GanttCalc!$B$7,0,8+N(Contracts!$Q$9)))-N(OFFSET(GanttCalc!$B$7,0,7+N(Contracts!$Q$9)))<=0,"",IF(N(OFFSET(GanttCalc!$B$7,0,8+N(Contracts!$Q$9)))-N(OFFSET(GanttCalc!$B$7,0,7+N(Contracts!$Q$9)))=1,"R"&OFFSET(GanttCalc!$B$7,0,8+N(Contracts!$Q$9)),"R"&(OFFSET(GanttCalc!$B$7,0,7+N(Contracts!$Q$9))+1)&"-"&OFFSET(GanttCalc!$B$7,0,8+N(Contracts!$Q$9))))) | M22: =IF($B$22="","",IF(N(OFFSET(GanttCalc!$B$7,0,9+N(Contracts!$Q$9)))-N(OFFSET(GanttCalc!$B$7,0,8+N(Contracts!$Q$9)))<=0,"",IF(N(OFFSET(GanttCalc!$B$7,0,9+N(Contracts!$Q$9)))-N(OFFSET(GanttCalc!$B$7,0,8+N(Contracts!$Q$9)))=1,"R"&OFFSET(GanttCalc!$B$7,0,9+N(Contracts!$Q$9)),"R"&(OFFSET(GanttCalc!$B$7,0,8+N(Contracts!$Q$9))+1)&"-"&OFFSET(GanttCalc!$B$7,0,9+N(Contracts!$Q$9))))) | N22: =IF($B$22="","",IF(N(OFFSET(GanttCalc!$B$7,0,10+N(Contracts!$Q$9)))-N(OFFSET(GanttCalc!$B$7,0,9+N(Contracts!$Q$9)))<=0,"",IF(N(OFFSET(GanttCalc!$B$7,0,10+N(Contracts!$Q$9)))-N(OFFSET(GanttCalc!$B$7,0,9+N(Contracts!$Q$9)))=1,"R"&OFFSET(GanttCalc!$B$7,0,10+N(Contracts!$Q$9)),"R"&(OFFSET(GanttCalc!$B$7,0,9+N(Contracts!$Q$9))+1)&"-"&OFFSET(GanttCalc!$B$7,0,10+N(Contracts!$Q$9))))) | O22: =IF($B$22="","",IF(N(OFFSET(GanttCalc!$B$7,0,11+N(Contracts!$Q$9)))-N(OFFSET(GanttCalc!$B$7,0,10+N(Contracts!$Q$9)))<=0,"",IF(N(OFFSET(GanttCalc!$B$7,0,11+N(Contracts!$Q$9)))-N(OFFSET(GanttCalc!$B$7,0,10+N(Contracts!$Q$9)))=1,"R"&OFFSET(GanttCalc!$B$7,0,11+N(Contracts!$Q$9)),"R"&(OFFSET(GanttCalc!$B$7,0,10+N(Contracts!$Q$9))+1)&"-"&OFFSET(GanttCalc!$B$7,0,11+N(Contracts!$Q$9))))) | P22: =IF($B$22="","",IF(N(OFFSET(GanttCalc!$B$7,0,12+N(Contracts!$Q$9)))-N(OFFSET(GanttCalc!$B$7,0,11+N(Contracts!$Q$9)))<=0,"",IF(N(OFFSET(GanttCalc!$B$7,0,12+N(Contracts!$Q$9)))-N(OFFSET(GanttCalc!$B$7,0,11+N(Contracts!$Q$9)))=1,"R"&OFFSET(GanttCalc!$B$7,0,12+N(Contracts!$Q$9)),"R"&(OFFSET(GanttCalc!$B$7,0,11+N(Contracts!$Q$9))+1)&"-"&OFFSET(GanttCalc!$B$7,0,12+N(Contracts!$Q$9))))) | Q22: =IF($B$22="","",IF(N(OFFSET(GanttCalc!$B$7,0,13+N(Contracts!$Q$9)))-N(OFFSET(GanttCalc!$B$7,0,12+N(Contracts!$Q$9)))<=0,"",IF(N(OFFSET(GanttCalc!$B$7,0,13+N(Contracts!$Q$9)))-N(OFFSET(GanttCalc!$B$7,0,12+N(Contracts!$Q$9)))=1,"R"&OFFSET(GanttCalc!$B$7,0,13+N(Contracts!$Q$9)),"R"&(OFFSET(GanttCalc!$B$7,0,12+N(Contracts!$Q$9))+1)&"-"&OFFSET(GanttCalc!$B$7,0,13+N(Contracts!$Q$9))))) | R22: =IF($B$22="","",IF(N(OFFSET(GanttCalc!$B$7,0,14+N(Contracts!$Q$9)))-N(OFFSET(GanttCalc!$B$7,0,13+N(Contracts!$Q$9)))<=0,"",IF(N(OFFSET(GanttCalc!$B$7,0,14+N(Contracts!$Q$9)))-N(OFFSET(GanttCalc!$B$7,0,13+N(Contracts!$Q$9)))=1,"R"&OFFSET(GanttCalc!$B$7,0,14+N(Contracts!$Q$9)),"R"&(OFFSET(GanttCalc!$B$7,0,13+N(Contracts!$Q$9))+1)&"-"&OFFSET(GanttCalc!$B$7,0,14+N(Contracts!$Q$9))))) | S22: =IF($B$22="","",IF(N(OFFSET(GanttCalc!$B$7,0,15+N(Contracts!$Q$9)))-N(OFFSET(GanttCalc!$B$7,0,14+N(Contracts!$Q$9)))<=0,"",IF(N(OFFSET(GanttCalc!$B$7,0,15+N(Contracts!$Q$9)))-N(OFFSET(GanttCalc!$B$7,0,14+N(Contracts!$Q$9)))=1,"R"&OFFSET(GanttCalc!$B$7,0,15+N(Contracts!$Q$9)),"R"&(OFFSET(GanttCalc!$B$7,0,14+N(Contracts!$Q$9))+1)&"-"&OFFSET(GanttCalc!$B$7,0,15+N(Contracts!$Q$9))))) | T22: =IF($B$22="","",IF(N(OFFSET(GanttCalc!$B$7,0,16+N(Contracts!$Q$9)))-N(OFFSET(GanttCalc!$B$7,0,15+N(Contracts!$Q$9)))<=0,"",IF(N(OFFSET(GanttCalc!$B$7,0,16+N(Contracts!$Q$9)))-N(OFFSET(GanttCalc!$B$7,0,15+N(Contracts!$Q$9)))=1,"R"&OFFSET(GanttCalc!$B$7,0,16+N(Contracts!$Q$9)),"R"&(OFFSET(GanttCalc!$B$7,0,15+N(Contracts!$Q$9))+1)&"-"&OFFSET(GanttCalc!$B$7,0,16+N(Contracts!$Q$9))))) | U22: =IF($B$22="","",IF(N(OFFSET(GanttCalc!$B$7,0,17+N(Contracts!$Q$9)))-N(OFFSET(GanttCalc!$B$7,0,16+N(Contracts!$Q$9)))<=0,"",IF(N(OFFSET(GanttCalc!$B$7,0,17+N(Contracts!$Q$9)))-N(OFFSET(GanttCalc!$B$7,0,16+N(Contracts!$Q$9)))=1,"R"&OFFSET(GanttCalc!$B$7,0,17+N(Contracts!$Q$9)),"R"&(OFFSET(GanttCalc!$B$7,0,16+N(Contracts!$Q$9))+1)&"-"&OFFSET(GanttCalc!$B$7,0,17+N(Contracts!$Q$9))))) | V22: =IF($B$22="","",IF(N(OFFSET(GanttCalc!$B$7,0,18+N(Contracts!$Q$9)))-N(OFFSET(GanttCalc!$B$7,0,17+N(Contracts!$Q$9)))<=0,"",IF(N(OFFSET(GanttCalc!$B$7,0,18+N(Contracts!$Q$9)))-N(OFFSET(GanttCalc!$B$7,0,17+N(Contracts!$Q$9)))=1,"R"&OFFSET(GanttCalc!$B$7,0,18+N(Contracts!$Q$9)),"R"&(OFFSET(GanttCalc!$B$7,0,17+N(Contracts!$Q$9))+1)&"-"&OFFSET(GanttCalc!$B$7,0,18+N(Contracts!$Q$9))))) | W22: =IF($B$22="","",IF(N(OFFSET(GanttCalc!$B$7,0,19+N(Contracts!$Q$9)))-N(OFFSET(GanttCalc!$B$7,0,18+N(Contracts!$Q$9)))<=0,"",IF(N(OFFSET(GanttCalc!$B$7,0,19+N(Contracts!$Q$9)))-N(OFFSET(GanttCalc!$B$7,0,18+N(Contracts!$Q$9)))=1,"R"&OFFSET(GanttCalc!$B$7,0,19+N(Contracts!$Q$9)),"R"&(OFFSET(GanttCalc!$B$7,0,18+N(Contracts!$Q$9))+1)&"-"&OFFSET(GanttCalc!$B$7,0,19+N(Contracts!$Q$9))))) | X22: =IF($B$22="","",IF(N(OFFSET(GanttCalc!$B$7,0,20+N(Contracts!$Q$9)))-N(OFFSET(GanttCalc!$B$7,0,19+N(Contracts!$Q$9)))<=0,"",IF(N(OFFSET(GanttCalc!$B$7,0,20+N(Contracts!$Q$9)))-N(OFFSET(GanttCalc!$B$7,0,19+N(Contracts!$Q$9)))=1,"R"&OFFSET(GanttCalc!$B$7,0,20+N(Contracts!$Q$9)),"R"&(OFFSET(GanttCalc!$B$7,0,19+N(Contracts!$Q$9))+1)&"-"&OFFSET(GanttCalc!$B$7,0,20+N(Contracts!$Q$9))))) | Y22: =IF($B$22="","",IF(N(OFFSET(GanttCalc!$B$7,0,21+N(Contracts!$Q$9)))-N(OFFSET(GanttCalc!$B$7,0,20+N(Contracts!$Q$9)))<=0,"",IF(N(OFFSET(GanttCalc!$B$7,0,21+N(Contracts!$Q$9)))-N(OFFSET(GanttCalc!$B$7,0,20+N(Contracts!$Q$9)))=1,"R"&OFFSET(GanttCalc!$B$7,0,21+N(Contracts!$Q$9)),"R"&(OFFSET(GanttCalc!$B$7,0,20+N(Contracts!$Q$9))+1)&"-"&OFFSET(GanttCalc!$B$7,0,21+N(Contracts!$Q$9))))) | Z22: =IF($B$22="","",IF(N(OFFSET(GanttCalc!$B$7,0,22+N(Contracts!$Q$9)))-N(OFFSET(GanttCalc!$B$7,0,21+N(Contracts!$Q$9)))<=0,"",IF(N(OFFSET(GanttCalc!$B$7,0,22+N(Contracts!$Q$9)))-N(OFFSET(GanttCalc!$B$7,0,21+N(Contracts!$Q$9)))=1,"R"&OFFSET(GanttCalc!$B$7,0,22+N(Contracts!$Q$9)),"R"&(OFFSET(GanttCalc!$B$7,0,21+N(Contracts!$Q$9))+1)&"-"&OFFSET(GanttCalc!$B$7,0,22+N(Contracts!$Q$9))))) | AA22: =IF($B$22="","",IF(N(OFFSET(GanttCalc!$B$7,0,23+N(Contracts!$Q$9)))-N(OFFSET(GanttCalc!$B$7,0,22+N(Contracts!$Q$9)))<=0,"",IF(N(OFFSET(GanttCalc!$B$7,0,23+N(Contracts!$Q$9)))-N(OFFSET(GanttCalc!$B$7,0,22+N(Contracts!$Q$9)))=1,"R"&OFFSET(GanttCalc!$B$7,0,23+N(Contracts!$Q$9)),"R"&(OFFSET(GanttCalc!$B$7,0,22+N(Contracts!$Q$9))+1)&"-"&OFFSET(GanttCalc!$B$7,0,23+N(Contracts!$Q$9))))) | AB22: =IF($B$22="","",IF(N(OFFSET(GanttCalc!$B$7,0,24+N(Contracts!$Q$9)))-N(OFFSET(GanttCalc!$B$7,0,23+N(Contracts!$Q$9)))<=0,"",IF(N(OFFSET(GanttCalc!$B$7,0,24+N(Contracts!$Q$9)))-N(OFFSET(GanttCalc!$B$7,0,23+N(Contracts!$Q$9)))=1,"R"&OFFSET(GanttCalc!$B$7,0,24+N(Contracts!$Q$9)),"R"&(OFFSET(GanttCalc!$B$7,0,23+N(Contracts!$Q$9))+1)&"-"&OFFSET(GanttCalc!$B$7,0,24+N(Contracts!$Q$9))))) | AC22: =IF($B$22="","",IF(N(OFFSET(GanttCalc!$B$7,0,25+N(Contracts!$Q$9)))-N(OFFSET(GanttCalc!$B$7,0,24+N(Contracts!$Q$9)))<=0,"",IF(N(OFFSET(GanttCalc!$B$7,0,25+N(Contracts!$Q$9)))-N(OFFSET(GanttCalc!$B$7,0,24+N(Contracts!$Q$9)))=1,"R"&OFFSET(GanttCalc!$B$7,0,25+N(Contracts!$Q$9)),"R"&(OFFSET(GanttCalc!$B$7,0,24+N(Contracts!$Q$9))+1)&"-"&OFFSET(GanttCalc!$B$7,0,25+N(Contracts!$Q$9))))) | AD22: =IF($B$22="","",IF(N(OFFSET(GanttCalc!$B$7,0,26+N(Contracts!$Q$9)))-N(OFFSET(GanttCalc!$B$7,0,25+N(Contracts!$Q$9)))<=0,"",IF(N(OFFSET(GanttCalc!$B$7,0,26+N(Contracts!$Q$9)))-N(OFFSET(GanttCalc!$B$7,0,25+N(Contracts!$Q$9)))=1,"R"&OFFSET(GanttCalc!$B$7,0,26+N(Contracts!$Q$9)),"R"&(OFFSET(GanttCalc!$B$7,0,25+N(Contracts!$Q$9))+1)&"-"&OFFSET(GanttCalc!$B$7,0,26+N(Contracts!$Q$9))))) | AE22: =IF($B$22="","",IF(N(OFFSET(GanttCalc!$B$7,0,27+N(Contracts!$Q$9)))-N(OFFSET(GanttCalc!$B$7,0,26+N(Contracts!$Q$9)))<=0,"",IF(N(OFFSET(GanttCalc!$B$7,0,27+N(Contracts!$Q$9)))-N(OFFSET(GanttCalc!$B$7,0,26+N(Contracts!$Q$9)))=1,"R"&OFFSET(GanttCalc!$B$7,0,27+N(Contracts!$Q$9)),"R"&(OFFSET(GanttCalc!$B$7,0,26+N(Contracts!$Q$9))+1)&"-"&OFFSET(GanttCalc!$B$7,0,27+N(Contracts!$Q$9))))) | AF22: =IF($B$22="","",IF(N(OFFSET(GanttCalc!$B$7,0,28+N(Contracts!$Q$9)))-N(OFFSET(GanttCalc!$B$7,0,27+N(Contracts!$Q$9)))<=0,"",IF(N(OFFSET(GanttCalc!$B$7,0,28+N(Contracts!$Q$9)))-N(OFFSET(GanttCalc!$B$7,0,27+N(Contracts!$Q$9)))=1,"R"&OFFSET(GanttCalc!$B$7,0,28+N(Contracts!$Q$9)),"R"&(OFFSET(GanttCalc!$B$7,0,27+N(Contracts!$Q$9))+1)&"-"&OFFSET(GanttCalc!$B$7,0,28+N(Contracts!$Q$9))))) | AG22: =IF($B$22="","",IF(N(OFFSET(GanttCalc!$B$7,0,29+N(Contracts!$Q$9)))-N(OFFSET(GanttCalc!$B$7,0,28+N(Contracts!$Q$9)))<=0,"",IF(N(OFFSET(GanttCalc!$B$7,0,29+N(Contracts!$Q$9)))-N(OFFSET(GanttCalc!$B$7,0,28+N(Contracts!$Q$9)))=1,"R"&OFFSET(GanttCalc!$B$7,0,29+N(Contracts!$Q$9)),"R"&(OFFSET(GanttCalc!$B$7,0,28+N(Contracts!$Q$9))+1)&"-"&OFFSET(GanttCalc!$B$7,0,29+N(Contracts!$Q$9))))) | AH22: =IF($B$22="","",IF(N(OFFSET(GanttCalc!$B$7,0,30+N(Contracts!$Q$9)))-N(OFFSET(GanttCalc!$B$7,0,29+N(Contracts!$Q$9)))<=0,"",IF(N(OFFSET(GanttCalc!$B$7,0,30+N(Contracts!$Q$9)))-N(OFFSET(GanttCalc!$B$7,0,29+N(Contracts!$Q$9)))=1,"R"&OFFSET(GanttCalc!$B$7,0,30+N(Contracts!$Q$9)),"R"&(OFFSET(GanttCalc!$B$7,0,29+N(Contracts!$Q$9))+1)&"-"&OFFSET(GanttCalc!$B$7,0,30+N(Contracts!$Q$9))))) | AI22: =IF($B$22="","",IF(N(OFFSET(GanttCalc!$B$7,0,31+N(Contracts!$Q$9)))-N(OFFSET(GanttCalc!$B$7,0,30+N(Contracts!$Q$9)))<=0,"",IF(N(OFFSET(GanttCalc!$B$7,0,31+N(Contracts!$Q$9)))-N(OFFSET(GanttCalc!$B$7,0,30+N(Contracts!$Q$9)))=1,"R"&OFFSET(GanttCalc!$B$7,0,31+N(Contracts!$Q$9)),"R"&(OFFSET(GanttCalc!$B$7,0,30+N(Contracts!$Q$9))+1)&"-"&OFFSET(GanttCalc!$B$7,0,31+N(Contracts!$Q$9))))) | AJ22: =IF($B$22="","",IF(N(OFFSET(GanttCalc!$B$7,0,32+N(Contracts!$Q$9)))-N(OFFSET(GanttCalc!$B$7,0,31+N(Contracts!$Q$9)))<=0,"",IF(N(OFFSET(GanttCalc!$B$7,0,32+N(Contracts!$Q$9)))-N(OFFSET(GanttCalc!$B$7,0,31+N(Contracts!$Q$9)))=1,"R"&OFFSET(GanttCalc!$B$7,0,32+N(Contracts!$Q$9)),"R"&(OFFSET(GanttCalc!$B$7,0,31+N(Contracts!$Q$9))+1)&"-"&OFFSET(GanttCalc!$B$7,0,32+N(Contracts!$Q$9))))) | AK22: =IF($B$22="","",IF(N(OFFSET(GanttCalc!$B$7,0,33+N(Contracts!$Q$9)))-N(OFFSET(GanttCalc!$B$7,0,32+N(Contracts!$Q$9)))<=0,"",IF(N(OFFSET(GanttCalc!$B$7,0,33+N(Contracts!$Q$9)))-N(OFFSET(GanttCalc!$B$7,0,32+N(Contracts!$Q$9)))=1,"R"&OFFSET(GanttCalc!$B$7,0,33+N(Contracts!$Q$9)),"R"&(OFFSET(GanttCalc!$B$7,0,32+N(Contracts!$Q$9))+1)&"-"&OFFSET(GanttCalc!$B$7,0,33+N(Contracts!$Q$9))))) -> R1 | AL22: =IF($B$22="","",IF(N(OFFSET(GanttCalc!$B$7,0,34+N(Contracts!$Q$9)))-N(OFFSET(GanttCalc!$B$7,0,33+N(Contracts!$Q$9)))<=0,"",IF(N(OFFSET(GanttCalc!$B$7,0,34+N(Contracts!$Q$9)))-N(OFFSET(GanttCalc!$B$7,0,33+N(Contracts!$Q$9)))=1,"R"&OFFSET(GanttCalc!$B$7,0,34+N(Contracts!$Q$9)),"R"&(OFFSET(GanttCalc!$B$7,0,33+N(Contracts!$Q$9))+1)&"-"&OFFSET(GanttCalc!$B$7,0,34+N(Contracts!$Q$9))))) | AM22: =IF($B$22="","",IF(N(OFFSET(GanttCalc!$B$7,0,35+N(Contracts!$Q$9)))-N(OFFSET(GanttCalc!$B$7,0,34+N(Contracts!$Q$9)))<=0,"",IF(N(OFFSET(GanttCalc!$B$7,0,35+N(Contracts!$Q$9)))-N(OFFSET(GanttCalc!$B$7,0,34+N(Contracts!$Q$9)))=1,"R"&OFFSET(GanttCalc!$B$7,0,35+N(Contracts!$Q$9)),"R"&(OFFSET(GanttCalc!$B$7,0,34+N(Contracts!$Q$9))+1)&"-"&OFFSET(GanttCalc!$B$7,0,35+N(Contracts!$Q$9))))) -> R2-3 | AN22: =IF($B$22="","",IF(N(OFFSET(GanttCalc!$B$7,0,36+N(Contracts!$Q$9)))-N(OFFSET(GanttCalc!$B$7,0,35+N(Contracts!$Q$9)))<=0,"",IF(N(OFFSET(GanttCalc!$B$7,0,36+N(Contracts!$Q$9)))-N(OFFSET(GanttCalc!$B$7,0,35+N(Contracts!$Q$9)))=1,"R"&OFFSET(GanttCalc!$B$7,0,36+N(Contracts!$Q$9)),"R"&(OFFSET(GanttCalc!$B$7,0,35+N(Contracts!$Q$9))+1)&"-"&OFFSET(GanttCalc!$B$7,0,36+N(Contracts!$Q$9))))) -> R4-8 | AO22: =IF($B$22="","",IF(N(OFFSET(GanttCalc!$B$7,0,37+N(Contracts!$Q$9)))-N(OFFSET(GanttCalc!$B$7,0,36+N(Contracts!$Q$9)))<=0,"",IF(N(OFFSET(GanttCalc!$B$7,0,37+N(Contracts!$Q$9)))-N(OFFSET(GanttCalc!$B$7,0,36+N(Contracts!$Q$9)))=1,"R"&OFFSET(GanttCalc!$B$7,0,37+N(Contracts!$Q$9)),"R"&(OFFSET(GanttCalc!$B$7,0,36+N(Contracts!$Q$9))+1)&"-"&OFFSET(GanttCalc!$B$7,0,37+N(Contracts!$Q$9))))) | AP22: =IF($B$22="","",IF(N(OFFSET(GanttCalc!$B$7,0,38+N(Contracts!$Q$9)))-N(OFFSET(GanttCalc!$B$7,0,37+N(Contracts!$Q$9)))<=0,"",IF(N(OFFSET(GanttCalc!$B$7,0,38+N(Contracts!$Q$9)))-N(OFFSET(GanttCalc!$B$7,0,37+N(Contracts!$Q$9)))=1,"R"&OFFSET(GanttCalc!$B$7,0,38+N(Contracts!$Q$9)),"R"&(OFFSET(GanttCalc!$B$7,0,37+N(Contracts!$Q$9))+1)&"-"&OFFSET(GanttCalc!$B$7,0,38+N(Contracts!$Q$9))))) | AQ22: =IF($B$22="","",IF(N(OFFSET(GanttCalc!$B$7,0,39+N(Contracts!$Q$9)))-N(OFFSET(GanttCalc!$B$7,0,38+N(Contracts!$Q$9)))<=0,"",IF(N(OFFSET(GanttCalc!$B$7,0,39+N(Contracts!$Q$9)))-N(OFFSET(GanttCalc!$B$7,0,38+N(Contracts!$Q$9)))=1,"R"&OFFSET(GanttCalc!$B$7,0,39+N(Contracts!$Q$9)),"R"&(OFFSET(GanttCalc!$B$7,0,38+N(Contracts!$Q$9))+1)&"-"&OFFSET(GanttCalc!$B$7,0,39+N(Contracts!$Q$9))))) | AR22: =IF($B$22="","",IF(N(OFFSET(GanttCalc!$B$7,0,40+N(Contracts!$Q$9)))-N(OFFSET(GanttCalc!$B$7,0,39+N(Contracts!$Q$9)))<=0,"",IF(N(OFFSET(GanttCalc!$B$7,0,40+N(Contracts!$Q$9)))-N(OFFSET(GanttCalc!$B$7,0,39+N(Contracts!$Q$9)))=1,"R"&OFFSET(GanttCalc!$B$7,0,40+N(Contracts!$Q$9)),"R"&(OFFSET(GanttCalc!$B$7,0,39+N(Contracts!$Q$9))+1)&"-"&OFFSET(GanttCalc!$B$7,0,40+N(Contracts!$Q$9))))) -> R9 | AS22: =IF($B$22="","",IF(N(OFFSET(GanttCalc!$B$7,0,41+N(Contracts!$Q$9)))-N(OFFSET(GanttCalc!$B$7,0,40+N(Contracts!$Q$9)))<=0,"",IF(N(OFFSET(GanttCalc!$B$7,0,41+N(Contracts!$Q$9)))-N(OFFSET(GanttCalc!$B$7,0,40+N(Contracts!$Q$9)))=1,"R"&OFFSET(GanttCalc!$B$7,0,41+N(Contracts!$Q$9)),"R"&(OFFSET(GanttCalc!$B$7,0,40+N(Contracts!$Q$9))+1)&"-"&OFFSET(GanttCalc!$B$7,0,41+N(Contracts!$Q$9))))) -> R10 | AT22: =IF($B$22="","",IF(N(OFFSET(GanttCalc!$B$7,0,42+N(Contracts!$Q$9)))-N(OFFSET(GanttCalc!$B$7,0,41+N(Contracts!$Q$9)))<=0,"",IF(N(OFFSET(GanttCalc!$B$7,0,42+N(Contracts!$Q$9)))-N(OFFSET(GanttCalc!$B$7,0,41+N(Contracts!$Q$9)))=1,"R"&OFFSET(GanttCalc!$B$7,0,42+N(Contracts!$Q$9)),"R"&(OFFSET(GanttCalc!$B$7,0,41+N(Contracts!$Q$9))+1)&"-"&OFFSET(GanttCalc!$B$7,0,42+N(Contracts!$Q$9))))) -> R11 | AU22: =IF($B$22="","",IF(N(OFFSET(GanttCalc!$B$7,0,43+N(Contracts!$Q$9)))-N(OFFSET(GanttCalc!$B$7,0,42+N(Contracts!$Q$9)))<=0,"",IF(N(OFFSET(GanttCalc!$B$7,0,43+N(Contracts!$Q$9)))-N(OFFSET(GanttCalc!$B$7,0,42+N(Contracts!$Q$9)))=1,"R"&OFFSET(GanttCalc!$B$7,0,43+N(Contracts!$Q$9)),"R"&(OFFSET(GanttCalc!$B$7,0,42+N(Contracts!$Q$9))+1)&"-"&OFFSET(GanttCalc!$B$7,0,43+N(Contracts!$Q$9))))) | AV22: =IF($B$22="","",IF(N(OFFSET(GanttCalc!$B$7,0,44+N(Contracts!$Q$9)))-N(OFFSET(GanttCalc!$B$7,0,43+N(Contracts!$Q$9)))<=0,"",IF(N(OFFSET(GanttCalc!$B$7,0,44+N(Contracts!$Q$9)))-N(OFFSET(GanttCalc!$B$7,0,43+N(Contracts!$Q$9)))=1,"R"&OFFSET(GanttCalc!$B$7,0,44+N(Contracts!$Q$9)),"R"&(OFFSET(GanttCalc!$B$7,0,43+N(Contracts!$Q$9))+1)&"-"&OFFSET(GanttCalc!$B$7,0,44+N(Contracts!$Q$9))))) | AW22: =IF($B$22="","",IF(N(OFFSET(GanttCalc!$B$7,0,45+N(Contracts!$Q$9)))-N(OFFSET(GanttCalc!$B$7,0,44+N(Contracts!$Q$9)))<=0,"",IF(N(OFFSET(GanttCalc!$B$7,0,45+N(Contracts!$Q$9)))-N(OFFSET(GanttCalc!$B$7,0,44+N(Contracts!$Q$9)))=1,"R"&OFFSET(GanttCalc!$B$7,0,45+N(Contracts!$Q$9)),"R"&(OFFSET(GanttCalc!$B$7,0,44+N(Contracts!$Q$9))+1)&"-"&OFFSET(GanttCalc!$B$7,0,45+N(Contracts!$Q$9))))) | AX22: =IF($B$22="","",IF(N(OFFSET(GanttCalc!$B$7,0,46+N(Contracts!$Q$9)))-N(OFFSET(GanttCalc!$B$7,0,45+N(Contracts!$Q$9)))<=0,"",IF(N(OFFSET(GanttCalc!$B$7,0,46+N(Contracts!$Q$9)))-N(OFFSET(GanttCalc!$B$7,0,45+N(Contracts!$Q$9)))=1,"R"&OFFSET(GanttCalc!$B$7,0,46+N(Contracts!$Q$9)),"R"&(OFFSET(GanttCalc!$B$7,0,45+N(Contracts!$Q$9))+1)&"-"&OFFSET(GanttCalc!$B$7,0,46+N(Contracts!$Q$9))))) | AY22: =IF($B$22="","",IF(N(OFFSET(GanttCalc!$B$7,0,47+N(Contracts!$Q$9)))-N(OFFSET(GanttCalc!$B$7,0,46+N(Contracts!$Q$9)))<=0,"",IF(N(OFFSET(GanttCalc!$B$7,0,47+N(Contracts!$Q$9)))-N(OFFSET(GanttCalc!$B$7,0,46+N(Contracts!$Q$9)))=1,"R"&OFFSET(GanttCalc!$B$7,0,47+N(Contracts!$Q$9)),"R"&(OFFSET(GanttCalc!$B$7,0,46+N(Contracts!$Q$9))+1)&"-"&OFFSET(GanttCalc!$B$7,0,47+N(Contracts!$Q$9))))) | AZ22: =IF($B$22="","",IF(N(OFFSET(GanttCalc!$B$7,0,48+N(Contracts!$Q$9)))-N(OFFSET(GanttCalc!$B$7,0,47+N(Contracts!$Q$9)))<=0,"",IF(N(OFFSET(GanttCalc!$B$7,0,48+N(Contracts!$Q$9)))-N(OFFSET(GanttCalc!$B$7,0,47+N(Contracts!$Q$9)))=1,"R"&OFFSET(GanttCalc!$B$7,0,48+N(Contracts!$Q$9)),"R"&(OFFSET(GanttCalc!$B$7,0,47+N(Contracts!$Q$9))+1)&"-"&OFFSET(GanttCalc!$B$7,0,48+N(Contracts!$Q$9))))) | BA22: =IF($B$22="","",IF(N(OFFSET(GanttCalc!$B$7,0,49+N(Contracts!$Q$9)))-N(OFFSET(GanttCalc!$B$7,0,48+N(Contracts!$Q$9)))<=0,"",IF(N(OFFSET(GanttCalc!$B$7,0,49+N(Contracts!$Q$9)))-N(OFFSET(GanttCalc!$B$7,0,48+N(Contracts!$Q$9)))=1,"R"&OFFSET(GanttCalc!$B$7,0,49+N(Contracts!$Q$9)),"R"&(OFFSET(GanttCalc!$B$7,0,48+N(Contracts!$Q$9))+1)&"-"&OFFSET(GanttCalc!$B$7,0,49+N(Contracts!$Q$9))))) | BB22: =IF($B$22="","",IF(N(OFFSET(GanttCalc!$B$7,0,50+N(Contracts!$Q$9)))-N(OFFSET(GanttCalc!$B$7,0,49+N(Contracts!$Q$9)))<=0,"",IF(N(OFFSET(GanttCalc!$B$7,0,50+N(Contracts!$Q$9)))-N(OFFSET(GanttCalc!$B$7,0,49+N(Contracts!$Q$9)))=1,"R"&OFFSET(GanttCalc!$B$7,0,50+N(Contracts!$Q$9)),"R"&(OFFSET(GanttCalc!$B$7,0,49+N(Contracts!$Q$9))+1)&"-"&OFFSET(GanttCalc!$B$7,0,50+N(Contracts!$Q$9))))) | BC22: =IF($B$22="","",IF(N(OFFSET(GanttCalc!$B$7,0,51+N(Contracts!$Q$9)))-N(OFFSET(GanttCalc!$B$7,0,50+N(Contracts!$Q$9)))<=0,"",IF(N(OFFSET(GanttCalc!$B$7,0,51+N(Contracts!$Q$9)))-N(OFFSET(GanttCalc!$B$7,0,50+N(Contracts!$Q$9)))=1,"R"&OFFSET(GanttCalc!$B$7,0,51+N(Contracts!$Q$9)),"R"&(OFFSET(GanttCalc!$B$7,0,50+N(Contracts!$Q$9))+1)&"-"&OFFSET(GanttCalc!$B$7,0,51+N(Contracts!$Q$9))))) | BD22: =IF($B$22="","",IF(N(OFFSET(GanttCalc!$B$7,0,52+N(Contracts!$Q$9)))-N(OFFSET(GanttCalc!$B$7,0,51+N(Contracts!$Q$9)))<=0,"",IF(N(OFFSET(GanttCalc!$B$7,0,52+N(Contracts!$Q$9)))-N(OFFSET(GanttCalc!$B$7,0,51+N(Contracts!$Q$9)))=1,"R"&OFFSET(GanttCalc!$B$7,0,52+N(Contracts!$Q$9)),"R"&(OFFSET(GanttCalc!$B$7,0,51+N(Contracts!$Q$9))+1)&"-"&OFFSET(GanttCalc!$B$7,0,52+N(Contracts!$Q$9)))))
B23: =IF(Contracts!$A$9="","",Contracts!$C$9) -> 92ERP04548B++ | C23: =IF(Contracts!$A$9="","","AMPS build") -> AMPS build | D23: =IF($B$22="","",SUMPRODUCT(--(E23:BD23<>""))&" wks") -> 6 wks | E23: =IF($B$22="","",IF(N(GanttCalc!D7)-N(GanttCalc!C7)<=0,"",IF(N(GanttCalc!D7)-N(GanttCalc!C7)=1,"R"&GanttCalc!D7,"R"&(GanttCalc!C7+1)&"-"&GanttCalc!D7))) | F23: =IF($B$22="","",IF(N(GanttCalc!E7)-N(GanttCalc!D7)<=0,"",IF(N(GanttCalc!E7)-N(GanttCalc!D7)=1,"R"&GanttCalc!E7,"R"&(GanttCalc!D7+1)&"-"&GanttCalc!E7))) | G23: =IF($B$22="","",IF(N(GanttCalc!F7)-N(GanttCalc!E7)<=0,"",IF(N(GanttCalc!F7)-N(GanttCalc!E7)=1,"R"&GanttCalc!F7,"R"&(GanttCalc!E7+1)&"-"&GanttCalc!F7))) | H23: =IF($B$22="","",IF(N(GanttCalc!G7)-N(GanttCalc!F7)<=0,"",IF(N(GanttCalc!G7)-N(GanttCalc!F7)=1,"R"&GanttCalc!G7,"R"&(GanttCalc!F7+1)&"-"&GanttCalc!G7))) | I23: =IF($B$22="","",IF(N(GanttCalc!H7)-N(GanttCalc!G7)<=0,"",IF(N(GanttCalc!H7)-N(GanttCalc!G7)=1,"R"&GanttCalc!H7,"R"&(GanttCalc!G7+1)&"-"&GanttCalc!H7))) | J23: =IF($B$22="","",IF(N(GanttCalc!I7)-N(GanttCalc!H7)<=0,"",IF(N(GanttCalc!I7)-N(GanttCalc!H7)=1,"R"&GanttCalc!I7,"R"&(GanttCalc!H7+1)&"-"&GanttCalc!I7))) | K23: =IF($B$22="","",IF(N(GanttCalc!J7)-N(GanttCalc!I7)<=0,"",IF(N(GanttCalc!J7)-N(GanttCalc!I7)=1,"R"&GanttCalc!J7,"R"&(GanttCalc!I7+1)&"-"&GanttCalc!J7))) | L23: =IF($B$22="","",IF(N(GanttCalc!K7)-N(GanttCalc!J7)<=0,"",IF(N(GanttCalc!K7)-N(GanttCalc!J7)=1,"R"&GanttCalc!K7,"R"&(GanttCalc!J7+1)&"-"&GanttCalc!K7))) | ... BD23: =IF($B$22="","",IF(N(GanttCalc!BC7)-N(GanttCalc!BB7)<=0,"",IF(N(GanttCalc!BC7)-N(GanttCalc!BB7)=1,"R"&GanttCalc!BC7,"R"&(GanttCalc!BB7+1)&"-"&GanttCalc!BC7)))
B24: =IF(Contracts!$A$9="","",IF(Contracts!$I$9="","no kit list","kitted: "&Contracts!$I$9&" / "&Contracts!$F$9)) -> no kit list | C24: =IF(Contracts!$A$9="","","Final build") -> Final build | D24: =IF($B$22="","",SUMPRODUCT(--(E24:BD24<>""))&" wks") -> 6 wks | E24: =IF($B$22="","",IF(N(GanttCalc!C7)-N(GanttCalc!B7)<=0,"",IF(N(GanttCalc!C7)-N(GanttCalc!B7)=1,"R"&GanttCalc!C7,"R"&(GanttCalc!B7+1)&"-"&GanttCalc!C7))) | F24: =IF($B$22="","",IF(N(GanttCalc!D7)-N(GanttCalc!C7)<=0,"",IF(N(GanttCalc!D7)-N(GanttCalc!C7)=1,"R"&GanttCalc!D7,"R"&(GanttCalc!C7+1)&"-"&GanttCalc!D7))) | G24: =IF($B$22="","",IF(N(GanttCalc!E7)-N(GanttCalc!D7)<=0,"",IF(N(GanttCalc!E7)-N(GanttCalc!D7)=1,"R"&GanttCalc!E7,"R"&(GanttCalc!D7+1)&"-"&GanttCalc!E7))) | H24: =IF($B$22="","",IF(N(GanttCalc!F7)-N(GanttCalc!E7)<=0,"",IF(N(GanttCalc!F7)-N(GanttCalc!E7)=1,"R"&GanttCalc!F7,"R"&(GanttCalc!E7+1)&"-"&GanttCalc!F7))) | I24: =IF($B$22="","",IF(N(GanttCalc!G7)-N(GanttCalc!F7)<=0,"",IF(N(GanttCalc!G7)-N(GanttCalc!F7)=1,"R"&GanttCalc!G7,"R"&(GanttCalc!F7+1)&"-"&GanttCalc!G7))) | J24: =IF($B$22="","",IF(N(GanttCalc!H7)-N(GanttCalc!G7)<=0,"",IF(N(GanttCalc!H7)-N(GanttCalc!G7)=1,"R"&GanttCalc!H7,"R"&(GanttCalc!G7+1)&"-"&GanttCalc!H7))) | K24: =IF($B$22="","",IF(N(GanttCalc!I7)-N(GanttCalc!H7)<=0,"",IF(N(GanttCalc!I7)-N(GanttCalc!H7)=1,"R"&GanttCalc!I7,"R"&(GanttCalc!H7+1)&"-"&GanttCalc!I7))) | L24: =IF($B$22="","",IF(N(GanttCalc!J7)-N(GanttCalc!I7)<=0,"",IF(N(GanttCalc!J7)-N(GanttCalc!I7)=1,"R"&GanttCalc!J7,"R"&(GanttCalc!I7+1)&"-"&GanttCalc!J7))) | ... BD24: =IF($B$22="","",IF(N(GanttCalc!BB7)-N(GanttCalc!BA7)<=0,"",IF(N(GanttCalc!BB7)-N(GanttCalc!BA7)=1,"R"&GanttCalc!BB7,"R"&(GanttCalc!BA7+1)&"-"&GanttCalc!BB7)))
